This is pdfTeX, Version 3.141592653-2.6-1.40.25 (MiKTeX 23.4) (preloaded format=pdflatex 2025.1.13)  13 JAN 2025 22:47
entering extended mode
 restricted \write18 enabled.
 %&-line parsing enabled.
**./3_GNNs.tex
(3_GNNs.tex
LaTeX2e <2021-06-01> patch level 1
L3 programming layer <2021-08-27>
! Undefined control sequence.
l.1 \section
            {Redes Neuronales Gr^^c3^^a1ficas}
The control sequence at the end of the top line
of your error message was never \def'ed. If you have
misspelled it (e.g., `\hobx'), type `I' and the correct
spelling (e.g., `I\hbox'). Otherwise just continue,
and I'll forget about whatever was undefined.


! LaTeX Error: Missing \begin{document}.

See the LaTeX manual or LaTeX Companion for explanation.
Type  H <return>  for immediate help.
 ...                                              
                                                  
l.1 \section{R
              edes Neuronales Gr^^c3^^a1ficas}
You're in trouble here.  Try typing  <return>  to proceed.
If that doesn't work, type  X <return>  to quit.

Missing character: There is no R in font nullfont!
Missing character: There is no e in font nullfont!
Missing character: There is no d in font nullfont!
Missing character: There is no e in font nullfont!
Missing character: There is no s in font nullfont!
Missing character: There is no N in font nullfont!
Missing character: There is no e in font nullfont!
Missing character: There is no u in font nullfont!
Missing character: There is no r in font nullfont!
Missing character: There is no o in font nullfont!
Missing character: There is no n in font nullfont!
Missing character: There is no a in font nullfont!
Missing character: There is no l in font nullfont!
Missing character: There is no e in font nullfont!
Missing character: There is no s in font nullfont!
Missing character: There is no G in font nullfont!
Missing character: There is no r in font nullfont!
LaTeX Font Info:    Trying to load font information for +cmr on input line 1.
LaTeX Font Info:    No file cmr.fd. on input line 1.

LaTeX Font Warning: Font shape `/cmr/m/n' undefined
(Font)              using `/cmr/m/n' instead on input line 1.

! Corrupted NFSS tables.
wrong@fontshape ...message {Corrupted NFSS tables}
                                                  error@fontshape else let f...
l.1 \section{Redes Neuronales Gr^^c3^^a1
                                        ficas}
This error message was generated by an \errmessage
command, so I can't give any explicit help.
Pretend that you're Hercule Poirot: Examine all clues,
and deduce the truth by order and method.


LaTeX Font Warning: Font shape `/cmr/m/n' undefined
(Font)              using `OT1/cmr/m/n' instead on input line 1.

Missing character: There is no f in font nullfont!
Missing character: There is no i in font nullfont!
Missing character: There is no c in font nullfont!
Missing character: There is no a in font nullfont!
Missing character: There is no s in font nullfont!
Missing character: There is no E in font nullfont!
Missing character: There is no n in font nullfont!
Missing character: There is no l in font nullfont!
Missing character: There is no a in font nullfont!
Missing character: There is no s in font nullfont!
Missing character: There is no l in font nullfont!
Missing character: There is no t in font nullfont!
Missing character: There is no i in font nullfont!
Missing character: There is no m in font nullfont!
Missing character: There is no a in font nullfont!
Missing character: There is no s in font nullfont!
Missing character: There is no d in font nullfont!
Missing character: There is no c in font nullfont!
Missing character: There is no a in font nullfont!
Missing character: There is no d in font nullfont!
Missing character: There is no a in font nullfont!
Missing character: There is no s in font nullfont!
Missing character: There is no , in font nullfont!
Missing character: There is no l in font nullfont!
Missing character: There is no a in font nullfont!
Missing character: There is no s in font nullfont!
Missing character: There is no r in font nullfont!
Missing character: There is no e in font nullfont!
Missing character: There is no d in font nullfont!
Missing character: There is no e in font nullfont!
Missing character: There is no s in font nullfont!
Missing character: There is no n in font nullfont!
Missing character: There is no e in font nullfont!
Missing character: There is no u in font nullfont!
Missing character: There is no r in font nullfont!
Missing character: There is no o in font nullfont!
Missing character: There is no n in font nullfont!
Missing character: There is no a in font nullfont!
Missing character: There is no l in font nullfont!
Missing character: There is no e in font nullfont!
Missing character: There is no s in font nullfont!
Missing character: There is no h in font nullfont!
Missing character: There is no a in font nullfont!
Missing character: There is no n in font nullfont!
Missing character: There is no e in font nullfont!
Missing character: There is no m in font nullfont!
Missing character: There is no e in font nullfont!
Missing character: There is no r in font nullfont!
Missing character: There is no g in font nullfont!
Missing character: There is no i in font nullfont!
Missing character: There is no d in font nullfont!
Missing character: There is no o in font nullfont!
Missing character: There is no c in font nullfont!
Missing character: There is no o in font nullfont!
Missing character: There is no m in font nullfont!
Missing character: There is no o in font nullfont!
Missing character: There is no u in font nullfont!
Missing character: There is no n in font nullfont!
Missing character: There is no a in font nullfont!
Missing character: There is no h in font nullfont!
Missing character: There is no e in font nullfont!
Missing character: There is no r in font nullfont!
Missing character: There is no r in font nullfont!
Missing character: There is no a in font nullfont!
Missing character: There is no m in font nullfont!
Missing character: There is no i in font nullfont!
Missing character: There is no e in font nullfont!
Missing character: There is no n in font nullfont!
Missing character: There is no t in font nullfont!
Missing character: There is no a in font nullfont!
Missing character: There is no f in font nullfont!
Missing character: There is no u in font nullfont!
Missing character: There is no n in font nullfont!
Missing character: There is no d in font nullfont!
Missing character: There is no a in font nullfont!
Missing character: There is no m in font nullfont!
Missing character: There is no e in font nullfont!
Missing character: There is no n in font nullfont!
Missing character: There is no t in font nullfont!
Missing character: There is no a in font nullfont!
Missing character: There is no l in font nullfont!
Missing character: There is no e in font nullfont!
Missing character: There is no n in font nullfont!
Missing character: There is no e in font nullfont!
Missing character: There is no l in font nullfont!
Missing character: There is no c in font nullfont!
Missing character: There is no a in font nullfont!
Missing character: There is no m in font nullfont!
Missing character: There is no p in font nullfont!
Missing character: There is no o in font nullfont!
Missing character: There is no d in font nullfont!
Missing character: There is no e in font nullfont!
Missing character: There is no l in font nullfont!
Missing character: There is no a in font nullfont!
Missing character: There is no p in font nullfont!
Missing character: There is no r in font nullfont!
Missing character: There is no e in font nullfont!
Missing character: There is no n in font nullfont!
Missing character: There is no d in font nullfont!
Missing character: There is no i in font nullfont!
Missing character: There is no z in font nullfont!
Missing character: There is no a in font nullfont!
Missing character: There is no j in font nullfont!
Missing character: There is no e in font nullfont!
Missing character: There is no a in font nullfont!
Missing character: There is no u in font nullfont!
Missing character: There is no t in font nullfont!
Missing character: There is no o in font nullfont!
Missing character: There is no m in font nullfont!
Missing character: There is no t in font nullfont!
Missing character: There is no i in font nullfont!
Missing character: There is no c in font nullfont!
Missing character: There is no o in font nullfont!
Missing character: There is no y in font nullfont!
Missing character: There is no l in font nullfont!
Missing character: There is no a in font nullfont!
Missing character: There is no i in font nullfont!
Missing character: There is no n in font nullfont!
Missing character: There is no t in font nullfont!
Missing character: There is no e in font nullfont!
Missing character: There is no l in font nullfont!
Missing character: There is no i in font nullfont!
Missing character: There is no g in font nullfont!
Missing character: There is no e in font nullfont!
Missing character: There is no n in font nullfont!
Missing character: There is no c in font nullfont!
Missing character: There is no i in font nullfont!
Missing character: There is no a in font nullfont!
Missing character: There is no a in font nullfont!
Missing character: There is no r in font nullfont!
Missing character: There is no t in font nullfont!
Missing character: There is no i in font nullfont!
Missing character: There is no f in font nullfont!
Missing character: There is no i in font nullfont!
Missing character: There is no c in font nullfont!
Missing character: There is no i in font nullfont!
Missing character: There is no a in font nullfont!
Missing character: There is no l in font nullfont!
Missing character: There is no . in font nullfont!
Missing character: There is no S in font nullfont!
Missing character: There is no u in font nullfont!
Missing character: There is no c in font nullfont!
Missing character: There is no a in font nullfont!
Missing character: There is no p in font nullfont!
Missing character: There is no a in font nullfont!
Missing character: There is no c in font nullfont!
Missing character: There is no i in font nullfont!
Missing character: There is no d in font nullfont!
Missing character: There is no a in font nullfont!
Missing character: There is no d in font nullfont!
Missing character: There is no p in font nullfont!
Missing character: There is no a in font nullfont!
Missing character: There is no r in font nullfont!
Missing character: There is no a in font nullfont!
Missing character: There is no a in font nullfont!
Missing character: There is no p in font nullfont!
Missing character: There is no r in font nullfont!
Missing character: There is no e in font nullfont!
Missing character: There is no n in font nullfont!
Missing character: There is no d in font nullfont!
Missing character: There is no e in font nullfont!
Missing character: There is no r in font nullfont!
Missing character: There is no d in font nullfont!
Missing character: There is no e in font nullfont!
Missing character: There is no g in font nullfont!
Missing character: There is no r in font nullfont!
Missing character: There is no a in font nullfont!
Missing character: There is no n in font nullfont!
Missing character: There is no d in font nullfont!
Missing character: There is no e in font nullfont!
Missing character: There is no s in font nullfont!
Missing character: There is no v in font nullfont!
Missing character: There is no o in font nullfont!
Missing character: There is no l in font nullfont!
Missing character: There is no m in font nullfont!
Missing character: There is no e in font nullfont!
Missing character: There is no n in font nullfont!
Missing character: There is no e in font nullfont!
Missing character: There is no s in font nullfont!
Missing character: There is no d in font nullfont!
Missing character: There is no e in font nullfont!
Missing character: There is no d in font nullfont!
Missing character: There is no a in font nullfont!
Missing character: There is no t in font nullfont!
Missing character: There is no o in font nullfont!
Missing character: There is no s in font nullfont!
Missing character: There is no , in font nullfont!
Missing character: There is no r in font nullfont!
Missing character: There is no e in font nullfont!
Missing character: There is no c in font nullfont!
Missing character: There is no o in font nullfont!
Missing character: There is no n in font nullfont!
Missing character: There is no o in font nullfont!
Missing character: There is no c in font nullfont!
Missing character: There is no e in font nullfont!
Missing character: There is no r in font nullfont!
Missing character: There is no p in font nullfont!
Missing character: There is no a in font nullfont!
Missing character: There is no t in font nullfont!
Missing character: There is no r in font nullfont!
Missing character: There is no o in font nullfont!
Missing character: There is no n in font nullfont!
Missing character: There is no e in font nullfont!
Missing character: There is no s in font nullfont!
Missing character: There is no c in font nullfont!
Missing character: There is no o in font nullfont!
Missing character: There is no m in font nullfont!
Missing character: There is no p in font nullfont!
Missing character: There is no l in font nullfont!
Missing character: There is no e in font nullfont!
Missing character: There is no j in font nullfont!
Missing character: There is no o in font nullfont!
Missing character: There is no s in font nullfont!
Missing character: There is no y in font nullfont!
Missing character: There is no a in font nullfont!
Missing character: There is no d in font nullfont!
Missing character: There is no a in font nullfont!
Missing character: There is no p in font nullfont!
Missing character: There is no t in font nullfont!
Missing character: There is no a in font nullfont!
Missing character: There is no r in font nullfont!
Missing character: There is no s in font nullfont!
Missing character: There is no e in font nullfont!
Missing character: There is no a in font nullfont!
Missing character: There is no d in font nullfont!
Missing character: There is no i in font nullfont!
Missing character: There is no s in font nullfont!
Missing character: There is no t in font nullfont!
Missing character: There is no i in font nullfont!
Missing character: There is no n in font nullfont!
Missing character: There is no t in font nullfont!
Missing character: There is no o in font nullfont!
Missing character: There is no s in font nullfont!
Missing character: There is no e in font nullfont!
Missing character: There is no n in font nullfont!
Missing character: There is no t in font nullfont!
Missing character: There is no o in font nullfont!
Missing character: There is no r in font nullfont!
Missing character: There is no n in font nullfont!
Missing character: There is no o in font nullfont!
Missing character: There is no s in font nullfont!
Missing character: There is no h in font nullfont!
Missing character: There is no a in font nullfont!
Missing character: There is no s in font nullfont!
Missing character: There is no i in font nullfont!
Missing character: There is no d in font nullfont!
Missing character: There is no o in font nullfont!
Missing character: There is no c in font nullfont!
Missing character: There is no l in font nullfont!
Missing character: There is no a in font nullfont!
Missing character: There is no v in font nullfont!
Missing character: There is no e in font nullfont!
Missing character: There is no p in font nullfont!
Missing character: There is no a in font nullfont!
Missing character: There is no r in font nullfont!
Missing character: There is no a in font nullfont!
Missing character: There is no s in font nullfont!
Missing character: There is no u in font nullfont!
Missing character: There is no p in font nullfont!
Missing character: There is no o in font nullfont!
Missing character: There is no p in font nullfont!
Missing character: There is no u in font nullfont!
Missing character: There is no l in font nullfont!
Missing character: There is no a in font nullfont!
Missing character: There is no r in font nullfont!
Missing character: There is no i in font nullfont!
Missing character: There is no d in font nullfont!
Missing character: There is no a in font nullfont!
Missing character: There is no d in font nullfont!
Missing character: There is no y in font nullfont!
Missing character: There is no a in font nullfont!
Missing character: There is no d in font nullfont!
Missing character: There is no o in font nullfont!
Missing character: There is no p in font nullfont!
Missing character: There is no c in font nullfont!
Missing character: There is no i in font nullfont!
Missing character: There is no n in font nullfont!
Missing character: There is no e in font nullfont!
Missing character: There is no n in font nullfont!
Missing character: There is no u in font nullfont!
Missing character: There is no n in font nullfont!
Missing character: There is no a in font nullfont!
Missing character: There is no a in font nullfont!
Missing character: There is no m in font nullfont!
Missing character: There is no p in font nullfont!
Missing character: There is no l in font nullfont!
Missing character: There is no i in font nullfont!
Missing character: There is no a in font nullfont!
Missing character: There is no g in font nullfont!
Missing character: There is no a in font nullfont!
Missing character: There is no m in font nullfont!
Missing character: There is no a in font nullfont!
Missing character: There is no d in font nullfont!
Missing character: There is no e in font nullfont!
Missing character: There is no t in font nullfont!
Missing character: There is no a in font nullfont!
Missing character: There is no r in font nullfont!
Missing character: There is no e in font nullfont!
Missing character: There is no a in font nullfont!
Missing character: There is no s in font nullfont!
Missing character: There is no . in font nullfont!
Missing character: There is no E in font nullfont!
Missing character: There is no s in font nullfont!
Missing character: There is no t in font nullfont!
Missing character: There is no a in font nullfont!
Missing character: There is no s in font nullfont!
Missing character: There is no a in font nullfont!
Missing character: There is no p in font nullfont!
Missing character: There is no l in font nullfont!
Missing character: There is no i in font nullfont!
Missing character: There is no c in font nullfont!
Missing character: There is no a in font nullfont!
Missing character: There is no c in font nullfont!
Missing character: There is no i in font nullfont!
Missing character: There is no o in font nullfont!
Missing character: There is no n in font nullfont!
Missing character: There is no e in font nullfont!
Missing character: There is no s in font nullfont!
Missing character: There is no a in font nullfont!
Missing character: There is no b in font nullfont!
Missing character: There is no a in font nullfont!
Missing character: There is no r in font nullfont!
Missing character: There is no c in font nullfont!
Missing character: There is no a in font nullfont!
Missing character: There is no n in font nullfont!
Missing character: There is no d in font nullfont!
Missing character: There is no e in font nullfont!
Missing character: There is no s in font nullfont!
Missing character: There is no d in font nullfont!
Missing character: There is no e in font nullfont!
Missing character: There is no e in font nullfont!
Missing character: There is no l in font nullfont!
Missing character: There is no p in font nullfont!
Missing character: There is no r in font nullfont!
Missing character: There is no o in font nullfont!
Missing character: There is no c in font nullfont!
Missing character: There is no e in font nullfont!
Missing character: There is no s in font nullfont!
Missing character: There is no a in font nullfont!
Missing character: There is no m in font nullfont!
Missing character: There is no i in font nullfont!
Missing character: There is no e in font nullfont!
Missing character: There is no n in font nullfont!
Missing character: There is no t in font nullfont!
Missing character: There is no o in font nullfont!
Missing character: There is no d in font nullfont!
Missing character: There is no e in font nullfont!
Missing character: There is no l in font nullfont!
Missing character: There is no l in font nullfont!
Missing character: There is no e in font nullfont!
Missing character: There is no n in font nullfont!
Missing character: There is no g in font nullfont!
Missing character: There is no u in font nullfont!
Missing character: There is no a in font nullfont!
Missing character: There is no j in font nullfont!
Missing character: There is no e in font nullfont!
Missing character: There is no n in font nullfont!
Missing character: There is no a in font nullfont!
Missing character: There is no t in font nullfont!
Missing character: There is no u in font nullfont!
Missing character: There is no r in font nullfont!
Missing character: There is no a in font nullfont!
Missing character: There is no l in font nullfont!
Missing character: There is no y in font nullfont!
Missing character: There is no l in font nullfont!
Missing character: There is no a in font nullfont!
Missing character: There is no v in font nullfont!
Missing character: There is no i in font nullfont!
Missing character: There is no s in font nullfont!
Missing character: There is no i in font nullfont!
Missing character: There is no n in font nullfont!
Missing character: There is no p in font nullfont!
Missing character: There is no o in font nullfont!
Missing character: There is no r in font nullfont!
Missing character: There is no c in font nullfont!
Missing character: There is no o in font nullfont!
Missing character: There is no m in font nullfont!
Missing character: There is no p in font nullfont!
Missing character: There is no u in font nullfont!
Missing character: There is no t in font nullfont!
Missing character: There is no a in font nullfont!
Missing character: There is no d in font nullfont!
Missing character: There is no o in font nullfont!
Missing character: There is no r in font nullfont!
Missing character: There is no a in font nullfont!
Missing character: There is no h in font nullfont!
Missing character: There is no a in font nullfont!
Missing character: There is no s in font nullfont!
Missing character: There is no t in font nullfont!
Missing character: There is no a in font nullfont!
Missing character: There is no l in font nullfont!
Missing character: There is no a in font nullfont!
Missing character: There is no p in font nullfont!
Missing character: There is no r in font nullfont!
Missing character: There is no e in font nullfont!
Missing character: There is no d in font nullfont!
Missing character: There is no i in font nullfont!
Missing character: There is no c in font nullfont!
Missing character: There is no c in font nullfont!
Missing character: There is no i in font nullfont!
Missing character: There is no n in font nullfont!
Missing character: There is no d in font nullfont!
Missing character: There is no e in font nullfont!
Missing character: There is no s in font nullfont!
Missing character: There is no e in font nullfont!
Missing character: There is no r in font nullfont!
Missing character: There is no i in font nullfont!
Missing character: There is no e in font nullfont!
Missing character: There is no s in font nullfont!
Missing character: There is no t in font nullfont!
Missing character: There is no e in font nullfont!
Missing character: There is no m in font nullfont!
Missing character: There is no p in font nullfont!
Missing character: There is no o in font nullfont!
Missing character: There is no r in font nullfont!
Missing character: There is no a in font nullfont!
Missing character: There is no l in font nullfont!
Missing character: There is no e in font nullfont!
Missing character: There is no s in font nullfont!
Missing character: There is no y in font nullfont!
Missing character: There is no l in font nullfont!
Missing character: There is no a in font nullfont!
Missing character: There is no t in font nullfont!
Missing character: There is no o in font nullfont!
Missing character: There is no m in font nullfont!
Missing character: There is no a in font nullfont!
Missing character: There is no d in font nullfont!
Missing character: There is no e in font nullfont!
Missing character: There is no d in font nullfont!
Missing character: There is no e in font nullfont!
Missing character: There is no c in font nullfont!
Missing character: There is no i in font nullfont!
Missing character: There is no s in font nullfont!
Missing character: There is no i in font nullfont!
Missing character: There is no o in font nullfont!
Missing character: There is no n in font nullfont!
Missing character: There is no e in font nullfont!
Missing character: There is no s in font nullfont!
Missing character: There is no , in font nullfont!
Missing character: There is no c in font nullfont!
Missing character: There is no o in font nullfont!
Missing character: There is no n in font nullfont!
Missing character: There is no s in font nullfont!
Missing character: There is no o in font nullfont!
Missing character: There is no l in font nullfont!
Missing character: There is no i in font nullfont!
Missing character: There is no d in font nullfont!
Missing character: There is no a in font nullfont!
Missing character: There is no n in font nullfont!
Missing character: There is no d in font nullfont!
Missing character: There is no o in font nullfont!
Missing character: There is no a in font nullfont!
Missing character: There is no l in font nullfont!
Missing character: There is no a in font nullfont!
Missing character: There is no s in font nullfont!
Missing character: There is no r in font nullfont!
Missing character: There is no e in font nullfont!
Missing character: There is no d in font nullfont!
Missing character: There is no e in font nullfont!
Missing character: There is no s in font nullfont!
Missing character: There is no n in font nullfont!
Missing character: There is no e in font nullfont!
Missing character: There is no u in font nullfont!
Missing character: There is no r in font nullfont!
Missing character: There is no o in font nullfont!
Missing character: There is no n in font nullfont!
Missing character: There is no a in font nullfont!
Missing character: There is no l in font nullfont!
Missing character: There is no e in font nullfont!
Missing character: There is no s in font nullfont!
Missing character: There is no c in font nullfont!
Missing character: There is no o in font nullfont!
Missing character: There is no m in font nullfont!
Missing character: There is no o in font nullfont!
Missing character: There is no u in font nullfont!
Missing character: There is no n in font nullfont!
Missing character: There is no a in font nullfont!
Missing character: There is no t in font nullfont!
Missing character: There is no e in font nullfont!
Missing character: There is no c in font nullfont!
Missing character: There is no n in font nullfont!
Missing character: There is no o in font nullfont!
Missing character: There is no l in font nullfont!
Missing character: There is no o in font nullfont!
Missing character: There is no g in font nullfont!
Missing character: There is no a in font nullfont!
Missing character: There is no e in font nullfont!
Missing character: There is no s in font nullfont!
Missing character: There is no e in font nullfont!
Missing character: There is no n in font nullfont!
Missing character: There is no c in font nullfont!
Missing character: There is no i in font nullfont!
Missing character: There is no a in font nullfont!
Missing character: There is no l in font nullfont!
Missing character: There is no e in font nullfont!
Missing character: There is no n in font nullfont!
Missing character: There is no d in font nullfont!
Missing character: There is no e in font nullfont!
Missing character: There is no s in font nullfont!
Missing character: There is no a in font nullfont!
Missing character: There is no r in font nullfont!
Missing character: There is no r in font nullfont!
Missing character: There is no o in font nullfont!
Missing character: There is no l in font nullfont!
Missing character: There is no l in font nullfont!
Missing character: There is no o in font nullfont!
Missing character: There is no s in font nullfont!
Missing character: There is no t in font nullfont!
Missing character: There is no a in font nullfont!
Missing character: There is no n in font nullfont!
Missing character: There is no d in font nullfont!
Missing character: There is no i in font nullfont!
Missing character: There is no v in font nullfont!
Missing character: There is no e in font nullfont!
Missing character: There is no r in font nullfont!
Missing character: There is no s in font nullfont!
Missing character: There is no o in font nullfont!
Missing character: There is no s in font nullfont!
Missing character: There is no c in font nullfont!
Missing character: There is no o in font nullfont!
Missing character: There is no m in font nullfont!
Missing character: There is no o in font nullfont!
Missing character: There is no l in font nullfont!
Missing character: There is no o in font nullfont!
Missing character: There is no s in font nullfont!
Missing character: There is no s in font nullfont!
Missing character: There is no i in font nullfont!
Missing character: There is no s in font nullfont!
Missing character: There is no t in font nullfont!
Missing character: There is no e in font nullfont!
Missing character: There is no m in font nullfont!
Missing character: There is no a in font nullfont!
Missing character: There is no s in font nullfont!
Missing character: There is no d in font nullfont!
Missing character: There is no e in font nullfont!
Missing character: There is no r in font nullfont!
Missing character: There is no e in font nullfont!
Missing character: There is no c in font nullfont!
Missing character: There is no o in font nullfont!
Missing character: There is no m in font nullfont!
Missing character: There is no e in font nullfont!
Missing character: There is no n in font nullfont!
Missing character: There is no d in font nullfont!
Missing character: There is no a in font nullfont!
Missing character: There is no c in font nullfont!
Missing character: There is no i in font nullfont!
Missing character: There is no n in font nullfont!
Missing character: There is no y in font nullfont!
Missing character: There is no l in font nullfont!
Missing character: There is no a in font nullfont!
Missing character: There is no c in font nullfont!
Missing character: There is no o in font nullfont!
Missing character: There is no n in font nullfont!
Missing character: There is no d in font nullfont!
Missing character: There is no u in font nullfont!
Missing character: There is no c in font nullfont!
Missing character: There is no c in font nullfont!
Missing character: There is no i in font nullfont!
Missing character: There is no n in font nullfont!
Missing character: There is no a in font nullfont!
Missing character: There is no u in font nullfont!
Missing character: There is no t in font nullfont!
Missing character: There is no n in font nullfont!
Missing character: There is no o in font nullfont!
Missing character: There is no m in font nullfont!
Missing character: There is no a in font nullfont!
Missing character: There is no . in font nullfont!

Overfull \hbox (20.0pt too wide) in paragraph at lines 1--3
[]
 []


Overfull \hbox (10.00003pt too wide) in paragraph at lines 1--3
\/cmr/m/n/10 ^^Sa
 []


Overfull \hbox (5.55557pt too wide) in paragraph at lines 1--3
\/cmr/m/n/10 ^^Su
 []


Overfull \hbox (4.44444pt too wide) in paragraph at lines 1--3
\/cmr/m/n/10 ^^Se
 []


Overfull \hbox (5.00002pt too wide) in paragraph at lines 1--3
\/cmr/m/n/10 ^^Sa
 []


Overfull \hbox (5.55557pt too wide) in paragraph at lines 1--3
\/cmr/m/n/10 ^^Su
 []


Overfull \hbox (5.00002pt too wide) in paragraph at lines 1--3
\/cmr/m/n/10 ^^So
 []


Overfull \hbox (5.00002pt too wide) in paragraph at lines 1--3
\/cmr/m/n/10 ^^So
 []


Overfull \hbox (5.00002pt too wide) in paragraph at lines 1--3
\/cmr/m/n/10 ^^So
 []


Overfull \hbox (2.77779pt too wide) in paragraph at lines 1--3
\/cmr/m/n/10 ^^S^^P
 []


Overfull \hbox (5.00002pt too wide) in paragraph at lines 1--3
\/cmr/m/n/10 ^^So
 []


Overfull \hbox (5.00002pt too wide) in paragraph at lines 1--3
\/cmr/m/n/10 ^^So
 []


Overfull \hbox (5.00002pt too wide) in paragraph at lines 1--3
\/cmr/m/n/10 ^^So 
 []


! LaTeX Error: Missing \begin{document}.

See the LaTeX manual or LaTeX Companion for explanation.
Type  H <return>  for immediate help.
 ...                                              
                                                  
l.4 A
     unque la literatura actual ha abordado ampliamente las redes neuronales...

You're in trouble here.  Try typing  <return>  to proceed.
If that doesn't work, type  X <return>  to quit.

Missing character: There is no A in font nullfont!
Missing character: There is no u in font nullfont!
Missing character: There is no n in font nullfont!
Missing character: There is no q in font nullfont!
Missing character: There is no u in font nullfont!
Missing character: There is no e in font nullfont!
Missing character: There is no l in font nullfont!
Missing character: There is no a in font nullfont!
Missing character: There is no l in font nullfont!
Missing character: There is no i in font nullfont!
Missing character: There is no t in font nullfont!
Missing character: There is no e in font nullfont!
Missing character: There is no r in font nullfont!
Missing character: There is no a in font nullfont!
Missing character: There is no t in font nullfont!
Missing character: There is no u in font nullfont!
Missing character: There is no r in font nullfont!
Missing character: There is no a in font nullfont!
Missing character: There is no a in font nullfont!
Missing character: There is no c in font nullfont!
Missing character: There is no t in font nullfont!
Missing character: There is no u in font nullfont!
Missing character: There is no a in font nullfont!
Missing character: There is no l in font nullfont!
Missing character: There is no h in font nullfont!
Missing character: There is no a in font nullfont!
Missing character: There is no a in font nullfont!
Missing character: There is no b in font nullfont!
Missing character: There is no o in font nullfont!
Missing character: There is no r in font nullfont!
Missing character: There is no d in font nullfont!
Missing character: There is no a in font nullfont!
Missing character: There is no d in font nullfont!
Missing character: There is no o in font nullfont!
Missing character: There is no a in font nullfont!
Missing character: There is no m in font nullfont!
Missing character: There is no p in font nullfont!
Missing character: There is no l in font nullfont!
Missing character: There is no i in font nullfont!
Missing character: There is no a in font nullfont!
Missing character: There is no m in font nullfont!
Missing character: There is no e in font nullfont!
Missing character: There is no n in font nullfont!
Missing character: There is no t in font nullfont!
Missing character: There is no e in font nullfont!
Missing character: There is no l in font nullfont!
Missing character: There is no a in font nullfont!
Missing character: There is no s in font nullfont!
Missing character: There is no r in font nullfont!
Missing character: There is no e in font nullfont!
Missing character: There is no d in font nullfont!
Missing character: There is no e in font nullfont!
Missing character: There is no s in font nullfont!
Missing character: There is no n in font nullfont!
Missing character: There is no e in font nullfont!
Missing character: There is no u in font nullfont!
Missing character: There is no r in font nullfont!
Missing character: There is no o in font nullfont!
Missing character: There is no n in font nullfont!
Missing character: There is no a in font nullfont!
Missing character: There is no l in font nullfont!
Missing character: There is no e in font nullfont!
Missing character: There is no s in font nullfont!
Missing character: There is no c in font nullfont!
Missing character: There is no o in font nullfont!
Missing character: There is no n in font nullfont!
Missing character: There is no v in font nullfont!
Missing character: There is no e in font nullfont!
Missing character: There is no n in font nullfont!
Missing character: There is no c in font nullfont!
Missing character: There is no i in font nullfont!
Missing character: There is no o in font nullfont!
Missing character: There is no n in font nullfont!
Missing character: There is no a in font nullfont!
Missing character: There is no l in font nullfont!
Missing character: There is no e in font nullfont!
Missing character: There is no s in font nullfont!
Missing character: There is no , in font nullfont!
Missing character: There is no l in font nullfont!
Missing character: There is no a in font nullfont!
Missing character: There is no c in font nullfont!
Missing character: There is no r in font nullfont!
Missing character: There is no e in font nullfont!
Missing character: There is no c in font nullfont!
Missing character: There is no i in font nullfont!
Missing character: There is no e in font nullfont!
Missing character: There is no n in font nullfont!
Missing character: There is no t in font nullfont!
Missing character: There is no e in font nullfont!
Missing character: There is no d in font nullfont!
Missing character: There is no e in font nullfont!
Missing character: There is no m in font nullfont!
Missing character: There is no a in font nullfont!
Missing character: There is no n in font nullfont!
Missing character: There is no d in font nullfont!
Missing character: There is no a in font nullfont!
Missing character: There is no d in font nullfont!
Missing character: There is no e in font nullfont!
Missing character: There is no r in font nullfont!
Missing character: There is no e in font nullfont!
Missing character: There is no s in font nullfont!
Missing character: There is no o in font nullfont!
Missing character: There is no l in font nullfont!
Missing character: There is no v in font nullfont!
Missing character: There is no e in font nullfont!
Missing character: There is no r in font nullfont!
Missing character: There is no p in font nullfont!
Missing character: There is no r in font nullfont!
Missing character: There is no o in font nullfont!
Missing character: There is no b in font nullfont!
Missing character: There is no l in font nullfont!
Missing character: There is no e in font nullfont!
Missing character: There is no m in font nullfont!
Missing character: There is no a in font nullfont!
Missing character: There is no s in font nullfont!
Missing character: There is no m in font nullfont!
Missing character: There is no s in font nullfont!
Missing character: There is no c in font nullfont!
Missing character: There is no o in font nullfont!
Missing character: There is no m in font nullfont!
Missing character: There is no p in font nullfont!
Missing character: There is no l in font nullfont!
Missing character: There is no e in font nullfont!
Missing character: There is no j in font nullfont!
Missing character: There is no o in font nullfont!
Missing character: There is no s in font nullfont!
Missing character: There is no h in font nullfont!
Missing character: There is no a in font nullfont!
Missing character: There is no i in font nullfont!
Missing character: There is no m in font nullfont!
Missing character: There is no p in font nullfont!
Missing character: There is no u in font nullfont!
Missing character: There is no l in font nullfont!
Missing character: There is no s in font nullfont!
Missing character: There is no a in font nullfont!
Missing character: There is no d in font nullfont!
Missing character: There is no o in font nullfont!
Missing character: There is no l in font nullfont!
Missing character: There is no a in font nullfont!
Missing character: There is no e in font nullfont!
Missing character: There is no v in font nullfont!
Missing character: There is no o in font nullfont!
Missing character: There is no l in font nullfont!
Missing character: There is no u in font nullfont!
Missing character: There is no c in font nullfont!
Missing character: There is no i in font nullfont!
Missing character: There is no n in font nullfont!
Missing character: There is no h in font nullfont!
Missing character: There is no a in font nullfont!
Missing character: There is no c in font nullfont!
Missing character: There is no i in font nullfont!
Missing character: There is no a in font nullfont!
Missing character: There is no a in font nullfont!
Missing character: There is no r in font nullfont!
Missing character: There is no q in font nullfont!
Missing character: There is no u in font nullfont!
Missing character: There is no i in font nullfont!
Missing character: There is no t in font nullfont!
Missing character: There is no e in font nullfont!
Missing character: There is no c in font nullfont!
Missing character: There is no t in font nullfont!
Missing character: There is no u in font nullfont!
Missing character: There is no r in font nullfont!
Missing character: There is no a in font nullfont!
Missing character: There is no s in font nullfont!
Missing character: There is no m in font nullfont!
Missing character: There is no s in font nullfont!
Missing character: There is no e in font nullfont!
Missing character: There is no s in font nullfont!
Missing character: There is no p in font nullfont!
Missing character: There is no e in font nullfont!
Missing character: There is no c in font nullfont!
Missing character: There is no i in font nullfont!
Missing character: There is no a in font nullfont!
Missing character: There is no l in font nullfont!
Missing character: There is no i in font nullfont!
Missing character: There is no z in font nullfont!
Missing character: There is no a in font nullfont!
Missing character: There is no d in font nullfont!
Missing character: There is no a in font nullfont!
Missing character: There is no s in font nullfont!
Missing character: There is no . in font nullfont!
Missing character: There is no E in font nullfont!
Missing character: There is no n in font nullfont!
Missing character: There is no t in font nullfont!
Missing character: There is no r in font nullfont!
Missing character: There is no e in font nullfont!
Missing character: There is no e in font nullfont!
Missing character: There is no s in font nullfont!
Missing character: There is no t in font nullfont!
Missing character: There is no a in font nullfont!
Missing character: There is no s in font nullfont!
Missing character: There is no , in font nullfont!
Missing character: There is no l in font nullfont!
Missing character: There is no a in font nullfont!
Missing character: There is no s in font nullfont!
Missing character: There is no R in font nullfont!
Missing character: There is no e in font nullfont!
Missing character: There is no d in font nullfont!
Missing character: There is no e in font nullfont!
Missing character: There is no s in font nullfont!
Missing character: There is no N in font nullfont!
Missing character: There is no e in font nullfont!
Missing character: There is no u in font nullfont!
Missing character: There is no r in font nullfont!
Missing character: There is no o in font nullfont!
Missing character: There is no n in font nullfont!
Missing character: There is no a in font nullfont!
Missing character: There is no l in font nullfont!
Missing character: There is no e in font nullfont!
Missing character: There is no s in font nullfont!
Missing character: There is no G in font nullfont!
Missing character: There is no r in font nullfont!
Missing character: There is no f in font nullfont!
Missing character: There is no i in font nullfont!
Missing character: There is no c in font nullfont!
Missing character: There is no a in font nullfont!
Missing character: There is no s in font nullfont!
Missing character: There is no ( in font nullfont!
Missing character: There is no G in font nullfont!
Missing character: There is no r in font nullfont!
Missing character: There is no a in font nullfont!
Missing character: There is no p in font nullfont!
Missing character: There is no h in font nullfont!
Missing character: There is no N in font nullfont!
Missing character: There is no e in font nullfont!
Missing character: There is no u in font nullfont!
Missing character: There is no r in font nullfont!
Missing character: There is no a in font nullfont!
Missing character: There is no l in font nullfont!
Missing character: There is no N in font nullfont!
Missing character: There is no e in font nullfont!
Missing character: There is no t in font nullfont!
Missing character: There is no w in font nullfont!
Missing character: There is no o in font nullfont!
Missing character: There is no r in font nullfont!
Missing character: There is no k in font nullfont!
Missing character: There is no s in font nullfont!
Missing character: There is no o in font nullfont!
Missing character: There is no G in font nullfont!
Missing character: There is no N in font nullfont!
Missing character: There is no N in font nullfont!
Missing character: There is no ) in font nullfont!
Missing character: There is no s in font nullfont!
Missing character: There is no e in font nullfont!
Missing character: There is no h in font nullfont!
Missing character: There is no a in font nullfont!
Missing character: There is no n in font nullfont!
Missing character: There is no d in font nullfont!
Missing character: There is no e in font nullfont!
Missing character: There is no s in font nullfont!
Missing character: There is no t in font nullfont!
Missing character: There is no a in font nullfont!
Missing character: There is no c in font nullfont!
Missing character: There is no a in font nullfont!
Missing character: There is no d in font nullfont!
Missing character: There is no o in font nullfont!
Missing character: There is no p in font nullfont!
Missing character: There is no o in font nullfont!
Missing character: There is no r in font nullfont!
Missing character: There is no s in font nullfont!
Missing character: There is no u in font nullfont!
Missing character: There is no c in font nullfont!
Missing character: There is no a in font nullfont!
Missing character: There is no p in font nullfont!
Missing character: There is no a in font nullfont!
Missing character: There is no c in font nullfont!
Missing character: There is no i in font nullfont!
Missing character: There is no d in font nullfont!
Missing character: There is no a in font nullfont!
Missing character: There is no d in font nullfont!
Missing character: There is no p in font nullfont!
Missing character: There is no a in font nullfont!
Missing character: There is no r in font nullfont!
Missing character: There is no a in font nullfont!
Missing character: There is no t in font nullfont!
Missing character: There is no r in font nullfont!
Missing character: There is no a in font nullfont!
Missing character: There is no b in font nullfont!
Missing character: There is no a in font nullfont!
Missing character: There is no j in font nullfont!
Missing character: There is no a in font nullfont!
Missing character: There is no r in font nullfont!
Missing character: There is no c in font nullfont!
Missing character: There is no o in font nullfont!
Missing character: There is no n in font nullfont!
Missing character: There is no d in font nullfont!
Missing character: There is no a in font nullfont!
Missing character: There is no t in font nullfont!
Missing character: There is no o in font nullfont!
Missing character: There is no s in font nullfont!
Missing character: There is no e in font nullfont!
Missing character: There is no s in font nullfont!
Missing character: There is no t in font nullfont!
Missing character: There is no r in font nullfont!
Missing character: There is no u in font nullfont!
Missing character: There is no c in font nullfont!
Missing character: There is no t in font nullfont!
Missing character: There is no u in font nullfont!
Missing character: There is no r in font nullfont!
Missing character: There is no a in font nullfont!
Missing character: There is no d in font nullfont!
Missing character: There is no o in font nullfont!
Missing character: There is no s in font nullfont!
Missing character: There is no e in font nullfont!
Missing character: There is no n in font nullfont!
Missing character: There is no f in font nullfont!
Missing character: There is no o in font nullfont!
Missing character: There is no r in font nullfont!
Missing character: There is no m in font nullfont!
Missing character: There is no a in font nullfont!
Missing character: There is no d in font nullfont!
Missing character: There is no e in font nullfont!
Missing character: There is no g in font nullfont!
Missing character: There is no r in font nullfont!
Missing character: There is no f in font nullfont!
Missing character: There is no i in font nullfont!
Missing character: There is no c in font nullfont!
Missing character: There is no a in font nullfont!
Missing character: There is no s in font nullfont!
Missing character: There is no , in font nullfont!
Missing character: There is no l in font nullfont!
Missing character: There is no o in font nullfont!
Missing character: There is no q in font nullfont!
Missing character: There is no u in font nullfont!
Missing character: There is no e in font nullfont!
Missing character: There is no l in font nullfont!
Missing character: There is no a in font nullfont!
Missing character: There is no s in font nullfont!
Missing character: There is no h in font nullfont!
Missing character: There is no a in font nullfont!
Missing character: There is no c in font nullfont!
Missing character: There is no e in font nullfont!
Missing character: There is no e in font nullfont!
Missing character: There is no s in font nullfont!
Missing character: There is no p in font nullfont!
Missing character: There is no e in font nullfont!
Missing character: There is no c in font nullfont!
Missing character: There is no i in font nullfont!
Missing character: There is no a in font nullfont!
Missing character: There is no l in font nullfont!
Missing character: There is no m in font nullfont!
Missing character: There is no e in font nullfont!
Missing character: There is no n in font nullfont!
Missing character: There is no t in font nullfont!
Missing character: There is no e in font nullfont!
Missing character: There is no t in font nullfont!
Missing character: There is no i in font nullfont!
Missing character: There is no l in font nullfont!
Missing character: There is no e in font nullfont!
Missing character: There is no s in font nullfont!
Missing character: There is no p in font nullfont!
Missing character: There is no a in font nullfont!
Missing character: There is no r in font nullfont!
Missing character: There is no a in font nullfont!
Missing character: There is no e in font nullfont!
Missing character: There is no l in font nullfont!
Missing character: There is no o in font nullfont!
Missing character: There is no b in font nullfont!
Missing character: There is no j in font nullfont!
Missing character: There is no e in font nullfont!
Missing character: There is no t in font nullfont!
Missing character: There is no i in font nullfont!
Missing character: There is no v in font nullfont!
Missing character: There is no o in font nullfont!
Missing character: There is no d in font nullfont!
Missing character: There is no e in font nullfont!
Missing character: There is no e in font nullfont!
Missing character: There is no s in font nullfont!
Missing character: There is no t in font nullfont!
Missing character: There is no e in font nullfont!
Missing character: There is no t in font nullfont!
Missing character: There is no r in font nullfont!
Missing character: There is no a in font nullfont!
Missing character: There is no b in font nullfont!
Missing character: There is no a in font nullfont!
Missing character: There is no j in font nullfont!
Missing character: There is no o in font nullfont!
Missing character: There is no . in font nullfont!

Overfull \hbox (20.0pt too wide) in paragraph at lines 4--5
[]
 []


Overfull \hbox (5.00002pt too wide) in paragraph at lines 4--5
\/cmr/m/n/10 ^^Sa
 []


Overfull \hbox (5.00002pt too wide) in paragraph at lines 4--5
\/cmr/m/n/10 ^^So
 []


Overfull \hbox (5.00002pt too wide) in paragraph at lines 4--5
\/cmr/m/n/10 ^^Sa
 []


Overfull \hbox (5.00002pt too wide) in paragraph at lines 4--5
\/cmr/m/n/10 ^^Sa
 []


Overfull \hbox (5.00002pt too wide) in paragraph at lines 4--5
\/cmr/m/n/10 ^^Sa
 []


Overfull \hbox (5.55557pt too wide) in paragraph at lines 4--5
\/cmr/m/n/10 ^^Su
 []


! LaTeX Error: Missing \begin{document}.

See the LaTeX manual or LaTeX Companion for explanation.
Type  H <return>  for immediate help.
 ...                                              
                                                  
l.6 E
     ste cap^^c3^^adtulo ofrecer^^c3^^a1 una introducci^^c3^^b3n formal a la...

You're in trouble here.  Try typing  <return>  to proceed.
If that doesn't work, type  X <return>  to quit.

Missing character: There is no E in font nullfont!
Missing character: There is no s in font nullfont!
Missing character: There is no t in font nullfont!
Missing character: There is no e in font nullfont!
Missing character: There is no c in font nullfont!
Missing character: There is no a in font nullfont!
Missing character: There is no p in font nullfont!
Missing character: There is no t in font nullfont!
Missing character: There is no u in font nullfont!
Missing character: There is no l in font nullfont!
Missing character: There is no o in font nullfont!
Missing character: There is no o in font nullfont!
Missing character: There is no f in font nullfont!
Missing character: There is no r in font nullfont!
Missing character: There is no e in font nullfont!
Missing character: There is no c in font nullfont!
Missing character: There is no e in font nullfont!
Missing character: There is no r in font nullfont!
Missing character: There is no u in font nullfont!
Missing character: There is no n in font nullfont!
Missing character: There is no a in font nullfont!
Missing character: There is no i in font nullfont!
Missing character: There is no n in font nullfont!
Missing character: There is no t in font nullfont!
Missing character: There is no r in font nullfont!
Missing character: There is no o in font nullfont!
Missing character: There is no d in font nullfont!
Missing character: There is no u in font nullfont!
Missing character: There is no c in font nullfont!
Missing character: There is no c in font nullfont!
Missing character: There is no i in font nullfont!
Missing character: There is no n in font nullfont!
Missing character: There is no f in font nullfont!
Missing character: There is no o in font nullfont!
Missing character: There is no r in font nullfont!
Missing character: There is no m in font nullfont!
Missing character: There is no a in font nullfont!
Missing character: There is no l in font nullfont!
Missing character: There is no a in font nullfont!
Missing character: There is no l in font nullfont!
Missing character: There is no a in font nullfont!
Missing character: There is no s in font nullfont!
Missing character: There is no r in font nullfont!
Missing character: There is no e in font nullfont!
Missing character: There is no d in font nullfont!
Missing character: There is no e in font nullfont!
Missing character: There is no s in font nullfont!
Missing character: There is no n in font nullfont!
Missing character: There is no e in font nullfont!
Missing character: There is no u in font nullfont!
Missing character: There is no r in font nullfont!
Missing character: There is no o in font nullfont!
Missing character: There is no n in font nullfont!
Missing character: There is no a in font nullfont!
Missing character: There is no l in font nullfont!
Missing character: There is no e in font nullfont!
Missing character: There is no s in font nullfont!
Missing character: There is no g in font nullfont!
Missing character: There is no r in font nullfont!
Missing character: There is no f in font nullfont!
Missing character: There is no i in font nullfont!
Missing character: There is no c in font nullfont!
Missing character: There is no a in font nullfont!
Missing character: There is no s in font nullfont!
Missing character: There is no y in font nullfont!
Missing character: There is no e in font nullfont!
Missing character: There is no x in font nullfont!
Missing character: There is no p in font nullfont!
Missing character: There is no l in font nullfont!
Missing character: There is no o in font nullfont!
Missing character: There is no r in font nullfont!
Missing character: There is no a in font nullfont!
Missing character: There is no r in font nullfont!
Missing character: There is no l in font nullfont!
Missing character: There is no a in font nullfont!
Missing character: There is no n in font nullfont!
Missing character: There is no e in font nullfont!
Missing character: There is no c in font nullfont!
Missing character: There is no e in font nullfont!
Missing character: There is no s in font nullfont!
Missing character: There is no i in font nullfont!
Missing character: There is no d in font nullfont!
Missing character: There is no a in font nullfont!
Missing character: There is no d in font nullfont!
Missing character: There is no d in font nullfont!
Missing character: There is no e in font nullfont!
Missing character: There is no a in font nullfont!
Missing character: There is no d in font nullfont!
Missing character: There is no o in font nullfont!
Missing character: There is no p in font nullfont!
Missing character: There is no t in font nullfont!
Missing character: There is no a in font nullfont!
Missing character: There is no r in font nullfont!
Missing character: There is no e in font nullfont!
Missing character: There is no s in font nullfont!
Missing character: There is no t in font nullfont!
Missing character: There is no a in font nullfont!
Missing character: There is no s in font nullfont!
Missing character: There is no e in font nullfont!
Missing character: There is no s in font nullfont!
Missing character: There is no t in font nullfont!
Missing character: There is no r in font nullfont!
Missing character: There is no u in font nullfont!
Missing character: There is no c in font nullfont!
Missing character: There is no t in font nullfont!
Missing character: There is no u in font nullfont!
Missing character: There is no r in font nullfont!
Missing character: There is no a in font nullfont!
Missing character: There is no s in font nullfont!
Missing character: There is no a in font nullfont!
Missing character: There is no v in font nullfont!
Missing character: There is no a in font nullfont!
Missing character: There is no n in font nullfont!
Missing character: There is no z in font nullfont!
Missing character: There is no a in font nullfont!
Missing character: There is no d in font nullfont!
Missing character: There is no a in font nullfont!
Missing character: There is no s in font nullfont!
Missing character: There is no p in font nullfont!
Missing character: There is no a in font nullfont!
Missing character: There is no r in font nullfont!
Missing character: There is no a in font nullfont!
Missing character: There is no e in font nullfont!
Missing character: There is no l in font nullfont!
Missing character: There is no e in font nullfont!
Missing character: There is no s in font nullfont!
Missing character: There is no t in font nullfont!
Missing character: There is no u in font nullfont!
Missing character: There is no d in font nullfont!
Missing character: There is no i in font nullfont!
Missing character: There is no o in font nullfont!
Missing character: There is no d in font nullfont!
Missing character: There is no e in font nullfont!
Missing character: There is no d in font nullfont!
Missing character: There is no o in font nullfont!
Missing character: There is no m in font nullfont!
Missing character: There is no i in font nullfont!
Missing character: There is no n in font nullfont!
Missing character: There is no i in font nullfont!
Missing character: There is no o in font nullfont!
Missing character: There is no s in font nullfont!
Missing character: There is no d in font nullfont!
Missing character: There is no o in font nullfont!
Missing character: There is no n in font nullfont!
Missing character: There is no d in font nullfont!
Missing character: There is no e in font nullfont!
Missing character: There is no l in font nullfont!
Missing character: There is no a in font nullfont!
Missing character: There is no n in font nullfont!
Missing character: There is no a in font nullfont!
Missing character: There is no t in font nullfont!
Missing character: There is no u in font nullfont!
Missing character: There is no r in font nullfont!
Missing character: There is no a in font nullfont!
Missing character: There is no l in font nullfont!
Missing character: There is no e in font nullfont!
Missing character: There is no z in font nullfont!
Missing character: There is no a in font nullfont!
Missing character: There is no d in font nullfont!
Missing character: There is no e in font nullfont!
Missing character: There is no l in font nullfont!
Missing character: There is no o in font nullfont!
Missing character: There is no s in font nullfont!
Missing character: There is no d in font nullfont!
Missing character: There is no a in font nullfont!
Missing character: There is no t in font nullfont!
Missing character: There is no o in font nullfont!
Missing character: There is no s in font nullfont!
Missing character: There is no e in font nullfont!
Missing character: There is no s in font nullfont!
Missing character: There is no i in font nullfont!
Missing character: There is no n in font nullfont!
Missing character: There is no h in font nullfont!
Missing character: There is no e in font nullfont!
Missing character: There is no r in font nullfont!
Missing character: There is no e in font nullfont!
Missing character: There is no n in font nullfont!
Missing character: There is no t in font nullfont!
Missing character: There is no e in font nullfont!
Missing character: There is no m in font nullfont!
Missing character: There is no e in font nullfont!
Missing character: There is no n in font nullfont!
Missing character: There is no t in font nullfont!
Missing character: There is no e in font nullfont!
Missing character: There is no n in font nullfont!
Missing character: There is no o in font nullfont!
Missing character: There is no l in font nullfont!
Missing character: There is no i in font nullfont!
Missing character: There is no n in font nullfont!
Missing character: There is no e in font nullfont!
Missing character: There is no a in font nullfont!
Missing character: There is no l in font nullfont!
Missing character: There is no o in font nullfont!
Missing character: There is no i in font nullfont!
Missing character: There is no n in font nullfont!
Missing character: There is no t in font nullfont!
Missing character: There is no e in font nullfont!
Missing character: There is no r in font nullfont!
Missing character: There is no d in font nullfont!
Missing character: There is no e in font nullfont!
Missing character: There is no p in font nullfont!
Missing character: There is no e in font nullfont!
Missing character: There is no n in font nullfont!
Missing character: There is no d in font nullfont!
Missing character: There is no i in font nullfont!
Missing character: There is no e in font nullfont!
Missing character: There is no n in font nullfont!
Missing character: There is no t in font nullfont!
Missing character: There is no e in font nullfont!
Missing character: There is no . in font nullfont!
! Undefined control sequence.
l.7 \subsection
               {Redes Neuronales}
The control sequence at the end of the top line
of your error message was never \def'ed. If you have
misspelled it (e.g., `\hobx'), type `I' and the correct
spelling (e.g., `I\hbox'). Otherwise just continue,
and I'll forget about whatever was undefined.

Missing character: There is no R in font nullfont!
Missing character: There is no e in font nullfont!
Missing character: There is no d in font nullfont!
Missing character: There is no e in font nullfont!
Missing character: There is no s in font nullfont!
Missing character: There is no N in font nullfont!
Missing character: There is no e in font nullfont!
Missing character: There is no u in font nullfont!
Missing character: There is no r in font nullfont!
Missing character: There is no o in font nullfont!
Missing character: There is no n in font nullfont!
Missing character: There is no a in font nullfont!
Missing character: There is no l in font nullfont!
Missing character: There is no e in font nullfont!
Missing character: There is no s in font nullfont!
Missing character: There is no A in font nullfont!
Missing character: There is no c in font nullfont!
Missing character: There is no o in font nullfont!
Missing character: There is no n in font nullfont!
Missing character: There is no t in font nullfont!
Missing character: There is no i in font nullfont!
Missing character: There is no n in font nullfont!
Missing character: There is no u in font nullfont!
Missing character: There is no a in font nullfont!
Missing character: There is no c in font nullfont!
Missing character: There is no i in font nullfont!
Missing character: There is no n in font nullfont!
Missing character: There is no s in font nullfont!
Missing character: There is no e in font nullfont!
Missing character: There is no d in font nullfont!
Missing character: There is no a in font nullfont!
Missing character: There is no r in font nullfont!
Missing character: There is no l in font nullfont!
Missing character: There is no a in font nullfont!
Missing character: There is no d in font nullfont!
Missing character: There is no e in font nullfont!
Missing character: There is no f in font nullfont!
Missing character: There is no i in font nullfont!
Missing character: There is no n in font nullfont!
Missing character: There is no i in font nullfont!
Missing character: There is no c in font nullfont!
Missing character: There is no i in font nullfont!
Missing character: There is no n in font nullfont!
Missing character: There is no f in font nullfont!
Missing character: There is no o in font nullfont!
Missing character: There is no r in font nullfont!
Missing character: There is no m in font nullfont!
Missing character: There is no a in font nullfont!
Missing character: There is no l in font nullfont!
Missing character: There is no d in font nullfont!
Missing character: There is no e in font nullfont!
Missing character: There is no l in font nullfont!
Missing character: There is no m in font nullfont!
Missing character: There is no o in font nullfont!
Missing character: There is no d in font nullfont!
Missing character: There is no e in font nullfont!
Missing character: There is no l in font nullfont!
Missing character: There is no o in font nullfont!
Missing character: There is no d in font nullfont!
Missing character: There is no e in font nullfont!
Missing character: There is no r in font nullfont!
Missing character: There is no e in font nullfont!
Missing character: There is no d in font nullfont!
Missing character: There is no n in font nullfont!
Missing character: There is no e in font nullfont!
Missing character: There is no u in font nullfont!
Missing character: There is no r in font nullfont!
Missing character: There is no o in font nullfont!
Missing character: There is no n in font nullfont!
Missing character: There is no a in font nullfont!
Missing character: There is no l in font nullfont!
Missing character: There is no p in font nullfont!
Missing character: There is no a in font nullfont!
Missing character: There is no r in font nullfont!
Missing character: There is no t in font nullfont!
Missing character: There is no i in font nullfont!
Missing character: There is no e in font nullfont!
Missing character: There is no n in font nullfont!
Missing character: There is no d in font nullfont!
Missing character: There is no o in font nullfont!
Missing character: There is no d in font nullfont!
Missing character: There is no e in font nullfont!
Missing character: There is no l in font nullfont!
Missing character: There is no a in font nullfont!
Missing character: There is no u in font nullfont!
Missing character: There is no n in font nullfont!
Missing character: There is no i in font nullfont!
Missing character: There is no d in font nullfont!
Missing character: There is no a in font nullfont!
Missing character: There is no d in font nullfont!
Missing character: There is no m in font nullfont!
Missing character: There is no s in font nullfont!
Missing character: There is no b in font nullfont!
Missing character: There is no s in font nullfont!
Missing character: There is no i in font nullfont!
Missing character: There is no c in font nullfont!
Missing character: There is no a in font nullfont!
Missing character: There is no d in font nullfont!
Missing character: There is no e in font nullfont!
Missing character: There is no n in font nullfont!
Missing character: There is no o in font nullfont!
Missing character: There is no m in font nullfont!
Missing character: There is no i in font nullfont!
Missing character: There is no n in font nullfont!
Missing character: There is no a in font nullfont!
Missing character: There is no d in font nullfont!
Missing character: There is no a in font nullfont!
Missing character: There is no c in font nullfont!
Missing character: There is no o in font nullfont!
Missing character: There is no m in font nullfont!
Missing character: There is no o in font nullfont!
Missing character: There is no p in font nullfont!
Missing character: There is no e in font nullfont!
Missing character: There is no r in font nullfont!
Missing character: There is no c in font nullfont!
Missing character: There is no e in font nullfont!
Missing character: There is no p in font nullfont!
Missing character: There is no t in font nullfont!
Missing character: There is no r in font nullfont!
Missing character: There is no n in font nullfont!

! LaTeX Error: Environment definition undefined.

See the LaTeX manual or LaTeX Companion for explanation.
Type  H <return>  for immediate help.
 ...                                              
                                                  
l.9 \begin{definition}
                      [Perceptr^^c3^^b3n]
Your command was ignored.
Type  I <command> <return>  to replace it with another command,
or  <return>  to continue without it.

Missing character: There is no [ in font nullfont!
Missing character: There is no P in font nullfont!
Missing character: There is no e in font nullfont!
Missing character: There is no r in font nullfont!
Missing character: There is no c in font nullfont!
Missing character: There is no e in font nullfont!
Missing character: There is no p in font nullfont!
Missing character: There is no t in font nullfont!
Missing character: There is no r in font nullfont!
Missing character: There is no n in font nullfont!
Missing character: There is no ] in font nullfont!
Missing character: There is no S in font nullfont!
Missing character: There is no e in font nullfont!
Missing character: There is no a in font nullfont!
LaTeX Font Info:    External font `cmex10' loaded for size
(Font)              <7> on input line 10.
LaTeX Font Info:    External font `cmex10' loaded for size
(Font)              <5> on input line 10.
! Undefined control sequence.
l.10 Sea $f:\mathbb
                   {R}^d \longrightarrow \{0,1\}$ una funci^^c3^^b3n dada por:
The control sequence at the end of the top line
of your error message was never \def'ed. If you have
misspelled it (e.g., `\hobx'), type `I' and the correct
spelling (e.g., `I\hbox'). Otherwise just continue,
and I'll forget about whatever was undefined.

Missing character: There is no u in font nullfont!
Missing character: There is no n in font nullfont!
Missing character: There is no a in font nullfont!
Missing character: There is no f in font nullfont!
Missing character: There is no u in font nullfont!
Missing character: There is no n in font nullfont!
Missing character: There is no c in font nullfont!
Missing character: There is no i in font nullfont!
Missing character: There is no n in font nullfont!
Missing character: There is no d in font nullfont!
Missing character: There is no a in font nullfont!
Missing character: There is no d in font nullfont!
Missing character: There is no a in font nullfont!
Missing character: There is no p in font nullfont!
Missing character: There is no o in font nullfont!
Missing character: There is no r in font nullfont!
Missing character: There is no : in font nullfont!

Overfull \hbox (20.0pt too wide) in paragraph at lines 6--11
[]
 []


Overfull \hbox (2.77779pt too wide) in paragraph at lines 6--11
\/cmr/m/n/10 ^^S^^P
 []


Overfull \hbox (5.00002pt too wide) in paragraph at lines 6--11
\/cmr/m/n/10 ^^Sa
 []


Overfull \hbox (5.00002pt too wide) in paragraph at lines 6--11
\/cmr/m/n/10 ^^So
 []


Overfull \hbox (5.00002pt too wide) in paragraph at lines 6--11
\/cmr/m/n/10 ^^Sa
 []


Overfull \hbox (5.00002pt too wide) in paragraph at lines 6--11
\/cmr/m/n/10 ^^Sa
 []


Overfull \hbox (5.00002pt too wide) in paragraph at lines 6--11
\/cmr/m/n/10 ^^So
 []


Overfull \hbox (5.00002pt too wide) in paragraph at lines 6--11
\/cmr/m/n/10 ^^Sa
 []


Overfull \hbox (5.00002pt too wide) in paragraph at lines 6--11
\/cmr/m/n/10 ^^So
 []


Overfull \hbox (5.00002pt too wide) in paragraph at lines 6--11
\/cmr/m/n/10 ^^Sa
 []


Overfull \hbox (5.00002pt too wide) in paragraph at lines 6--11
\/cmr/m/n/10 ^^Sa
 []


Overfull \hbox (5.00002pt too wide) in paragraph at lines 6--11
\/cmr/m/n/10 ^^So
 []


Overfull \hbox (5.00002pt too wide) in paragraph at lines 6--11
\/cmr/m/n/10 ^^So
 []


Overfull \hbox (11.52776pt too wide) in paragraph at lines 6--11
\OML/cmm/m/it/10 f \/cmr/m/n/10 :
 []


Overfull \hbox (31.22192pt too wide) in paragraph at lines 6--11
\OML/cmm/m/it/10 R[] [][]\OMS/cmsy/m/n/10 !
 []


Overfull \hbox (24.44447pt too wide) in paragraph at lines 6--11
\OMS/cmsy/m/n/10 f\/cmr/m/n/10 0\OML/cmm/m/it/10 ; \/cmr/m/n/10 1\OMS/cmsy/m/n/
10 g$
 []


Overfull \hbox (5.00002pt too wide) in paragraph at lines 6--11
\/cmr/m/n/10 ^^So
 []


! LaTeX Error: Missing \begin{document}.

See the LaTeX manual or LaTeX Companion for explanation.
Type  H <return>  for immediate help.
 ...                                              
                                                  
l.12 \[
       
You're in trouble here.  Try typing  <return>  to proceed.
If that doesn't work, type  X <return>  to quit.


Overfull \hbox (20.0pt too wide) in paragraph at lines 12--12
[][] 
 []


Overfull \hbox (109.47922pt too wide) detected at line 15
\OML/cmm/m/it/10 f\/cmr/m/n/10 (\OML/cmm/m/it/10 x\/cmr/m/n/10 ) = []
 []

Missing character: There is no D in font nullfont!
Missing character: There is no o in font nullfont!
Missing character: There is no n in font nullfont!
Missing character: There is no d in font nullfont!
Missing character: There is no e in font nullfont!
! Undefined control sequence.
l.16 Donde $\mathbf{w},\mathbf{x} \in \mathbb
                                             {R}^d$:
The control sequence at the end of the top line
of your error message was never \def'ed. If you have
misspelled it (e.g., `\hobx'), type `I' and the correct
spelling (e.g., `I\hbox'). Otherwise just continue,
and I'll forget about whatever was undefined.

Missing character: There is no : in font nullfont!

Overfull \hbox (28.42346pt too wide) in paragraph at lines 15--17
 $\OT1/cmr/bx/n/10 w\OML/cmm/m/it/10 ; \OT1/cmr/bx/n/10 x \OMS/cmsy/m/n/10 2
 []


Overfull \hbox (12.33302pt too wide) in paragraph at lines 15--17
\OML/cmm/m/it/10 R[]$ 
 []

Missing character: There is no r in font nullfont!
Missing character: There is no e in font nullfont!
Missing character: There is no p in font nullfont!
Missing character: There is no r in font nullfont!
Missing character: There is no e in font nullfont!
Missing character: There is no s in font nullfont!
Missing character: There is no e in font nullfont!
Missing character: There is no n in font nullfont!
Missing character: There is no t in font nullfont!
Missing character: There is no a in font nullfont!
Missing character: There is no e in font nullfont!
Missing character: There is no l in font nullfont!
Missing character: There is no v in font nullfont!
Missing character: There is no e in font nullfont!
Missing character: There is no c in font nullfont!
Missing character: There is no t in font nullfont!
Missing character: There is no o in font nullfont!
Missing character: There is no r in font nullfont!
Missing character: There is no d in font nullfont!
Missing character: There is no e in font nullfont!
Missing character: There is no e in font nullfont!
Missing character: There is no n in font nullfont!
Missing character: There is no t in font nullfont!
Missing character: There is no r in font nullfont!
Missing character: There is no a in font nullfont!
Missing character: There is no d in font nullfont!
Missing character: There is no a in font nullfont!
Missing character: There is no s in font nullfont!
Missing character: There is no d in font nullfont!
Missing character: There is no e in font nullfont!
Missing character: There is no l in font nullfont!
Missing character: There is no p in font nullfont!
Missing character: There is no e in font nullfont!
Missing character: There is no r in font nullfont!
Missing character: There is no c in font nullfont!
Missing character: There is no e in font nullfont!
Missing character: There is no p in font nullfont!
Missing character: There is no t in font nullfont!
Missing character: There is no r in font nullfont!
Missing character: There is no n in font nullfont!
Missing character: There is no . in font nullfont!

Overfull \hbox (6.06941pt too wide) in paragraph at lines 18--19
\OT1/cmr/bx/n/10 x$
 []


Overfull \hbox (5.00002pt too wide) in paragraph at lines 18--19
\/cmr/m/n/10 ^^So 
 []

Missing character: There is no c in font nullfont!
Missing character: There is no o in font nullfont!
Missing character: There is no r in font nullfont!
Missing character: There is no r in font nullfont!
Missing character: There is no e in font nullfont!
Missing character: There is no s in font nullfont!
Missing character: There is no p in font nullfont!
Missing character: There is no o in font nullfont!
Missing character: There is no n in font nullfont!
Missing character: There is no d in font nullfont!
Missing character: There is no e in font nullfont!
Missing character: There is no c in font nullfont!
Missing character: There is no o in font nullfont!
Missing character: There is no n in font nullfont!
Missing character: There is no e in font nullfont!
Missing character: There is no l in font nullfont!
Missing character: There is no v in font nullfont!
Missing character: There is no e in font nullfont!
Missing character: There is no c in font nullfont!
Missing character: There is no t in font nullfont!
Missing character: There is no o in font nullfont!
Missing character: There is no r in font nullfont!
Missing character: There is no d in font nullfont!
Missing character: There is no e in font nullfont!
Missing character: There is no p in font nullfont!
Missing character: There is no e in font nullfont!
Missing character: There is no s in font nullfont!
Missing character: There is no o in font nullfont!
Missing character: There is no s in font nullfont!
Missing character: There is no d in font nullfont!
Missing character: There is no e in font nullfont!
Missing character: There is no c in font nullfont!
Missing character: There is no a in font nullfont!
Missing character: There is no d in font nullfont!
Missing character: There is no a in font nullfont!
Missing character: There is no e in font nullfont!
Missing character: There is no n in font nullfont!
Missing character: There is no t in font nullfont!
Missing character: There is no r in font nullfont!
Missing character: There is no a in font nullfont!
Missing character: There is no d in font nullfont!
Missing character: There is no a in font nullfont!
Missing character: There is no . in font nullfont!

Overfull \hbox (8.46524pt too wide) in paragraph at lines 19--20
\OT1/cmr/bx/n/10 w$
 []

Missing character: There is no e in font nullfont!
Missing character: There is no s in font nullfont!
Missing character: There is no e in font nullfont!
Missing character: There is no l in font nullfont!
Missing character: There is no u in font nullfont!
Missing character: There is no m in font nullfont!
Missing character: There is no b in font nullfont!
Missing character: There is no r in font nullfont!
Missing character: There is no a in font nullfont!
Missing character: There is no l in font nullfont!
Missing character: There is no q in font nullfont!
Missing character: There is no u in font nullfont!
Missing character: There is no e in font nullfont!
Missing character: There is no s in font nullfont!
Missing character: There is no e in font nullfont!
Missing character: There is no c in font nullfont!
Missing character: There is no o in font nullfont!
Missing character: There is no n in font nullfont!
Missing character: There is no s in font nullfont!
Missing character: There is no i in font nullfont!
Missing character: There is no d in font nullfont!
Missing character: There is no e in font nullfont!
Missing character: There is no r in font nullfont!
Missing character: There is no a in font nullfont!
Missing character: There is no p in font nullfont!
Missing character: There is no a in font nullfont!
Missing character: There is no r in font nullfont!
Missing character: There is no a in font nullfont!
Missing character: There is no u in font nullfont!
Missing character: There is no n in font nullfont!
Missing character: There is no a in font nullfont!
Missing character: There is no m in font nullfont!
Missing character: There is no e in font nullfont!
Missing character: There is no j in font nullfont!
Missing character: There is no o in font nullfont!
Missing character: There is no r in font nullfont!
Missing character: There is no f in font nullfont!
Missing character: There is no l in font nullfont!
Missing character: There is no e in font nullfont!
Missing character: There is no x in font nullfont!
Missing character: There is no i in font nullfont!
Missing character: There is no b in font nullfont!
Missing character: There is no i in font nullfont!
Missing character: There is no l in font nullfont!
Missing character: There is no i in font nullfont!
Missing character: There is no d in font nullfont!
Missing character: There is no a in font nullfont!
Missing character: There is no d in font nullfont!
Missing character: There is no a in font nullfont!
Missing character: There is no l in font nullfont!
Missing character: There is no a in font nullfont!
Missing character: There is no h in font nullfont!
Missing character: There is no o in font nullfont!
Missing character: There is no r in font nullfont!
Missing character: There is no a in font nullfont!
Missing character: There is no d in font nullfont!
Missing character: There is no e in font nullfont!
Missing character: There is no i in font nullfont!
Missing character: There is no m in font nullfont!
Missing character: There is no p in font nullfont!
Missing character: There is no l in font nullfont!
Missing character: There is no e in font nullfont!
Missing character: There is no m in font nullfont!
Missing character: There is no e in font nullfont!
Missing character: There is no n in font nullfont!
Missing character: There is no t in font nullfont!
Missing character: There is no a in font nullfont!
Missing character: There is no r in font nullfont!
Missing character: There is no e in font nullfont!
Missing character: There is no l in font nullfont!
Missing character: There is no p in font nullfont!
Missing character: There is no e in font nullfont!
Missing character: There is no r in font nullfont!
Missing character: There is no c in font nullfont!
Missing character: There is no e in font nullfont!
Missing character: There is no p in font nullfont!
Missing character: There is no t in font nullfont!
Missing character: There is no r in font nullfont!
Missing character: There is no n in font nullfont!
Missing character: There is no . in font nullfont!

Overfull \hbox (4.29166pt too wide) in paragraph at lines 20--21
\OML/cmm/m/it/10 b$
 []


Overfull \hbox (5.00002pt too wide) in paragraph at lines 20--21
\/cmr/m/n/10 ^^So 
 []


! LaTeX Error: \begin{document} ended by \end{definition}.

See the LaTeX manual or LaTeX Companion for explanation.
Type  H <return>  for immediate help.
 ...                                              
                                                  
l.22 \end{definition}
                     
Your command was ignored.
Type  I <command> <return>  to replace it with another command,
or  <return>  to continue without it.


! LaTeX Error: Environment figure undefined.

See the LaTeX manual or LaTeX Companion for explanation.
Type  H <return>  for immediate help.
 ...                                              
                                                  
l.24 \begin{figure}
                   [H]
Your command was ignored.
Type  I <command> <return>  to replace it with another command,
or  <return>  to continue without it.

Missing character: There is no [ in font nullfont!
Missing character: There is no H in font nullfont!
Missing character: There is no ] in font nullfont!

! LaTeX Error: Environment tikzpicture undefined.

See the LaTeX manual or LaTeX Companion for explanation.
Type  H <return>  for immediate help.
 ...                                              
                                                  
l.26     \begin{tikzpicture}
                            [scale=1.0, transform shape]
Your command was ignored.
Type  I <command> <return>  to replace it with another command,
or  <return>  to continue without it.

Missing character: There is no [ in font nullfont!
Missing character: There is no s in font nullfont!
Missing character: There is no c in font nullfont!
Missing character: There is no a in font nullfont!
Missing character: There is no l in font nullfont!
Missing character: There is no e in font nullfont!
Missing character: There is no = in font nullfont!
Missing character: There is no 1 in font nullfont!
Missing character: There is no . in font nullfont!
Missing character: There is no 0 in font nullfont!
Missing character: There is no , in font nullfont!
Missing character: There is no t in font nullfont!
Missing character: There is no r in font nullfont!
Missing character: There is no a in font nullfont!
Missing character: There is no n in font nullfont!
Missing character: There is no s in font nullfont!
Missing character: There is no f in font nullfont!
Missing character: There is no o in font nullfont!
Missing character: There is no r in font nullfont!
Missing character: There is no m in font nullfont!
Missing character: There is no s in font nullfont!
Missing character: There is no h in font nullfont!
Missing character: There is no a in font nullfont!
Missing character: There is no p in font nullfont!
Missing character: There is no e in font nullfont!
Missing character: There is no ] in font nullfont!

Overfull \hbox (20.0pt too wide) in paragraph at lines 24--27
 [] 
 []

! Undefined control sequence.
l.29         \node
                  [circle, draw, minimum size=1cm] (x1) at (0, 2) {$x_1$};
The control sequence at the end of the top line
of your error message was never \def'ed. If you have
misspelled it (e.g., `\hobx'), type `I' and the correct
spelling (e.g., `I\hbox'). Otherwise just continue,
and I'll forget about whatever was undefined.

Missing character: There is no [ in font nullfont!
Missing character: There is no c in font nullfont!
Missing character: There is no i in font nullfont!
Missing character: There is no r in font nullfont!
Missing character: There is no c in font nullfont!
Missing character: There is no l in font nullfont!
Missing character: There is no e in font nullfont!
Missing character: There is no , in font nullfont!
Missing character: There is no d in font nullfont!
Missing character: There is no r in font nullfont!
Missing character: There is no a in font nullfont!
Missing character: There is no w in font nullfont!
Missing character: There is no , in font nullfont!
Missing character: There is no m in font nullfont!
Missing character: There is no i in font nullfont!
Missing character: There is no n in font nullfont!
Missing character: There is no i in font nullfont!
Missing character: There is no m in font nullfont!
Missing character: There is no u in font nullfont!
Missing character: There is no m in font nullfont!
Missing character: There is no s in font nullfont!
Missing character: There is no i in font nullfont!
Missing character: There is no z in font nullfont!
Missing character: There is no e in font nullfont!
Missing character: There is no = in font nullfont!
Missing character: There is no 1 in font nullfont!
Missing character: There is no c in font nullfont!
Missing character: There is no m in font nullfont!
Missing character: There is no ] in font nullfont!
Missing character: There is no ( in font nullfont!
Missing character: There is no x in font nullfont!
Missing character: There is no 1 in font nullfont!
Missing character: There is no ) in font nullfont!
Missing character: There is no a in font nullfont!
Missing character: There is no t in font nullfont!
Missing character: There is no ( in font nullfont!
Missing character: There is no 0 in font nullfont!
Missing character: There is no , in font nullfont!
Missing character: There is no 2 in font nullfont!
Missing character: There is no ) in font nullfont!
Missing character: There is no ; in font nullfont!
! Undefined control sequence.
l.30         \node
                  [circle, draw, minimum size=1cm] (x2) at (0, 0) {$x_2$};
The control sequence at the end of the top line
of your error message was never \def'ed. If you have
misspelled it (e.g., `\hobx'), type `I' and the correct
spelling (e.g., `I\hbox'). Otherwise just continue,
and I'll forget about whatever was undefined.

Missing character: There is no [ in font nullfont!
Missing character: There is no c in font nullfont!
Missing character: There is no i in font nullfont!
Missing character: There is no r in font nullfont!
Missing character: There is no c in font nullfont!
Missing character: There is no l in font nullfont!
Missing character: There is no e in font nullfont!
Missing character: There is no , in font nullfont!
Missing character: There is no d in font nullfont!
Missing character: There is no r in font nullfont!
Missing character: There is no a in font nullfont!
Missing character: There is no w in font nullfont!
Missing character: There is no , in font nullfont!
Missing character: There is no m in font nullfont!
Missing character: There is no i in font nullfont!
Missing character: There is no n in font nullfont!
Missing character: There is no i in font nullfont!
Missing character: There is no m in font nullfont!
Missing character: There is no u in font nullfont!
Missing character: There is no m in font nullfont!
Missing character: There is no s in font nullfont!
Missing character: There is no i in font nullfont!
Missing character: There is no z in font nullfont!
Missing character: There is no e in font nullfont!
Missing character: There is no = in font nullfont!
Missing character: There is no 1 in font nullfont!
Missing character: There is no c in font nullfont!
Missing character: There is no m in font nullfont!
Missing character: There is no ] in font nullfont!
Missing character: There is no ( in font nullfont!
Missing character: There is no x in font nullfont!
Missing character: There is no 2 in font nullfont!
Missing character: There is no ) in font nullfont!
Missing character: There is no a in font nullfont!
Missing character: There is no t in font nullfont!
Missing character: There is no ( in font nullfont!
Missing character: There is no 0 in font nullfont!
Missing character: There is no , in font nullfont!
Missing character: There is no 0 in font nullfont!
Missing character: There is no ) in font nullfont!
Missing character: There is no ; in font nullfont!
! Undefined control sequence.
l.31         \node
                  [circle, draw, minimum size=1cm] (x3) at (0, -2) {$x_3$};
The control sequence at the end of the top line
of your error message was never \def'ed. If you have
misspelled it (e.g., `\hobx'), type `I' and the correct
spelling (e.g., `I\hbox'). Otherwise just continue,
and I'll forget about whatever was undefined.

Missing character: There is no [ in font nullfont!
Missing character: There is no c in font nullfont!
Missing character: There is no i in font nullfont!
Missing character: There is no r in font nullfont!
Missing character: There is no c in font nullfont!
Missing character: There is no l in font nullfont!
Missing character: There is no e in font nullfont!
Missing character: There is no , in font nullfont!
Missing character: There is no d in font nullfont!
Missing character: There is no r in font nullfont!
Missing character: There is no a in font nullfont!
Missing character: There is no w in font nullfont!
Missing character: There is no , in font nullfont!
Missing character: There is no m in font nullfont!
Missing character: There is no i in font nullfont!
Missing character: There is no n in font nullfont!
Missing character: There is no i in font nullfont!
Missing character: There is no m in font nullfont!
Missing character: There is no u in font nullfont!
Missing character: There is no m in font nullfont!
Missing character: There is no s in font nullfont!
Missing character: There is no i in font nullfont!
Missing character: There is no z in font nullfont!
Missing character: There is no e in font nullfont!
Missing character: There is no = in font nullfont!
Missing character: There is no 1 in font nullfont!
Missing character: There is no c in font nullfont!
Missing character: There is no m in font nullfont!
Missing character: There is no ] in font nullfont!
Missing character: There is no ( in font nullfont!
Missing character: There is no x in font nullfont!
Missing character: There is no 3 in font nullfont!
Missing character: There is no ) in font nullfont!
Missing character: There is no a in font nullfont!
Missing character: There is no t in font nullfont!
Missing character: There is no ( in font nullfont!
Missing character: There is no 0 in font nullfont!
Missing character: There is no , in font nullfont!
Missing character: There is no - in font nullfont!
Missing character: There is no 2 in font nullfont!
Missing character: There is no ) in font nullfont!
Missing character: There is no ; in font nullfont!

Overfull \hbox (10.2014pt too wide) in paragraph at lines 29--32
 \OML/cmm/m/it/10 x[]$ 
 []


Overfull \hbox (10.2014pt too wide) in paragraph at lines 29--32
 \OML/cmm/m/it/10 x[]$ 
 []


Overfull \hbox (10.2014pt too wide) in paragraph at lines 29--32
 \OML/cmm/m/it/10 x[]$ 
 []

! Undefined control sequence.
l.34         \node
                  [circle, draw, minimum size=1cm] (y) at (4, 0) {$y$};
The control sequence at the end of the top line
of your error message was never \def'ed. If you have
misspelled it (e.g., `\hobx'), type `I' and the correct
spelling (e.g., `I\hbox'). Otherwise just continue,
and I'll forget about whatever was undefined.

Missing character: There is no [ in font nullfont!
Missing character: There is no c in font nullfont!
Missing character: There is no i in font nullfont!
Missing character: There is no r in font nullfont!
Missing character: There is no c in font nullfont!
Missing character: There is no l in font nullfont!
Missing character: There is no e in font nullfont!
Missing character: There is no , in font nullfont!
Missing character: There is no d in font nullfont!
Missing character: There is no r in font nullfont!
Missing character: There is no a in font nullfont!
Missing character: There is no w in font nullfont!
Missing character: There is no , in font nullfont!
Missing character: There is no m in font nullfont!
Missing character: There is no i in font nullfont!
Missing character: There is no n in font nullfont!
Missing character: There is no i in font nullfont!
Missing character: There is no m in font nullfont!
Missing character: There is no u in font nullfont!
Missing character: There is no m in font nullfont!
Missing character: There is no s in font nullfont!
Missing character: There is no i in font nullfont!
Missing character: There is no z in font nullfont!
Missing character: There is no e in font nullfont!
Missing character: There is no = in font nullfont!
Missing character: There is no 1 in font nullfont!
Missing character: There is no c in font nullfont!
Missing character: There is no m in font nullfont!
Missing character: There is no ] in font nullfont!
Missing character: There is no ( in font nullfont!
Missing character: There is no y in font nullfont!
Missing character: There is no ) in font nullfont!
Missing character: There is no a in font nullfont!
Missing character: There is no t in font nullfont!
Missing character: There is no ( in font nullfont!
Missing character: There is no 4 in font nullfont!
Missing character: There is no , in font nullfont!
Missing character: There is no 0 in font nullfont!
Missing character: There is no ) in font nullfont!
Missing character: There is no ; in font nullfont!

Overfull \hbox (5.2616pt too wide) in paragraph at lines 34--35
 \OML/cmm/m/it/10 y$ 
 []

! Undefined control sequence.
l.37         \node
                   at (2, 1.5) {$w_1$};
The control sequence at the end of the top line
of your error message was never \def'ed. If you have
misspelled it (e.g., `\hobx'), type `I' and the correct
spelling (e.g., `I\hbox'). Otherwise just continue,
and I'll forget about whatever was undefined.

Missing character: There is no a in font nullfont!
Missing character: There is no t in font nullfont!
Missing character: There is no ( in font nullfont!
Missing character: There is no 2 in font nullfont!
Missing character: There is no , in font nullfont!
Missing character: There is no 1 in font nullfont!
Missing character: There is no . in font nullfont!
Missing character: There is no 5 in font nullfont!
Missing character: There is no ) in font nullfont!
Missing character: There is no ; in font nullfont!
! Undefined control sequence.
l.38         \node
                   at (2, 0) {$w_2$};
The control sequence at the end of the top line
of your error message was never \def'ed. If you have
misspelled it (e.g., `\hobx'), type `I' and the correct
spelling (e.g., `I\hbox'). Otherwise just continue,
and I'll forget about whatever was undefined.

Missing character: There is no a in font nullfont!
Missing character: There is no t in font nullfont!
Missing character: There is no ( in font nullfont!
Missing character: There is no 2 in font nullfont!
Missing character: There is no , in font nullfont!
Missing character: There is no 0 in font nullfont!
Missing character: There is no ) in font nullfont!
Missing character: There is no ; in font nullfont!
! Undefined control sequence.
l.39         \node
                   at (2, -1.5) {$w_3$};
The control sequence at the end of the top line
of your error message was never \def'ed. If you have
misspelled it (e.g., `\hobx'), type `I' and the correct
spelling (e.g., `I\hbox'). Otherwise just continue,
and I'll forget about whatever was undefined.

Missing character: There is no a in font nullfont!
Missing character: There is no t in font nullfont!
Missing character: There is no ( in font nullfont!
Missing character: There is no 2 in font nullfont!
Missing character: There is no , in font nullfont!
Missing character: There is no - in font nullfont!
Missing character: There is no 1 in font nullfont!
Missing character: There is no . in font nullfont!
Missing character: There is no 5 in font nullfont!
Missing character: There is no ) in font nullfont!
Missing character: There is no ; in font nullfont!

Overfull \hbox (11.6453pt too wide) in paragraph at lines 37--40
 \OML/cmm/m/it/10 w[]$ 
 []


Overfull \hbox (11.6453pt too wide) in paragraph at lines 37--40
 \OML/cmm/m/it/10 w[]$ 
 []


Overfull \hbox (11.6453pt too wide) in paragraph at lines 37--40
 \OML/cmm/m/it/10 w[]$ 
 []

! Undefined control sequence.
l.42         \draw
                  [->] (x1.east) -- (y.west);
The control sequence at the end of the top line
of your error message was never \def'ed. If you have
misspelled it (e.g., `\hobx'), type `I' and the correct
spelling (e.g., `I\hbox'). Otherwise just continue,
and I'll forget about whatever was undefined.

Missing character: There is no [ in font nullfont!
Missing character: There is no - in font nullfont!
Missing character: There is no > in font nullfont!
Missing character: There is no ] in font nullfont!
Missing character: There is no ( in font nullfont!
Missing character: There is no x in font nullfont!
Missing character: There is no 1 in font nullfont!
Missing character: There is no . in font nullfont!
Missing character: There is no e in font nullfont!
Missing character: There is no a in font nullfont!
Missing character: There is no s in font nullfont!
Missing character: There is no t in font nullfont!
Missing character: There is no ) in font nullfont!
Missing character: There is no - in font nullfont!
Missing character: There is no - in font nullfont!
Missing character: There is no ( in font nullfont!
Missing character: There is no y in font nullfont!
Missing character: There is no . in font nullfont!
Missing character: There is no w in font nullfont!
Missing character: There is no e in font nullfont!
Missing character: There is no s in font nullfont!
Missing character: There is no t in font nullfont!
Missing character: There is no ) in font nullfont!
Missing character: There is no ; in font nullfont!
! Undefined control sequence.
l.43         \draw
                  [->] (x2.east) -- (y.west);
The control sequence at the end of the top line
of your error message was never \def'ed. If you have
misspelled it (e.g., `\hobx'), type `I' and the correct
spelling (e.g., `I\hbox'). Otherwise just continue,
and I'll forget about whatever was undefined.

Missing character: There is no [ in font nullfont!
Missing character: There is no - in font nullfont!
Missing character: There is no > in font nullfont!
Missing character: There is no ] in font nullfont!
Missing character: There is no ( in font nullfont!
Missing character: There is no x in font nullfont!
Missing character: There is no 2 in font nullfont!
Missing character: There is no . in font nullfont!
Missing character: There is no e in font nullfont!
Missing character: There is no a in font nullfont!
Missing character: There is no s in font nullfont!
Missing character: There is no t in font nullfont!
Missing character: There is no ) in font nullfont!
Missing character: There is no - in font nullfont!
Missing character: There is no - in font nullfont!
Missing character: There is no ( in font nullfont!
Missing character: There is no y in font nullfont!
Missing character: There is no . in font nullfont!
Missing character: There is no w in font nullfont!
Missing character: There is no e in font nullfont!
Missing character: There is no s in font nullfont!
Missing character: There is no t in font nullfont!
Missing character: There is no ) in font nullfont!
Missing character: There is no ; in font nullfont!
! Undefined control sequence.
l.44         \draw
                  [->] (x3.east) -- (y.west);
The control sequence at the end of the top line
of your error message was never \def'ed. If you have
misspelled it (e.g., `\hobx'), type `I' and the correct
spelling (e.g., `I\hbox'). Otherwise just continue,
and I'll forget about whatever was undefined.

Missing character: There is no [ in font nullfont!
Missing character: There is no - in font nullfont!
Missing character: There is no > in font nullfont!
Missing character: There is no ] in font nullfont!
Missing character: There is no ( in font nullfont!
Missing character: There is no x in font nullfont!
Missing character: There is no 3 in font nullfont!
Missing character: There is no . in font nullfont!
Missing character: There is no e in font nullfont!
Missing character: There is no a in font nullfont!
Missing character: There is no s in font nullfont!
Missing character: There is no t in font nullfont!
Missing character: There is no ) in font nullfont!
Missing character: There is no - in font nullfont!
Missing character: There is no - in font nullfont!
Missing character: There is no ( in font nullfont!
Missing character: There is no y in font nullfont!
Missing character: There is no . in font nullfont!
Missing character: There is no w in font nullfont!
Missing character: There is no e in font nullfont!
Missing character: There is no s in font nullfont!
Missing character: There is no t in font nullfont!
Missing character: There is no ) in font nullfont!
Missing character: There is no ; in font nullfont!
! Undefined control sequence.
l.47         \node
                   at (4.8, 0) {$\sigma$};
The control sequence at the end of the top line
of your error message was never \def'ed. If you have
misspelled it (e.g., `\hobx'), type `I' and the correct
spelling (e.g., `I\hbox'). Otherwise just continue,
and I'll forget about whatever was undefined.

Missing character: There is no a in font nullfont!
Missing character: There is no t in font nullfont!
Missing character: There is no ( in font nullfont!
Missing character: There is no 4 in font nullfont!
Missing character: There is no . in font nullfont!
Missing character: There is no 8 in font nullfont!
Missing character: There is no , in font nullfont!
Missing character: There is no 0 in font nullfont!
Missing character: There is no ) in font nullfont!
Missing character: There is no ; in font nullfont!

Overfull \hbox (6.0729pt too wide) in paragraph at lines 47--48
 \OML/cmm/m/it/10 ^^[$ 
 []


! LaTeX Error: \begin{document} ended by \end{tikzpicture}.

See the LaTeX manual or LaTeX Companion for explanation.
Type  H <return>  for immediate help.
 ...                                              
                                                  
l.49     \end{tikzpicture}
                          
Your command was ignored.
Type  I <command> <return>  to replace it with another command,
or  <return>  to continue without it.


! LaTeX Error: \caption outside float.

See the LaTeX manual or LaTeX Companion for explanation.
Type  H <return>  for immediate help.
 ...                                              
                                                  
l.50     \caption
                 {Ejemplo de perceptr^^c3^^b3n}
You're in trouble here.  Try typing  <return>  to proceed.
If that doesn't work, type  X <return>  to quit.

Missing character: There is no E in font nullfont!
Missing character: There is no j in font nullfont!
Missing character: There is no e in font nullfont!
Missing character: There is no m in font nullfont!
Missing character: There is no p in font nullfont!
Missing character: There is no l in font nullfont!
Missing character: There is no o in font nullfont!
Missing character: There is no d in font nullfont!
Missing character: There is no e in font nullfont!
Missing character: There is no p in font nullfont!
Missing character: There is no e in font nullfont!
Missing character: There is no r in font nullfont!
Missing character: There is no c in font nullfont!
Missing character: There is no e in font nullfont!
Missing character: There is no p in font nullfont!
Missing character: There is no t in font nullfont!
Missing character: There is no r in font nullfont!
Missing character: There is no n in font nullfont!

! LaTeX Error: \begin{document} ended by \end{figure}.

See the LaTeX manual or LaTeX Companion for explanation.
Type  H <return>  for immediate help.
 ...                                              
                                                  
l.52 \end{figure}
                 
Your command was ignored.
Type  I <command> <return>  to replace it with another command,
or  <return>  to continue without it.


Overfull \hbox (5.00002pt too wide) in paragraph at lines 50--53
\/cmr/m/n/10 ^^So
 []


! LaTeX Error: Environment definition undefined.

See the LaTeX manual or LaTeX Companion for explanation.
Type  H <return>  for immediate help.
 ...                                              
                                                  
l.57 \begin{definition}
                       [Capa]
Your command was ignored.
Type  I <command> <return>  to replace it with another command,
or  <return>  to continue without it.

Missing character: There is no [ in font nullfont!
Missing character: There is no C in font nullfont!
Missing character: There is no a in font nullfont!
Missing character: There is no p in font nullfont!
Missing character: There is no a in font nullfont!
Missing character: There is no ] in font nullfont!
Missing character: There is no S in font nullfont!
Missing character: There is no e in font nullfont!
Missing character: There is no a in font nullfont!
! Undefined control sequence.
l.58 Sea $\mathbf{W} \in \mathbb
                                {R}^{n\times m}$ una matriz de pesos, $\math...
The control sequence at the end of the top line
of your error message was never \def'ed. If you have
misspelled it (e.g., `\hobx'), type `I' and the correct
spelling (e.g., `I\hbox'). Otherwise just continue,
and I'll forget about whatever was undefined.

Missing character: There is no u in font nullfont!
Missing character: There is no n in font nullfont!
Missing character: There is no a in font nullfont!
Missing character: There is no m in font nullfont!
Missing character: There is no a in font nullfont!
Missing character: There is no t in font nullfont!
Missing character: There is no r in font nullfont!
Missing character: There is no i in font nullfont!
Missing character: There is no z in font nullfont!
Missing character: There is no d in font nullfont!
Missing character: There is no e in font nullfont!
Missing character: There is no p in font nullfont!
Missing character: There is no e in font nullfont!
Missing character: There is no s in font nullfont!
Missing character: There is no o in font nullfont!
Missing character: There is no s in font nullfont!
Missing character: There is no , in font nullfont!
! Undefined control sequence.
l.58 ...a matriz de pesos, $\mathbf{h} \in \mathbb
                                                  {R}^n$ un vector de entrad...
The control sequence at the end of the top line
of your error message was never \def'ed. If you have
misspelled it (e.g., `\hobx'), type `I' and the correct
spelling (e.g., `I\hbox'). Otherwise just continue,
and I'll forget about whatever was undefined.

Missing character: There is no u in font nullfont!
Missing character: There is no n in font nullfont!
Missing character: There is no v in font nullfont!
Missing character: There is no e in font nullfont!
Missing character: There is no c in font nullfont!
Missing character: There is no t in font nullfont!
Missing character: There is no o in font nullfont!
Missing character: There is no r in font nullfont!
Missing character: There is no d in font nullfont!
Missing character: There is no e in font nullfont!
Missing character: There is no e in font nullfont!
Missing character: There is no n in font nullfont!
Missing character: There is no t in font nullfont!
Missing character: There is no r in font nullfont!
Missing character: There is no a in font nullfont!
Missing character: There is no d in font nullfont!
Missing character: There is no a in font nullfont!
Missing character: There is no s in font nullfont!
Missing character: There is no ( in font nullfont!
Missing character: There is no r in font nullfont!
Missing character: There is no e in font nullfont!
Missing character: There is no s in font nullfont!
Missing character: There is no u in font nullfont!
Missing character: There is no l in font nullfont!
Missing character: There is no t in font nullfont!
Missing character: There is no a in font nullfont!
Missing character: There is no d in font nullfont!
Missing character: There is no o in font nullfont!
Missing character: There is no d in font nullfont!
Missing character: There is no e in font nullfont!
Missing character: There is no l in font nullfont!
Missing character: There is no a in font nullfont!
Missing character: There is no s in font nullfont!
Missing character: There is no a in font nullfont!
Missing character: There is no l in font nullfont!
Missing character: There is no i in font nullfont!
Missing character: There is no d in font nullfont!
Missing character: There is no a in font nullfont!
Missing character: There is no d in font nullfont!
Missing character: There is no e in font nullfont!
Missing character: There is no u in font nullfont!
Missing character: There is no n in font nullfont!
Missing character: There is no a in font nullfont!
Missing character: There is no c in font nullfont!
Missing character: There is no a in font nullfont!
Missing character: There is no p in font nullfont!
Missing character: There is no a in font nullfont!
Missing character: There is no a in font nullfont!
Missing character: There is no n in font nullfont!
Missing character: There is no t in font nullfont!
Missing character: There is no e in font nullfont!
Missing character: There is no r in font nullfont!
Missing character: There is no i in font nullfont!
Missing character: There is no o in font nullfont!
Missing character: There is no r in font nullfont!
Missing character: There is no ) in font nullfont!
Missing character: There is no y in font nullfont!
! Undefined control sequence.
l.58 ...a capa anterior) y $\mathbf{b} \in \mathbb
                                                  {R}^n$ un vector de bias, ...
The control sequence at the end of the top line
of your error message was never \def'ed. If you have
misspelled it (e.g., `\hobx'), type `I' and the correct
spelling (e.g., `I\hbox'). Otherwise just continue,
and I'll forget about whatever was undefined.

Missing character: There is no u in font nullfont!
Missing character: There is no n in font nullfont!
Missing character: There is no v in font nullfont!
Missing character: There is no e in font nullfont!
Missing character: There is no c in font nullfont!
Missing character: There is no t in font nullfont!
Missing character: There is no o in font nullfont!
Missing character: There is no r in font nullfont!
Missing character: There is no d in font nullfont!
Missing character: There is no e in font nullfont!
Missing character: There is no b in font nullfont!
Missing character: There is no i in font nullfont!
Missing character: There is no a in font nullfont!
Missing character: There is no s in font nullfont!
Missing character: There is no , in font nullfont!
! Undefined control sequence.
l.58 ...R}^n$ un vector de bias, $\sigma : \mathbb
                                                  {R} \longrightarrow \mathb...
The control sequence at the end of the top line
of your error message was never \def'ed. If you have
misspelled it (e.g., `\hobx'), type `I' and the correct
spelling (e.g., `I\hbox'). Otherwise just continue,
and I'll forget about whatever was undefined.

! Undefined control sequence.
l.58 ...sigma : \mathbb{R} \longrightarrow \mathbb
                                                  {R}$ una funci^^c3^^b3n de...
The control sequence at the end of the top line
of your error message was never \def'ed. If you have
misspelled it (e.g., `\hobx'), type `I' and the correct
spelling (e.g., `I\hbox'). Otherwise just continue,
and I'll forget about whatever was undefined.

Missing character: There is no u in font nullfont!
Missing character: There is no n in font nullfont!
Missing character: There is no a in font nullfont!
Missing character: There is no f in font nullfont!
Missing character: There is no u in font nullfont!
Missing character: There is no n in font nullfont!
Missing character: There is no c in font nullfont!
Missing character: There is no i in font nullfont!
Missing character: There is no n in font nullfont!
Missing character: There is no d in font nullfont!
Missing character: There is no e in font nullfont!
Missing character: There is no a in font nullfont!
Missing character: There is no c in font nullfont!
Missing character: There is no t in font nullfont!
Missing character: There is no i in font nullfont!
Missing character: There is no v in font nullfont!
Missing character: There is no a in font nullfont!
Missing character: There is no c in font nullfont!
Missing character: There is no i in font nullfont!
Missing character: There is no n in font nullfont!
Missing character: There is no . in font nullfont!
Missing character: There is no L in font nullfont!
Missing character: There is no a in font nullfont!
Missing character: There is no c in font nullfont!
Missing character: There is no a in font nullfont!
Missing character: There is no p in font nullfont!
Missing character: There is no a in font nullfont!
Missing character: There is no L in font nullfont!
Missing character: There is no - in font nullfont!
Missing character: There is no s in font nullfont!
Missing character: There is no i in font nullfont!
Missing character: There is no m in font nullfont!
Missing character: There is no a in font nullfont!
Missing character: There is no d in font nullfont!
Missing character: There is no e in font nullfont!
Missing character: There is no u in font nullfont!
Missing character: There is no n in font nullfont!
Missing character: There is no a in font nullfont!
Missing character: There is no r in font nullfont!
Missing character: There is no e in font nullfont!
Missing character: There is no d in font nullfont!
Missing character: There is no n in font nullfont!
Missing character: There is no e in font nullfont!
Missing character: There is no u in font nullfont!
Missing character: There is no r in font nullfont!
Missing character: There is no o in font nullfont!
Missing character: There is no n in font nullfont!
Missing character: There is no a in font nullfont!
Missing character: There is no l in font nullfont!
Missing character: There is no , in font nullfont!
Missing character: There is no e in font nullfont!
Missing character: There is no s in font nullfont!
Missing character: There is no t in font nullfont!
Missing character: There is no d in font nullfont!
Missing character: There is no e in font nullfont!
Missing character: There is no f in font nullfont!
Missing character: There is no i in font nullfont!
Missing character: There is no n in font nullfont!
Missing character: There is no i in font nullfont!
Missing character: There is no d in font nullfont!
Missing character: There is no a in font nullfont!
Missing character: There is no p in font nullfont!
Missing character: There is no o in font nullfont!
Missing character: There is no r in font nullfont!
Missing character: There is no : in font nullfont!

Overfull \hbox (20.0pt too wide) in paragraph at lines 57--60
[]
 []


Overfull \hbox (21.49295pt too wide) in paragraph at lines 57--60
\OT1/cmr/bx/n/10 W \OMS/cmsy/m/n/10 2
 []


Overfull \hbox (26.45961pt too wide) in paragraph at lines 57--60
\OML/cmm/m/it/10 R[]$
 []


Overfull \hbox (15.83325pt too wide) in paragraph at lines 57--60
\OT1/cmr/bx/n/10 h \OMS/cmsy/m/n/10 2
 []


Overfull \hbox (13.11348pt too wide) in paragraph at lines 57--60
\OML/cmm/m/it/10 R[]$
 []


Overfull \hbox (15.83325pt too wide) in paragraph at lines 57--60
\OT1/cmr/bx/n/10 b \OMS/cmsy/m/n/10 2
 []


Overfull \hbox (13.11348pt too wide) in paragraph at lines 57--60
\OML/cmm/m/it/10 R[]$
 []


Overfull \hbox (11.6284pt too wide) in paragraph at lines 57--60
\OML/cmm/m/it/10 ^^[ \/cmr/m/n/10 :
 []


Overfull \hbox (26.55905pt too wide) in paragraph at lines 57--60
\OML/cmm/m/it/10 R [][]\OMS/cmsy/m/n/10 !
 []


Overfull \hbox (7.67015pt too wide) in paragraph at lines 57--60
\OML/cmm/m/it/10 R$
 []


Overfull \hbox (5.00002pt too wide) in paragraph at lines 57--60
\/cmr/m/n/10 ^^So
 []


Overfull \hbox (5.00002pt too wide) in paragraph at lines 57--60
\/cmr/m/n/10 ^^So
 []


Overfull \hbox (4.44444pt too wide) in paragraph at lines 57--60
\/cmr/m/n/10 ^^Se
 []


Overfull \hbox (18.20844pt too wide) in paragraph at lines 57--60
\OML/cmm/m/it/10 f[]$
 []


Overfull \hbox (5.00002pt too wide) in paragraph at lines 57--60
\/cmr/m/n/10 ^^Sa
 []


Overfull \hbox (20.0pt too wide) in paragraph at lines 61--61
[][] 
 []


Overfull \hbox (61.23961pt too wide) detected at line 63
\OML/cmm/m/it/10 f[] \/cmr/m/n/10 = \OML/cmm/m/it/10 ^^[ \OMS/cmsy/m/n/10 ^^N \
OT1/cmr/bx/n/10 h[]
 []

Missing character: There is no D in font nullfont!
Missing character: There is no o in font nullfont!
Missing character: There is no n in font nullfont!
Missing character: There is no d in font nullfont!
Missing character: There is no e in font nullfont!
Missing character: There is no : in font nullfont!

Overfull \hbox (20.0pt too wide) in paragraph at lines 65--66
[] 
 []

Missing character: There is no = in font nullfont!
Missing character: There is no e in font nullfont!
Missing character: There is no s in font nullfont!
Missing character: There is no l in font nullfont!
Missing character: There is no a in font nullfont!
Missing character: There is no c in font nullfont!
Missing character: There is no o in font nullfont!
Missing character: There is no m in font nullfont!
Missing character: There is no b in font nullfont!
Missing character: There is no i in font nullfont!
Missing character: There is no n in font nullfont!
Missing character: There is no a in font nullfont!
Missing character: There is no c in font nullfont!
Missing character: There is no i in font nullfont!
Missing character: There is no n in font nullfont!
Missing character: There is no l in font nullfont!
Missing character: There is no i in font nullfont!
Missing character: There is no n in font nullfont!
Missing character: There is no e in font nullfont!
Missing character: There is no a in font nullfont!
Missing character: There is no l in font nullfont!
Missing character: There is no e in font nullfont!
Missing character: There is no n in font nullfont!
Missing character: There is no t in font nullfont!
Missing character: There is no r in font nullfont!
Missing character: There is no e in font nullfont!
Missing character: There is no l in font nullfont!
Missing character: There is no a in font nullfont!
Missing character: There is no m in font nullfont!
Missing character: There is no a in font nullfont!
Missing character: There is no t in font nullfont!
Missing character: There is no r in font nullfont!
Missing character: There is no i in font nullfont!
Missing character: There is no z in font nullfont!
Missing character: There is no d in font nullfont!
Missing character: There is no e in font nullfont!
Missing character: There is no p in font nullfont!
Missing character: There is no e in font nullfont!
Missing character: There is no s in font nullfont!
Missing character: There is no o in font nullfont!
Missing character: There is no s in font nullfont!
Missing character: There is no q in font nullfont!
Missing character: There is no u in font nullfont!
Missing character: There is no e in font nullfont!
Missing character: There is no c in font nullfont!
Missing character: There is no o in font nullfont!
Missing character: There is no n in font nullfont!
Missing character: There is no e in font nullfont!
Missing character: There is no c in font nullfont!
Missing character: There is no t in font nullfont!
Missing character: There is no a in font nullfont!
Missing character: There is no l in font nullfont!
Missing character: There is no a in font nullfont!
Missing character: There is no c in font nullfont!
Missing character: There is no a in font nullfont!
Missing character: There is no p in font nullfont!
Missing character: There is no a in font nullfont!
Missing character: There is no c in font nullfont!
Missing character: There is no o in font nullfont!
Missing character: There is no n in font nullfont!
Missing character: There is no l in font nullfont!
Missing character: There is no a in font nullfont!
Missing character: There is no c in font nullfont!
Missing character: There is no a in font nullfont!
Missing character: There is no p in font nullfont!
Missing character: There is no a in font nullfont!
Missing character: There is no y in font nullfont!
Missing character: There is no l in font nullfont!
Missing character: There is no a in font nullfont!
Missing character: There is no s in font nullfont!
Missing character: There is no a in font nullfont!
Missing character: There is no l in font nullfont!
Missing character: There is no i in font nullfont!
Missing character: There is no d in font nullfont!
Missing character: There is no a in font nullfont!
Missing character: There is no d in font nullfont!
Missing character: There is no e in font nullfont!
Missing character: There is no l in font nullfont!
Missing character: There is no a in font nullfont!
Missing character: There is no c in font nullfont!
Missing character: There is no a in font nullfont!
Missing character: There is no p in font nullfont!
Missing character: There is no a in font nullfont!
Missing character: There is no a in font nullfont!
Missing character: There is no n in font nullfont!
Missing character: There is no t in font nullfont!
Missing character: There is no e in font nullfont!
Missing character: There is no r in font nullfont!
Missing character: There is no i in font nullfont!
Missing character: There is no o in font nullfont!
Missing character: There is no r in font nullfont!
Missing character: There is no . in font nullfont!

Overfull \hbox (18.62503pt too wide) in paragraph at lines 67--68
\OT1/cmr/bx/n/10 h[]$
 []


Overfull \hbox (60.50711pt too wide) in paragraph at lines 67--68
\OT1/cmr/bx/n/10 W[]\OML/cmm/m/it/10 f[] \/cmr/m/n/10 +
 []


Overfull \hbox (13.87097pt too wide) in paragraph at lines 67--68
\OML/cmm/m/it/10 b[]$
 []


Overfull \hbox (5.00002pt too wide) in paragraph at lines 67--68
\/cmr/m/n/10 ^^So
 []


Overfull \hbox (12.04855pt too wide) in paragraph at lines 67--68
\OT1/cmr/bx/n/10 W$
 []


Overfull \hbox (6.80557pt too wide) in paragraph at lines 67--68
\OML/cmm/m/it/10 L$
 []


Overfull \hbox (14.58337pt too wide) in paragraph at lines 67--68
\OML/cmm/m/it/10 L \OMS/cmsy/m/n/10 ^^@
 []


Overfull \hbox (5.00002pt too wide) in paragraph at lines 67--68
\/cmr/m/n/10 1$
 []

Missing character: There is no e in font nullfont!
Missing character: There is no s in font nullfont!
Missing character: There is no l in font nullfont!
Missing character: There is no a in font nullfont!
Missing character: There is no f in font nullfont!
Missing character: There is no u in font nullfont!
Missing character: There is no n in font nullfont!
Missing character: There is no c in font nullfont!
Missing character: There is no i in font nullfont!
Missing character: There is no n in font nullfont!
Missing character: There is no d in font nullfont!
Missing character: There is no e in font nullfont!
Missing character: There is no a in font nullfont!
Missing character: There is no c in font nullfont!
Missing character: There is no t in font nullfont!
Missing character: There is no i in font nullfont!
Missing character: There is no v in font nullfont!
Missing character: There is no a in font nullfont!
Missing character: There is no c in font nullfont!
Missing character: There is no i in font nullfont!
Missing character: There is no n in font nullfont!
Missing character: There is no . in font nullfont!

Overfull \hbox (16.6285pt too wide) in paragraph at lines 68--69
\OML/cmm/m/it/10 ^^[\/cmr/m/n/10 (\OMS/cmsy/m/n/10 ^^A\/cmr/m/n/10 )$
 []


Overfull \hbox (5.00002pt too wide) in paragraph at lines 68--69
\/cmr/m/n/10 ^^So
 []


Overfull \hbox (5.00002pt too wide) in paragraph at lines 68--69
\/cmr/m/n/10 ^^So 
 []

Missing character: There is no t in font nullfont!
Missing character: There is no a in font nullfont!
Missing character: There is no l in font nullfont!
Missing character: There is no q in font nullfont!
Missing character: There is no u in font nullfont!
Missing character: There is no e in font nullfont!
! Undefined control sequence.
l.69 ...mathbf{X}$ tal que $\mathbf{X} \in \mathbb
                                                  {R}^{d}$, con $d$ el n^^c3...
The control sequence at the end of the top line
of your error message was never \def'ed. If you have
misspelled it (e.g., `\hobx'), type `I' and the correct
spelling (e.g., `I\hbox'). Otherwise just continue,
and I'll forget about whatever was undefined.

Missing character: There is no , in font nullfont!
Missing character: There is no c in font nullfont!
Missing character: There is no o in font nullfont!
Missing character: There is no n in font nullfont!
Missing character: There is no e in font nullfont!
Missing character: There is no l in font nullfont!
Missing character: There is no n in font nullfont!
Missing character: There is no m in font nullfont!
Missing character: There is no e in font nullfont!
Missing character: There is no r in font nullfont!
Missing character: There is no o in font nullfont!
Missing character: There is no d in font nullfont!
Missing character: There is no e in font nullfont!
Missing character: There is no e in font nullfont!
Missing character: There is no n in font nullfont!
Missing character: There is no t in font nullfont!
Missing character: There is no r in font nullfont!
Missing character: There is no a in font nullfont!
Missing character: There is no d in font nullfont!
Missing character: There is no a in font nullfont!
Missing character: There is no s in font nullfont!
Missing character: There is no . in font nullfont!

Overfull \hbox (27.68053pt too wide) in paragraph at lines 69--70
\OT1/cmr/bx/n/10 h[] \/cmr/m/n/10 =
 []


Overfull \hbox (8.6944pt too wide) in paragraph at lines 69--70
\OT1/cmr/bx/n/10 X$
 []


Overfull \hbox (18.1388pt too wide) in paragraph at lines 69--70
\OT1/cmr/bx/n/10 X \OMS/cmsy/m/n/10 2
 []


Overfull \hbox (12.33302pt too wide) in paragraph at lines 69--70
\OML/cmm/m/it/10 R[]$
 []


Overfull \hbox (5.20486pt too wide) in paragraph at lines 69--70
\OML/cmm/m/it/10 d$
 []


Overfull \hbox (5.55557pt too wide) in paragraph at lines 69--70
\/cmr/m/n/10 ^^Su
 []


! LaTeX Error: \begin{document} ended by \end{definition}.

See the LaTeX manual or LaTeX Companion for explanation.
Type  H <return>  for immediate help.
 ...                                              
                                                  
l.74 \end{definition}
                     
Your command was ignored.
Type  I <command> <return>  to replace it with another command,
or  <return>  to continue without it.


! LaTeX Error: Environment definition undefined.

See the LaTeX manual or LaTeX Companion for explanation.
Type  H <return>  for immediate help.
 ...                                              
                                                  
l.77 \begin{definition}
                       [Red Neuronal]
Your command was ignored.
Type  I <command> <return>  to replace it with another command,
or  <return>  to continue without it.

Missing character: There is no [ in font nullfont!
Missing character: There is no R in font nullfont!
Missing character: There is no e in font nullfont!
Missing character: There is no d in font nullfont!
Missing character: There is no N in font nullfont!
Missing character: There is no e in font nullfont!
Missing character: There is no u in font nullfont!
Missing character: There is no r in font nullfont!
Missing character: There is no o in font nullfont!
Missing character: There is no n in font nullfont!
Missing character: There is no a in font nullfont!
Missing character: There is no l in font nullfont!
Missing character: There is no ] in font nullfont!
Missing character: There is no U in font nullfont!
Missing character: There is no n in font nullfont!
Missing character: There is no a in font nullfont!
Missing character: There is no c in font nullfont!
Missing character: There is no o in font nullfont!
Missing character: There is no n in font nullfont!

LaTeX Font Warning: Command \boldmath invalid in math mode on input line 78.


LaTeX Font Warning: Command \mathversion invalid in math mode on input line 78.


Missing character: There is no c in font nullfont!
Missing character: There is no a in font nullfont!
Missing character: There is no p in font nullfont!
Missing character: There is no a in font nullfont!
Missing character: There is no s in font nullfont!
Missing character: There is no e in font nullfont!
Missing character: There is no s in font nullfont!
Missing character: There is no l in font nullfont!
Missing character: There is no a in font nullfont!
Missing character: There is no c in font nullfont!
Missing character: There is no o in font nullfont!
Missing character: There is no m in font nullfont!
Missing character: There is no p in font nullfont!
Missing character: There is no o in font nullfont!
Missing character: There is no s in font nullfont!
Missing character: There is no i in font nullfont!
Missing character: There is no c in font nullfont!
Missing character: There is no i in font nullfont!
Missing character: There is no n in font nullfont!
Missing character: There is no d in font nullfont!
Missing character: There is no e in font nullfont!
Missing character: There is no l in font nullfont!
Missing character: There is no a in font nullfont!
Missing character: There is no s in font nullfont!
Missing character: There is no f in font nullfont!
Missing character: There is no u in font nullfont!
Missing character: There is no n in font nullfont!
Missing character: There is no c in font nullfont!
Missing character: There is no i in font nullfont!
Missing character: There is no o in font nullfont!
Missing character: There is no n in font nullfont!
Missing character: There is no e in font nullfont!
Missing character: There is no s in font nullfont!
Missing character: There is no , in font nullfont!
! Undefined control sequence.
l.78 ...e las funciones $f_i$ , $i \in \{1, \dotsc
                                                   , \mathbf{L}\}$ tales que:
The control sequence at the end of the top line
of your error message was never \def'ed. If you have
misspelled it (e.g., `\hobx'), type `I' and the correct
spelling (e.g., `I\hbox'). Otherwise just continue,
and I'll forget about whatever was undefined.

Missing character: There is no t in font nullfont!
Missing character: There is no a in font nullfont!
Missing character: There is no l in font nullfont!
Missing character: There is no e in font nullfont!
Missing character: There is no s in font nullfont!
Missing character: There is no q in font nullfont!
Missing character: There is no u in font nullfont!
Missing character: There is no e in font nullfont!
Missing character: There is no : in font nullfont!

Overfull \hbox (20.0pt too wide) in paragraph at lines 77--79
[]
 []


Overfull \hbox (20.28462pt too wide) in paragraph at lines 77--79
\OT1/cmr/bx/n/10 Red
 []


Overfull \hbox (24.49294pt too wide) in paragraph at lines 77--79
\OT1/cmr/bx/n/10 Neu-
 []


Overfull \hbox (25.65958pt too wide) in paragraph at lines 77--79
\OT1/cmr/bx/n/10 ronal
 []


Overfull \hbox (6.91663pt too wide) in paragraph at lines 77--79
\OT1/cmr/bx/n/10 L$
 []


Overfull \hbox (5.00002pt too wide) in paragraph at lines 77--79
\/cmr/m/n/10 ^^So
 []


Overfull \hbox (8.22514pt too wide) in paragraph at lines 77--79
\OML/cmm/m/it/10 f[]$
 []


Overfull \hbox (12.88953pt too wide) in paragraph at lines 77--79
\OML/cmm/m/it/10 i \OMS/cmsy/m/n/10 2
 []


Overfull \hbox (30.8055pt too wide) in paragraph at lines 77--79
\OMS/cmsy/m/n/10 f\/cmr/m/n/10 1\OML/cmm/m/it/10 ; ; \OT1/cmr/bx/n/10 L\OMS/cms
y/m/n/10 g$
 []


Overfull \hbox (20.0pt too wide) in paragraph at lines 80--80
[][] 
 []

! Undefined control sequence.
l.80 ...f^{(\mathbf{L})}(f^{(\mathbf{L}-1)}(\dotsc
                                                   f^{(2)}(f^{(1)}(x))))\]
The control sequence at the end of the top line
of your error message was never \def'ed. If you have
misspelled it (e.g., `\hobx'), type `I' and the correct
spelling (e.g., `I\hbox'). Otherwise just continue,
and I'll forget about whatever was undefined.


Overfull \hbox (177.56181pt too wide) detected at line 80
\OML/cmm/m/it/10 y \/cmr/m/n/10 = \OML/cmm/m/it/10 f\/cmr/m/n/10 (\OML/cmm/m/it
/10 x\/cmr/m/n/10 ; \OML/cmm/m/it/10 ^^R\/cmr/m/n/10 ) = \OML/cmm/m/it/10 f[]\/
cmr/m/n/10 (\OML/cmm/m/it/10 f[]\/cmr/m/n/10 (\OML/cmm/m/it/10 f[]\/cmr/m/n/10 
(\OML/cmm/m/it/10 f[]\/cmr/m/n/10 (\OML/cmm/m/it/10 x\/cmr/m/n/10 ))))
 []

Missing character: There is no D in font nullfont!
Missing character: There is no o in font nullfont!
Missing character: There is no n in font nullfont!
Missing character: There is no d in font nullfont!
Missing character: There is no e in font nullfont!
Missing character: There is no : in font nullfont!
Missing character: There is no e in font nullfont!
Missing character: There is no s in font nullfont!
Missing character: There is no e in font nullfont!
Missing character: There is no l in font nullfont!
Missing character: There is no v in font nullfont!
Missing character: There is no e in font nullfont!
Missing character: There is no c in font nullfont!
Missing character: There is no t in font nullfont!
Missing character: There is no o in font nullfont!
Missing character: There is no r in font nullfont!
Missing character: There is no d in font nullfont!
Missing character: There is no e in font nullfont!
Missing character: There is no e in font nullfont!
Missing character: There is no n in font nullfont!
Missing character: There is no t in font nullfont!
Missing character: There is no r in font nullfont!
Missing character: There is no a in font nullfont!
Missing character: There is no d in font nullfont!
Missing character: There is no a in font nullfont!
Missing character: There is no . in font nullfont!

Overfull \hbox (6.06941pt too wide) in paragraph at lines 83--84
\OT1/cmr/bx/n/10 x$
 []

Missing character: There is no e in font nullfont!
Missing character: There is no s in font nullfont!
Missing character: There is no l in font nullfont!
Missing character: There is no a in font nullfont!
Missing character: There is no t in font nullfont!
Missing character: There is no r in font nullfont!
Missing character: There is no a in font nullfont!
Missing character: There is no n in font nullfont!
Missing character: There is no s in font nullfont!
Missing character: There is no f in font nullfont!
Missing character: There is no o in font nullfont!
Missing character: There is no r in font nullfont!
Missing character: There is no m in font nullfont!
Missing character: There is no a in font nullfont!
Missing character: There is no c in font nullfont!
Missing character: There is no i in font nullfont!
Missing character: There is no n in font nullfont!
Missing character: There is no r in font nullfont!
Missing character: There is no e in font nullfont!
Missing character: There is no a in font nullfont!
Missing character: There is no l in font nullfont!
Missing character: There is no i in font nullfont!
Missing character: There is no z in font nullfont!
Missing character: There is no a in font nullfont!
Missing character: There is no d in font nullfont!
Missing character: There is no a in font nullfont!
Missing character: There is no p in font nullfont!
Missing character: There is no o in font nullfont!
Missing character: There is no r in font nullfont!
Missing character: There is no l in font nullfont!
Missing character: There is no a in font nullfont!
Missing character: There is no c in font nullfont!
Missing character: There is no a in font nullfont!
Missing character: There is no p in font nullfont!
Missing character: There is no a in font nullfont!
Missing character: There is no i in font nullfont!
Missing character: There is no - in font nullfont!
Missing character: There is no s in font nullfont!
Missing character: There is no i in font nullfont!
Missing character: There is no m in font nullfont!
Missing character: There is no a in font nullfont!
Missing character: There is no . in font nullfont!

Overfull \hbox (8.22514pt too wide) in paragraph at lines 84--85
\OML/cmm/m/it/10 f[]$
 []


Overfull \hbox (5.00002pt too wide) in paragraph at lines 84--85
\/cmr/m/n/10 ^^So
 []


Overfull \hbox (4.44444pt too wide) in paragraph at lines 84--85
\/cmr/m/n/10 ^^Se 
 []

Missing character: There is no s in font nullfont!
Missing character: There is no o in font nullfont!
Missing character: There is no n in font nullfont!
Missing character: There is no l in font nullfont!
Missing character: There is no o in font nullfont!
Missing character: There is no s in font nullfont!
Missing character: There is no p in font nullfont!
Missing character: There is no a in font nullfont!
Missing character: There is no r in font nullfont!
Missing character: There is no a in font nullfont!
Missing character: There is no m in font nullfont!
Missing character: There is no t in font nullfont!
Missing character: There is no r in font nullfont!
Missing character: There is no o in font nullfont!
Missing character: There is no s in font nullfont!
Missing character: There is no d in font nullfont!
Missing character: There is no e in font nullfont!
Missing character: There is no l in font nullfont!
Missing character: There is no a in font nullfont!
Missing character: There is no r in font nullfont!
Missing character: There is no e in font nullfont!
Missing character: There is no d in font nullfont!
Missing character: There is no ( in font nullfont!
Missing character: There is no p in font nullfont!
Missing character: There is no e in font nullfont!
Missing character: There is no s in font nullfont!
Missing character: There is no o in font nullfont!
Missing character: There is no s in font nullfont!
Missing character: There is no y in font nullfont!
Missing character: There is no b in font nullfont!
Missing character: There is no i in font nullfont!
Missing character: There is no a in font nullfont!
Missing character: There is no s in font nullfont!
Missing character: There is no ) in font nullfont!
Missing character: There is no . in font nullfont!

Overfull \hbox (4.97223pt too wide) in paragraph at lines 85--86
\OML/cmm/m/it/10 ^^R$
 []


Overfull \hbox (4.44444pt too wide) in paragraph at lines 85--86
\/cmr/m/n/10 ^^Se
 []

Missing character: There is no e in font nullfont!
Missing character: There is no s in font nullfont!
Missing character: There is no l in font nullfont!
Missing character: There is no a in font nullfont!
Missing character: There is no s in font nullfont!
Missing character: There is no a in font nullfont!
Missing character: There is no l in font nullfont!
Missing character: There is no i in font nullfont!
Missing character: There is no d in font nullfont!
Missing character: There is no a in font nullfont!
Missing character: There is no . in font nullfont!

Overfull \hbox (6.22914pt too wide) in paragraph at lines 86--87
\OT1/cmr/bx/n/10 y$
 []


! LaTeX Error: \begin{document} ended by \end{definition}.

See the LaTeX manual or LaTeX Companion for explanation.
Type  H <return>  for immediate help.
 ...                                              
                                                  
l.88 \end{definition}
                     
Your command was ignored.
Type  I <command> <return>  to replace it with another command,
or  <return>  to continue without it.


! LaTeX Error: Environment definition undefined.

See the LaTeX manual or LaTeX Companion for explanation.
Type  H <return>  for immediate help.
 ...                                              
                                                  
l.90 \begin{definition}
                       [Funci^^c3^^b3n de p^^c3^^a9rdida]
Your command was ignored.
Type  I <command> <return>  to replace it with another command,
or  <return>  to continue without it.

Missing character: There is no [ in font nullfont!
Missing character: There is no F in font nullfont!
Missing character: There is no u in font nullfont!
Missing character: There is no n in font nullfont!
Missing character: There is no c in font nullfont!
Missing character: There is no i in font nullfont!
Missing character: There is no n in font nullfont!
Missing character: There is no d in font nullfont!
Missing character: There is no e in font nullfont!
Missing character: There is no p in font nullfont!
Missing character: There is no r in font nullfont!
Missing character: There is no d in font nullfont!
Missing character: There is no i in font nullfont!
Missing character: There is no d in font nullfont!
Missing character: There is no a in font nullfont!
Missing character: There is no ] in font nullfont!
Missing character: There is no S in font nullfont!
Missing character: There is no e in font nullfont!
Missing character: There is no a in font nullfont!
Missing character: There is no e in font nullfont!
Missing character: There is no l in font nullfont!
Missing character: There is no v in font nullfont!
Missing character: There is no a in font nullfont!
Missing character: There is no l in font nullfont!
Missing character: There is no o in font nullfont!
Missing character: There is no r in font nullfont!
Missing character: There is no v in font nullfont!
Missing character: There is no e in font nullfont!
Missing character: There is no r in font nullfont!
Missing character: There is no d in font nullfont!
Missing character: There is no a in font nullfont!
Missing character: There is no d in font nullfont!
Missing character: There is no e in font nullfont!
Missing character: There is no r in font nullfont!
Missing character: There is no o in font nullfont!
Missing character: There is no d in font nullfont!
Missing character: There is no e in font nullfont!
Missing character: There is no l in font nullfont!
Missing character: There is no r in font nullfont!
Missing character: There is no e in font nullfont!
Missing character: There is no s in font nullfont!
Missing character: There is no u in font nullfont!
Missing character: There is no l in font nullfont!
Missing character: There is no t in font nullfont!
Missing character: There is no a in font nullfont!
Missing character: There is no d in font nullfont!
Missing character: There is no o in font nullfont!
Missing character: There is no d in font nullfont!
Missing character: There is no e in font nullfont!
Missing character: There is no u in font nullfont!
Missing character: There is no n in font nullfont!
Missing character: There is no a in font nullfont!
Missing character: There is no t in font nullfont!
Missing character: There is no a in font nullfont!
Missing character: There is no r in font nullfont!
Missing character: There is no e in font nullfont!
Missing character: There is no a in font nullfont!
Missing character: There is no d in font nullfont!
Missing character: There is no e in font nullfont!
Missing character: There is no a in font nullfont!
Missing character: There is no p in font nullfont!
Missing character: There is no r in font nullfont!
Missing character: There is no e in font nullfont!
Missing character: There is no n in font nullfont!
Missing character: There is no d in font nullfont!
Missing character: There is no i in font nullfont!
Missing character: There is no z in font nullfont!
Missing character: There is no a in font nullfont!
Missing character: There is no j in font nullfont!
Missing character: There is no e in font nullfont!
Missing character: There is no , in font nullfont!
Missing character: There is no u in font nullfont!
Missing character: There is no n in font nullfont!
Missing character: There is no a in font nullfont!
Missing character: There is no r in font nullfont!
Missing character: There is no e in font nullfont!
Missing character: There is no d in font nullfont!
Missing character: There is no n in font nullfont!
Missing character: There is no e in font nullfont!
Missing character: There is no u in font nullfont!
Missing character: There is no r in font nullfont!
Missing character: There is no o in font nullfont!
Missing character: There is no n in font nullfont!
Missing character: There is no a in font nullfont!
Missing character: There is no l in font nullfont!
Missing character: There is no , in font nullfont!
Missing character: There is no e in font nullfont!
Missing character: There is no n in font nullfont!
Missing character: There is no t in font nullfont!
Missing character: There is no o in font nullfont!
Missing character: There is no n in font nullfont!
Missing character: There is no c in font nullfont!
Missing character: There is no e in font nullfont!
Missing character: There is no s in font nullfont!
Missing character: There is no l in font nullfont!
Missing character: There is no a in font nullfont!
Missing character: There is no f in font nullfont!
Missing character: There is no u in font nullfont!
Missing character: There is no n in font nullfont!
Missing character: There is no c in font nullfont!
Missing character: There is no i in font nullfont!
Missing character: There is no n in font nullfont!
Missing character: There is no d in font nullfont!
Missing character: There is no e in font nullfont!
Missing character: There is no p in font nullfont!
Missing character: There is no r in font nullfont!
Missing character: There is no d in font nullfont!
Missing character: There is no i in font nullfont!
Missing character: There is no d in font nullfont!
Missing character: There is no a in font nullfont!

Overfull \hbox (25.00002pt too wide) in paragraph at lines 90--92
[]\/cmr/m/n/10 ^^So
 []


Overfull \hbox (4.44444pt too wide) in paragraph at lines 90--92
\/cmr/m/n/10 ^^Se
 []


Overfull \hbox (5.2616pt too wide) in paragraph at lines 90--92
\OML/cmm/m/it/10 y$
 []


Overfull \hbox (15.81711pt too wide) in paragraph at lines 90--92
[] \/cmr/m/n/10 =
 []


Overfull \hbox (28.88197pt too wide) in paragraph at lines 90--92
\OML/cmm/m/it/10 f\/cmr/m/n/10 (\OML/cmm/m/it/10 x\/cmr/m/n/10 ; \OML/cmm/m/it/
10 ^^R\/cmr/m/n/10 )$
 []


Overfull \hbox (5.00002pt too wide) in paragraph at lines 90--92
\/cmr/m/n/10 ^^So
 []


Overfull \hbox (4.44444pt too wide) in paragraph at lines 90--92
\/cmr/m/n/10 ^^Se 
 []


Overfull \hbox (29.66203pt too wide) detected at line 92
\OT1/cmr/bx/n/10 L\/cmr/m/n/10 (\OML/cmm/m/it/10 y; []\/cmr/m/n/10 )
 []

Missing character: There is no m in font nullfont!
Missing character: There is no i in font nullfont!
Missing character: There is no d in font nullfont!
Missing character: There is no e in font nullfont!
Missing character: There is no l in font nullfont!
Missing character: There is no a in font nullfont!
Missing character: There is no d in font nullfont!
Missing character: There is no i in font nullfont!
Missing character: There is no f in font nullfont!
Missing character: There is no e in font nullfont!
Missing character: There is no r in font nullfont!
Missing character: There is no e in font nullfont!
Missing character: There is no n in font nullfont!
Missing character: There is no c in font nullfont!
Missing character: There is no i in font nullfont!
Missing character: There is no a in font nullfont!
Missing character: There is no e in font nullfont!
Missing character: There is no n in font nullfont!
Missing character: There is no t in font nullfont!
Missing character: There is no r in font nullfont!
Missing character: There is no e in font nullfont!
Missing character: There is no a in font nullfont!
Missing character: There is no m in font nullfont!
Missing character: There is no b in font nullfont!
Missing character: There is no o in font nullfont!
Missing character: There is no s in font nullfont!
Missing character: There is no , in font nullfont!
Missing character: There is no v in font nullfont!
Missing character: There is no a in font nullfont!
Missing character: There is no l in font nullfont!
Missing character: There is no o in font nullfont!
Missing character: There is no r in font nullfont!
Missing character: There is no v in font nullfont!
Missing character: There is no e in font nullfont!
Missing character: There is no r in font nullfont!
Missing character: There is no d in font nullfont!
Missing character: There is no a in font nullfont!
Missing character: There is no d in font nullfont!
Missing character: There is no e in font nullfont!
Missing character: There is no r in font nullfont!
Missing character: There is no o in font nullfont!
Missing character: There is no y in font nullfont!
Missing character: There is no v in font nullfont!
Missing character: There is no a in font nullfont!
Missing character: There is no l in font nullfont!
Missing character: There is no o in font nullfont!
Missing character: There is no r in font nullfont!
Missing character: There is no p in font nullfont!
Missing character: There is no r in font nullfont!
Missing character: There is no e in font nullfont!
Missing character: There is no d in font nullfont!
Missing character: There is no i in font nullfont!
Missing character: There is no c in font nullfont!
Missing character: There is no h in font nullfont!
Missing character: There is no o in font nullfont!
Missing character: There is no , in font nullfont!
Missing character: There is no d in font nullfont!
Missing character: There is no o in font nullfont!
Missing character: There is no n in font nullfont!
Missing character: There is no d in font nullfont!
Missing character: There is no e in font nullfont!
Missing character: There is no e in font nullfont!
Missing character: There is no l in font nullfont!
Missing character: There is no o in font nullfont!
Missing character: There is no b in font nullfont!
Missing character: There is no j in font nullfont!
Missing character: There is no e in font nullfont!
Missing character: There is no t in font nullfont!
Missing character: There is no i in font nullfont!
Missing character: There is no v in font nullfont!
Missing character: There is no o in font nullfont!
Missing character: There is no e in font nullfont!
Missing character: There is no s in font nullfont!
Missing character: There is no e in font nullfont!
Missing character: There is no n in font nullfont!
Missing character: There is no c in font nullfont!
Missing character: There is no o in font nullfont!
Missing character: There is no n in font nullfont!
Missing character: There is no t in font nullfont!
Missing character: There is no r in font nullfont!
Missing character: There is no a in font nullfont!
Missing character: There is no r in font nullfont!
Missing character: There is no l in font nullfont!
Missing character: There is no o in font nullfont!
Missing character: There is no s in font nullfont!
Missing character: There is no p in font nullfont!
Missing character: There is no a in font nullfont!
Missing character: There is no r in font nullfont!
Missing character: There is no a in font nullfont!
Missing character: There is no m in font nullfont!
Missing character: There is no e in font nullfont!
Missing character: There is no t in font nullfont!
Missing character: There is no r in font nullfont!
Missing character: There is no o in font nullfont!
Missing character: There is no s in font nullfont!
Missing character: There is no q in font nullfont!
Missing character: There is no u in font nullfont!
Missing character: There is no e in font nullfont!
Missing character: There is no m in font nullfont!
Missing character: There is no i in font nullfont!
Missing character: There is no n in font nullfont!
Missing character: There is no i in font nullfont!
Missing character: There is no m in font nullfont!
Missing character: There is no i in font nullfont!
Missing character: There is no c in font nullfont!
Missing character: There is no e in font nullfont!
Missing character: There is no n in font nullfont!
Missing character: There is no d in font nullfont!
Missing character: There is no i in font nullfont!
Missing character: There is no c in font nullfont!
Missing character: There is no h in font nullfont!
Missing character: There is no a in font nullfont!
Missing character: There is no f in font nullfont!
Missing character: There is no u in font nullfont!
Missing character: There is no n in font nullfont!
Missing character: There is no c in font nullfont!
Missing character: There is no i in font nullfont!
Missing character: There is no n in font nullfont!
Missing character: There is no , in font nullfont!
Missing character: There is no e in font nullfont!
Missing character: There is no s in font nullfont!
Missing character: There is no d in font nullfont!
Missing character: There is no e in font nullfont!
Missing character: There is no c in font nullfont!
Missing character: There is no i in font nullfont!
Missing character: There is no r in font nullfont!
Missing character: There is no : in font nullfont!

Overfull \hbox (4.97223pt too wide) in paragraph at lines 92--94
                 $\OML/cmm/m/it/10 ^^R$
 []


Overfull \hbox (5.00002pt too wide) in paragraph at lines 92--94
\/cmr/m/n/10 ^^So
 []

! Undefined control sequence.
l.94 \[ \underset
                 {\theta}{\textbf{min}} \frac{1}{N}\sum_{i=1}^N L(y_i,f(x_i;...
The control sequence at the end of the top line
of your error message was never \def'ed. If you have
misspelled it (e.g., `\hobx'), type `I' and the correct
spelling (e.g., `I\hbox'). Otherwise just continue,
and I'll forget about whatever was undefined.


Overfull \hbox (112.91263pt too wide) detected at line 94
\OML/cmm/m/it/10 ^^R[][] [] L\/cmr/m/n/10 (\OML/cmm/m/it/10 y[]; f\/cmr/m/n/10 
(\OML/cmm/m/it/10 x[]\/cmr/m/n/10 ; \OML/cmm/m/it/10 ^^R\/cmr/m/n/10 ))
 []


! LaTeX Error: Environment example undefined.

See the LaTeX manual or LaTeX Companion for explanation.
Type  H <return>  for immediate help.
 ...                                              
                                                  
l.95 \begin{example}
                    
Your command was ignored.
Type  I <command> <return>  to replace it with another command,
or  <return>  to continue without it.

Missing character: There is no L in font nullfont!
Missing character: There is no a in font nullfont!
Missing character: There is no f in font nullfont!
Missing character: There is no u in font nullfont!
Missing character: There is no n in font nullfont!
Missing character: There is no c in font nullfont!
Missing character: There is no i in font nullfont!
Missing character: There is no n in font nullfont!
Missing character: There is no d in font nullfont!
Missing character: There is no e in font nullfont!
Missing character: There is no p in font nullfont!
Missing character: There is no r in font nullfont!
Missing character: There is no d in font nullfont!
Missing character: There is no i in font nullfont!
Missing character: There is no d in font nullfont!
Missing character: There is no a in font nullfont!
Missing character: There is no p in font nullfont!
Missing character: There is no u in font nullfont!
Missing character: There is no e in font nullfont!
Missing character: There is no d in font nullfont!
Missing character: There is no e in font nullfont!
Missing character: There is no v in font nullfont!
Missing character: There is no a in font nullfont!
Missing character: There is no r in font nullfont!
Missing character: There is no i in font nullfont!
Missing character: There is no a in font nullfont!
Missing character: There is no r in font nullfont!
Missing character: There is no d in font nullfont!
Missing character: There is no e in font nullfont!
Missing character: There is no p in font nullfont!
Missing character: There is no e in font nullfont!
Missing character: There is no n in font nullfont!
Missing character: There is no d in font nullfont!
Missing character: There is no i in font nullfont!
Missing character: There is no e in font nullfont!
Missing character: There is no n in font nullfont!
Missing character: There is no d in font nullfont!
Missing character: There is no o in font nullfont!
Missing character: There is no d in font nullfont!
Missing character: There is no e in font nullfont!
Missing character: There is no l in font nullfont!
Missing character: There is no a in font nullfont!
Missing character: There is no t in font nullfont!
Missing character: There is no a in font nullfont!
Missing character: There is no r in font nullfont!
Missing character: There is no e in font nullfont!
Missing character: There is no a in font nullfont!
Missing character: There is no q in font nullfont!
Missing character: There is no u in font nullfont!
Missing character: There is no e in font nullfont!
Missing character: There is no s in font nullfont!
Missing character: There is no e in font nullfont!
Missing character: There is no r in font nullfont!
Missing character: There is no e in font nullfont!
Missing character: There is no a in font nullfont!
Missing character: There is no l in font nullfont!
Missing character: There is no i in font nullfont!
Missing character: There is no c in font nullfont!
Missing character: There is no e in font nullfont!
Missing character: There is no , in font nullfont!
Missing character: There is no a in font nullfont!
Missing character: There is no q in font nullfont!
Missing character: There is no u in font nullfont!
Missing character: There is no t in font nullfont!
Missing character: There is no e in font nullfont!
Missing character: There is no n in font nullfont!
Missing character: There is no e in font nullfont!
Missing character: There is no m in font nullfont!
Missing character: There is no o in font nullfont!
Missing character: There is no s in font nullfont!
Missing character: There is no u in font nullfont!
Missing character: There is no n in font nullfont!
Missing character: There is no a in font nullfont!
Missing character: There is no s in font nullfont!
Missing character: There is no e in font nullfont!
Missing character: There is no r in font nullfont!
Missing character: There is no i in font nullfont!
Missing character: There is no e in font nullfont!
Missing character: There is no d in font nullfont!
Missing character: There is no e in font nullfont!
Missing character: There is no e in font nullfont!
Missing character: There is no j in font nullfont!
Missing character: There is no e in font nullfont!
Missing character: There is no m in font nullfont!
Missing character: There is no p in font nullfont!
Missing character: There is no l in font nullfont!
Missing character: There is no o in font nullfont!
Missing character: There is no d in font nullfont!
Missing character: There is no e in font nullfont!
Missing character: There is no d in font nullfont!
Missing character: There is no i in font nullfont!
Missing character: There is no c in font nullfont!
Missing character: There is no h in font nullfont!
Missing character: There is no a in font nullfont!
Missing character: There is no f in font nullfont!
Missing character: There is no u in font nullfont!
Missing character: There is no n in font nullfont!
Missing character: There is no c in font nullfont!
Missing character: There is no i in font nullfont!
Missing character: There is no n in font nullfont!
Missing character: There is no d in font nullfont!
Missing character: There is no e in font nullfont!
Missing character: There is no p in font nullfont!
Missing character: There is no e in font nullfont!
Missing character: There is no n in font nullfont!
Missing character: There is no d in font nullfont!
Missing character: There is no i in font nullfont!
Missing character: There is no e in font nullfont!
Missing character: There is no n in font nullfont!
Missing character: There is no d in font nullfont!
Missing character: There is no o in font nullfont!
Missing character: There is no d in font nullfont!
Missing character: There is no e in font nullfont!
Missing character: There is no l in font nullfont!
Missing character: There is no c in font nullfont!
Missing character: There is no o in font nullfont!
Missing character: There is no n in font nullfont!
Missing character: There is no t in font nullfont!
Missing character: There is no e in font nullfont!
Missing character: There is no x in font nullfont!
Missing character: There is no t in font nullfont!
Missing character: There is no o in font nullfont!

Overfull \hbox (5.00002pt too wide) in paragraph at lines 94--97
  \/cmr/m/n/10 ^^So
 []


Overfull \hbox (4.44444pt too wide) in paragraph at lines 94--97
\/cmr/m/n/10 ^^Se
 []


Overfull \hbox (2.77779pt too wide) in paragraph at lines 94--97
\/cmr/m/n/10 ^^S^^P
 []


Overfull \hbox (5.00002pt too wide) in paragraph at lines 94--97
\/cmr/m/n/10 ^^So
 []

Missing character: There is no E in font nullfont!
Missing character: There is no s in font nullfont!
Missing character: There is no t in font nullfont!
Missing character: There is no a in font nullfont!
Missing character: There is no f in font nullfont!
Missing character: There is no u in font nullfont!
Missing character: There is no n in font nullfont!
Missing character: There is no c in font nullfont!
Missing character: There is no i in font nullfont!
Missing character: There is no n in font nullfont!
Missing character: There is no d in font nullfont!
Missing character: There is no e in font nullfont!
Missing character: There is no p in font nullfont!
Missing character: There is no r in font nullfont!
Missing character: There is no d in font nullfont!
Missing character: There is no i in font nullfont!
Missing character: There is no d in font nullfont!
Missing character: There is no a in font nullfont!
Missing character: There is no e in font nullfont!
Missing character: There is no s in font nullfont!
Missing character: There is no c in font nullfont!
Missing character: There is no o in font nullfont!
Missing character: There is no m in font nullfont!
Missing character: There is no n in font nullfont!
Missing character: There is no m in font nullfont!
Missing character: There is no e in font nullfont!
Missing character: There is no n in font nullfont!
Missing character: There is no t in font nullfont!
Missing character: There is no e in font nullfont!
Missing character: There is no u in font nullfont!
Missing character: There is no s in font nullfont!
Missing character: There is no a in font nullfont!
Missing character: There is no d in font nullfont!
Missing character: There is no a in font nullfont!
Missing character: There is no e in font nullfont!
Missing character: There is no n in font nullfont!
Missing character: There is no p in font nullfont!
Missing character: There is no r in font nullfont!
Missing character: There is no o in font nullfont!
Missing character: There is no b in font nullfont!
Missing character: There is no l in font nullfont!
Missing character: There is no e in font nullfont!
Missing character: There is no m in font nullfont!
Missing character: There is no a in font nullfont!
Missing character: There is no s in font nullfont!
Missing character: There is no d in font nullfont!
Missing character: There is no e in font nullfont!
Missing character: There is no r in font nullfont!
Missing character: There is no e in font nullfont!
Missing character: There is no g in font nullfont!
Missing character: There is no r in font nullfont!
Missing character: There is no e in font nullfont!
Missing character: There is no s in font nullfont!
Missing character: There is no i in font nullfont!
Missing character: There is no n in font nullfont!
Missing character: There is no . in font nullfont!
Missing character: There is no M in font nullfont!
Missing character: There is no i in font nullfont!
Missing character: There is no d in font nullfont!
Missing character: There is no e in font nullfont!
Missing character: There is no l in font nullfont!
Missing character: There is no a in font nullfont!
Missing character: There is no d in font nullfont!
Missing character: There is no i in font nullfont!
Missing character: There is no f in font nullfont!
Missing character: There is no e in font nullfont!
Missing character: There is no r in font nullfont!
Missing character: There is no e in font nullfont!
Missing character: There is no n in font nullfont!
Missing character: There is no c in font nullfont!
Missing character: There is no i in font nullfont!
Missing character: There is no a in font nullfont!
Missing character: There is no e in font nullfont!
Missing character: There is no n in font nullfont!
Missing character: There is no t in font nullfont!
Missing character: There is no r in font nullfont!
Missing character: There is no e in font nullfont!
Missing character: There is no l in font nullfont!
Missing character: There is no s in font nullfont!
Missing character: There is no o in font nullfont!
Missing character: There is no v in font nullfont!
Missing character: There is no a in font nullfont!
Missing character: There is no l in font nullfont!
Missing character: There is no o in font nullfont!
Missing character: There is no r in font nullfont!
Missing character: There is no e in font nullfont!
Missing character: There is no s in font nullfont!
Missing character: There is no , in font nullfont!
Missing character: There is no e in font nullfont!
Missing character: There is no l in font nullfont!
Missing character: There is no e in font nullfont!
Missing character: There is no v in font nullfont!
Missing character: There is no a in font nullfont!
Missing character: There is no n in font nullfont!
Missing character: There is no d in font nullfont!
Missing character: There is no o in font nullfont!
Missing character: There is no a in font nullfont!
Missing character: There is no l in font nullfont!
Missing character: There is no c in font nullfont!
Missing character: There is no u in font nullfont!
Missing character: There is no a in font nullfont!
Missing character: There is no d in font nullfont!
Missing character: There is no r in font nullfont!
Missing character: There is no a in font nullfont!
Missing character: There is no d in font nullfont!
Missing character: There is no o in font nullfont!
Missing character: There is no d in font nullfont!
Missing character: There is no i in font nullfont!
Missing character: There is no c in font nullfont!
Missing character: There is no h in font nullfont!
Missing character: There is no a in font nullfont!
Missing character: There is no d in font nullfont!
Missing character: There is no i in font nullfont!
Missing character: There is no f in font nullfont!
Missing character: There is no e in font nullfont!
Missing character: There is no r in font nullfont!
Missing character: There is no e in font nullfont!
Missing character: There is no n in font nullfont!
Missing character: There is no c in font nullfont!
Missing character: There is no i in font nullfont!
Missing character: There is no a in font nullfont!
Missing character: There is no : in font nullfont!

Overfull \hbox (27.51378pt too wide) in paragraph at lines 98--100
\OT1/cmr/bx/n/10 Error
 []


Overfull \hbox (52.33302pt too wide) in paragraph at lines 98--100
\OT1/cmr/bx/n/10 cuadr^^Satico
 []


Overfull \hbox (30.18735pt too wide) in paragraph at lines 98--100
\OT1/cmr/bx/n/10 medio
 []


Overfull \hbox (33.80537pt too wide) in paragraph at lines 98--100
\OT1/cmr/bx/n/10 (MSE) 
 []


Overfull \hbox (5.00002pt too wide) in paragraph at lines 98--100
\/cmr/m/n/10 ^^So
 []


Overfull \hbox (4.44444pt too wide) in paragraph at lines 98--100
\/cmr/m/n/10 ^^Se
 []


Overfull \hbox (5.55557pt too wide) in paragraph at lines 98--100
\/cmr/m/n/10 ^^Su
 []


Overfull \hbox (5.00002pt too wide) in paragraph at lines 98--100
\/cmr/m/n/10 ^^So
 []


Overfull \hbox (5.2616pt too wide) in paragraph at lines 98--100
\OML/cmm/m/it/10 y$
 []


Overfull \hbox (5.2616pt too wide) in paragraph at lines 98--100
[]$
 []


Overfull \hbox (107.0262pt too wide) detected at line 100
\OML/cmm/m/it/10 L\/cmr/m/n/10 (\OML/cmm/m/it/10 y; []\/cmr/m/n/10 ) = [] [](\O
ML/cmm/m/it/10 y[] \OMS/cmsy/m/n/10 ^^@ []\/cmr/m/n/10 )[]
 []

Missing character: There is no U in font nullfont!
Missing character: There is no t in font nullfont!
Missing character: There is no i in font nullfont!
Missing character: There is no l in font nullfont!
Missing character: There is no i in font nullfont!
Missing character: There is no z in font nullfont!
Missing character: There is no a in font nullfont!
Missing character: There is no d in font nullfont!
Missing character: There is no a in font nullfont!
Missing character: There is no t in font nullfont!
Missing character: There is no a in font nullfont!
Missing character: There is no m in font nullfont!
Missing character: There is no b in font nullfont!
Missing character: There is no i in font nullfont!
Missing character: There is no n in font nullfont!
Missing character: There is no p in font nullfont!
Missing character: There is no a in font nullfont!
Missing character: There is no r in font nullfont!
Missing character: There is no a in font nullfont!
Missing character: There is no t in font nullfont!
Missing character: There is no a in font nullfont!
Missing character: There is no r in font nullfont!
Missing character: There is no e in font nullfont!
Missing character: There is no a in font nullfont!
Missing character: There is no s in font nullfont!
Missing character: There is no d in font nullfont!
Missing character: There is no e in font nullfont!
Missing character: There is no r in font nullfont!
Missing character: There is no e in font nullfont!
Missing character: There is no g in font nullfont!
Missing character: There is no r in font nullfont!
Missing character: There is no e in font nullfont!
Missing character: There is no s in font nullfont!
Missing character: There is no i in font nullfont!
Missing character: There is no n in font nullfont!
Missing character: There is no q in font nullfont!
Missing character: There is no u in font nullfont!
Missing character: There is no e in font nullfont!
Missing character: There is no m in font nullfont!
Missing character: There is no i in font nullfont!
Missing character: There is no d in font nullfont!
Missing character: There is no e in font nullfont!
Missing character: There is no l in font nullfont!
Missing character: There is no a in font nullfont!
Missing character: There is no m in font nullfont!
Missing character: There is no a in font nullfont!
Missing character: There is no g in font nullfont!
Missing character: There is no n in font nullfont!
Missing character: There is no i in font nullfont!
Missing character: There is no t in font nullfont!
Missing character: There is no u in font nullfont!
Missing character: There is no d in font nullfont!
Missing character: There is no d in font nullfont!
Missing character: There is no e in font nullfont!
Missing character: There is no l in font nullfont!
Missing character: There is no o in font nullfont!
Missing character: There is no s in font nullfont!
Missing character: There is no e in font nullfont!
Missing character: There is no r in font nullfont!
Missing character: There is no o in font nullfont!
Missing character: There is no r in font nullfont!
Missing character: There is no e in font nullfont!
Missing character: There is no s in font nullfont!
Missing character: There is no d in font nullfont!
Missing character: There is no e in font nullfont!
Missing character: There is no m in font nullfont!
Missing character: There is no a in font nullfont!
Missing character: There is no n in font nullfont!
Missing character: There is no e in font nullfont!
Missing character: There is no r in font nullfont!
Missing character: There is no a in font nullfont!
Missing character: There is no m in font nullfont!
Missing character: There is no s in font nullfont!
Missing character: There is no r in font nullfont!
Missing character: There is no o in font nullfont!
Missing character: There is no b in font nullfont!
Missing character: There is no u in font nullfont!
Missing character: There is no s in font nullfont!
Missing character: There is no t in font nullfont!
Missing character: There is no a in font nullfont!
Missing character: There is no , in font nullfont!
Missing character: There is no s in font nullfont!
Missing character: There is no e in font nullfont!
Missing character: There is no d in font nullfont!
Missing character: There is no e in font nullfont!
Missing character: There is no f in font nullfont!
Missing character: There is no i in font nullfont!
Missing character: There is no n in font nullfont!
Missing character: There is no e in font nullfont!
Missing character: There is no c in font nullfont!
Missing character: There is no o in font nullfont!
Missing character: There is no m in font nullfont!
Missing character: There is no o in font nullfont!
Missing character: There is no : in font nullfont!

Overfull \hbox (27.51378pt too wide) in paragraph at lines 101--103
\OT1/cmr/bx/n/10 Error
 []


Overfull \hbox (15.8124pt too wide) in paragraph at lines 101--103
\OT1/cmr/bx/n/10 ab-
 []


Overfull \hbox (14.11935pt too wide) in paragraph at lines 101--103
\OT1/cmr/bx/n/10 so-
 []


Overfull \hbox (19.80545pt too wide) in paragraph at lines 101--103
\OT1/cmr/bx/n/10 luto
 []


Overfull \hbox (30.18735pt too wide) in paragraph at lines 101--103
\OT1/cmr/bx/n/10 medio
 []


Overfull \hbox (36.11092pt too wide) in paragraph at lines 101--103
\OT1/cmr/bx/n/10 (MAE) 
 []


Overfull \hbox (4.44444pt too wide) in paragraph at lines 101--103
\/cmr/m/n/10 ^^Se
 []


Overfull \hbox (5.00002pt too wide) in paragraph at lines 101--103
\/cmr/m/n/10 ^^So
 []


Overfull \hbox (5.00002pt too wide) in paragraph at lines 101--103
\/cmr/m/n/10 ^^Sa
 []


! LaTeX Error: The font size command \normalsize is not defined:
               there is probably something wrong with the class file.

See the LaTeX manual or LaTeX Companion for explanation.
Type  H <return>  for immediate help.
 ...                                              
                                                  
l.103 \[
        
Your command was ignored.
Type  I <command> <return>  to replace it with another command,
or  <return>  to continue without it.

[1{C:/Users/mauri/AppData/Local/MiKTeX/fonts/map/pdftex/pdftex.map}
! Undefined control sequence.
<write> \newlabel{fig:perceptron}{{}{\thepage 
                                              }}
l.103 \[
        
The control sequence at the end of the top line
of your error message was never \def'ed. If you have
misspelled it (e.g., `\hobx'), type `I' and the correct
spelling (e.g., `I\hbox'). Otherwise just continue,
and I'll forget about whatever was undefined.

\newlabel{fig:perceptron}{{}{}}
]
Overfull \hbox (101.98447pt too wide) detected at line 105
\OML/cmm/m/it/10 L\/cmr/m/n/10 (\OML/cmm/m/it/10 y; []\/cmr/m/n/10 ) = [] [] \O
MS/cmsy/m/n/10 j\OML/cmm/m/it/10 y[] \OMS/cmsy/m/n/10 ^^@ []j
 []

Missing character: There is no E in font nullfont!
Missing character: There is no s in font nullfont!
Missing character: There is no t in font nullfont!
Missing character: There is no a in font nullfont!
Missing character: There is no f in font nullfont!
Missing character: There is no u in font nullfont!
Missing character: There is no n in font nullfont!
Missing character: There is no c in font nullfont!
Missing character: There is no i in font nullfont!
Missing character: There is no n in font nullfont!
Missing character: There is no e in font nullfont!
Missing character: There is no s in font nullfont!
Missing character: There is no u in font nullfont!
Missing character: There is no t in font nullfont!
Missing character: There is no i in font nullfont!
Missing character: There is no l in font nullfont!
Missing character: There is no i in font nullfont!
Missing character: There is no z in font nullfont!
Missing character: There is no a in font nullfont!
Missing character: There is no d in font nullfont!
Missing character: There is no a in font nullfont!
Missing character: There is no h in font nullfont!
Missing character: There is no a in font nullfont!
Missing character: There is no b in font nullfont!
Missing character: There is no i in font nullfont!
Missing character: There is no t in font nullfont!
Missing character: There is no u in font nullfont!
Missing character: There is no a in font nullfont!
Missing character: There is no l in font nullfont!
Missing character: There is no m in font nullfont!
Missing character: There is no e in font nullfont!
Missing character: There is no n in font nullfont!
Missing character: There is no t in font nullfont!
Missing character: There is no e in font nullfont!
Missing character: There is no e in font nullfont!
Missing character: There is no n in font nullfont!
Missing character: There is no p in font nullfont!
Missing character: There is no r in font nullfont!
Missing character: There is no o in font nullfont!
Missing character: There is no b in font nullfont!
Missing character: There is no l in font nullfont!
Missing character: There is no e in font nullfont!
Missing character: There is no m in font nullfont!
Missing character: There is no a in font nullfont!
Missing character: There is no s in font nullfont!
Missing character: There is no d in font nullfont!
Missing character: There is no e in font nullfont!
Missing character: There is no c in font nullfont!
Missing character: There is no l in font nullfont!
Missing character: There is no a in font nullfont!
Missing character: There is no s in font nullfont!
Missing character: There is no i in font nullfont!
Missing character: There is no f in font nullfont!
Missing character: There is no i in font nullfont!
Missing character: There is no c in font nullfont!
Missing character: There is no a in font nullfont!
Missing character: There is no c in font nullfont!
Missing character: There is no i in font nullfont!
Missing character: There is no n in font nullfont!
Missing character: There is no m in font nullfont!
Missing character: There is no i in font nullfont!
Missing character: There is no d in font nullfont!
Missing character: There is no i in font nullfont!
Missing character: There is no e in font nullfont!
Missing character: There is no n in font nullfont!
Missing character: There is no d in font nullfont!
Missing character: There is no o in font nullfont!
Missing character: There is no l in font nullfont!
Missing character: There is no a in font nullfont!
Missing character: There is no s in font nullfont!
Missing character: There is no i in font nullfont!
Missing character: There is no m in font nullfont!
Missing character: There is no i in font nullfont!
Missing character: There is no l in font nullfont!
Missing character: There is no i in font nullfont!
Missing character: There is no t in font nullfont!
Missing character: There is no u in font nullfont!
Missing character: There is no d in font nullfont!
Missing character: There is no e in font nullfont!
Missing character: There is no n in font nullfont!
Missing character: There is no t in font nullfont!
Missing character: There is no r in font nullfont!
Missing character: There is no e in font nullfont!
Missing character: There is no l in font nullfont!
Missing character: There is no a in font nullfont!
Missing character: There is no p in font nullfont!
Missing character: There is no r in font nullfont!
Missing character: There is no o in font nullfont!
Missing character: There is no b in font nullfont!
Missing character: There is no a in font nullfont!
Missing character: There is no b in font nullfont!
Missing character: There is no i in font nullfont!
Missing character: There is no l in font nullfont!
Missing character: There is no d in font nullfont!
Missing character: There is no a in font nullfont!
Missing character: There is no d in font nullfont!
Missing character: There is no p in font nullfont!
Missing character: There is no r in font nullfont!
Missing character: There is no e in font nullfont!
Missing character: There is no d in font nullfont!
Missing character: There is no i in font nullfont!
Missing character: There is no c in font nullfont!
Missing character: There is no h in font nullfont!
Missing character: There is no a in font nullfont!
Missing character: There is no y in font nullfont!
Missing character: There is no l in font nullfont!
Missing character: There is no a in font nullfont!
Missing character: There is no r in font nullfont!
Missing character: There is no e in font nullfont!
Missing character: There is no a in font nullfont!
Missing character: There is no l in font nullfont!
Missing character: There is no , in font nullfont!
Missing character: There is no d in font nullfont!
Missing character: There is no e in font nullfont!
Missing character: There is no f in font nullfont!
Missing character: There is no o in font nullfont!
Missing character: There is no r in font nullfont!
Missing character: There is no m in font nullfont!
Missing character: There is no a in font nullfont!
Missing character: There is no g in font nullfont!
Missing character: There is no e in font nullfont!
Missing character: There is no n in font nullfont!
Missing character: There is no e in font nullfont!
Missing character: There is no r in font nullfont!
Missing character: There is no a in font nullfont!
Missing character: There is no l in font nullfont!
Missing character: There is no i in font nullfont!
Missing character: There is no z in font nullfont!
Missing character: There is no a in font nullfont!
Missing character: There is no d in font nullfont!
Missing character: There is no a in font nullfont!
Missing character: There is no p in font nullfont!
Missing character: There is no a in font nullfont!
Missing character: There is no r in font nullfont!
Missing character: There is no a in font nullfont!
Missing character: There is no n in font nullfont!
Missing character: There is no m in font nullfont!
Missing character: There is no e in font nullfont!
Missing character: There is no r in font nullfont!
Missing character: There is no o in font nullfont!
Missing character: There is no d in font nullfont!
Missing character: There is no e in font nullfont!
Missing character: There is no c in font nullfont!
Missing character: There is no l in font nullfont!
Missing character: There is no a in font nullfont!
Missing character: There is no s in font nullfont!
Missing character: There is no e in font nullfont!
Missing character: There is no s in font nullfont!
Missing character: There is no s in font nullfont!
Missing character: There is no e in font nullfont!
Missing character: There is no t in font nullfont!
Missing character: There is no i in font nullfont!
Missing character: There is no e in font nullfont!
Missing character: There is no n in font nullfont!
Missing character: There is no e in font nullfont!
Missing character: There is no q in font nullfont!
Missing character: There is no u in font nullfont!
Missing character: There is no e in font nullfont!
Missing character: There is no : in font nullfont!

Overfull \hbox (43.7567pt too wide) in paragraph at lines 106--108
\OT1/cmr/bx/n/10 Entrop^^S^^Pa
 []


Overfull \hbox (38.91643pt too wide) in paragraph at lines 106--108
\OT1/cmr/bx/n/10 cruzada 
 []


Overfull \hbox (5.00002pt too wide) in paragraph at lines 106--108
\/cmr/m/n/10 ^^So
 []


Overfull \hbox (5.00002pt too wide) in paragraph at lines 106--108
\/cmr/m/n/10 ^^So
 []


Overfull \hbox (5.2616pt too wide) in paragraph at lines 106--108
[]$
 []


Overfull \hbox (5.2616pt too wide) in paragraph at lines 106--108
\OML/cmm/m/it/10 y$
 []


Overfull \hbox (9.01384pt too wide) in paragraph at lines 106--108
\OT1/cmr/bx/n/10 K$
 []


Overfull \hbox (5.55557pt too wide) in paragraph at lines 106--108
\/cmr/m/n/10 ^^Su
 []


Overfull \hbox (105.838pt too wide) detected at line 110
\OML/cmm/m/it/10 L\/cmr/m/n/10 (\OML/cmm/m/it/10 y; []\/cmr/m/n/10 ) = \OMS/cms
y/m/n/10 ^^@ [] \OML/cmm/m/it/10 y[]log\/cmr/m/n/10 ([])
 []


! LaTeX Error: \begin{document} ended by \end{example}.

See the LaTeX manual or LaTeX Companion for explanation.
Type  H <return>  for immediate help.
 ...                                              
                                                  
l.112 \end{example}
                   
Your command was ignored.
Type  I <command> <return>  to replace it with another command,
or  <return>  to continue without it.


! LaTeX Error: \begin{document} ended by \end{definition}.

See the LaTeX manual or LaTeX Companion for explanation.
Type  H <return>  for immediate help.
 ...                                              
                                                  
l.116 \end{definition}
                      
Your command was ignored.
Type  I <command> <return>  to replace it with another command,
or  <return>  to continue without it.


! LaTeX Error: Environment definition undefined.

See the LaTeX manual or LaTeX Companion for explanation.
Type  H <return>  for immediate help.
 ...                                              
                                                  
l.118 \begin{definition}
                        [Funci^^c3^^b3n de riesgo]
Your command was ignored.
Type  I <command> <return>  to replace it with another command,
or  <return>  to continue without it.

Missing character: There is no [ in font nullfont!
Missing character: There is no F in font nullfont!
Missing character: There is no u in font nullfont!
Missing character: There is no n in font nullfont!
Missing character: There is no c in font nullfont!
Missing character: There is no i in font nullfont!
Missing character: There is no n in font nullfont!
Missing character: There is no d in font nullfont!
Missing character: There is no e in font nullfont!
Missing character: There is no r in font nullfont!
Missing character: There is no i in font nullfont!
Missing character: There is no e in font nullfont!
Missing character: There is no s in font nullfont!
Missing character: There is no g in font nullfont!
Missing character: There is no o in font nullfont!
Missing character: There is no ] in font nullfont!
Missing character: There is no S in font nullfont!
Missing character: There is no e in font nullfont!
Missing character: There is no a in font nullfont!
Missing character: There is no e in font nullfont!
Missing character: There is no l in font nullfont!
Missing character: There is no v in font nullfont!
Missing character: There is no e in font nullfont!
Missing character: There is no c in font nullfont!
Missing character: There is no t in font nullfont!
Missing character: There is no o in font nullfont!
Missing character: There is no r in font nullfont!
Missing character: There is no d in font nullfont!
Missing character: There is no e in font nullfont!
Missing character: There is no c in font nullfont!
Missing character: There is no a in font nullfont!
Missing character: There is no r in font nullfont!
Missing character: There is no a in font nullfont!
Missing character: There is no c in font nullfont!
Missing character: There is no t in font nullfont!
Missing character: There is no e in font nullfont!
Missing character: There is no r in font nullfont!
Missing character: There is no s in font nullfont!
Missing character: There is no t in font nullfont!
Missing character: There is no i in font nullfont!
Missing character: There is no c in font nullfont!
Missing character: There is no a in font nullfont!
Missing character: There is no s in font nullfont!
Missing character: There is no d in font nullfont!
Missing character: There is no e in font nullfont!
Missing character: There is no e in font nullfont!
Missing character: There is no n in font nullfont!
Missing character: There is no t in font nullfont!
Missing character: There is no r in font nullfont!
Missing character: There is no a in font nullfont!
Missing character: There is no d in font nullfont!
Missing character: There is no a in font nullfont!
Missing character: There is no y in font nullfont!
Missing character: There is no s in font nullfont!
Missing character: There is no e in font nullfont!
Missing character: There is no a in font nullfont!
Missing character: There is no l in font nullfont!
Missing character: There is no a in font nullfont!
Missing character: There is no v in font nullfont!
Missing character: There is no a in font nullfont!
Missing character: There is no r in font nullfont!
Missing character: There is no i in font nullfont!
Missing character: There is no a in font nullfont!
Missing character: There is no b in font nullfont!
Missing character: There is no l in font nullfont!
Missing character: There is no e in font nullfont!
Missing character: There is no o in font nullfont!
Missing character: There is no b in font nullfont!
Missing character: There is no j in font nullfont!
Missing character: There is no e in font nullfont!
Missing character: There is no t in font nullfont!
Missing character: There is no i in font nullfont!
Missing character: There is no v in font nullfont!
Missing character: There is no o in font nullfont!
Missing character: There is no , in font nullfont!
Missing character: There is no d in font nullfont!
Missing character: There is no a in font nullfont!
Missing character: There is no d in font nullfont!
Missing character: There is no a in font nullfont!
Missing character: There is no l in font nullfont!
Missing character: There is no a in font nullfont!
Missing character: There is no r in font nullfont!
Missing character: There is no e in font nullfont!
Missing character: There is no d in font nullfont!
Missing character: There is no n in font nullfont!
Missing character: There is no e in font nullfont!
Missing character: There is no u in font nullfont!
Missing character: There is no r in font nullfont!
Missing character: There is no o in font nullfont!
Missing character: There is no n in font nullfont!
Missing character: There is no a in font nullfont!
Missing character: There is no l in font nullfont!
Missing character: There is no l in font nullfont!
Missing character: There is no a in font nullfont!
Missing character: There is no f in font nullfont!
Missing character: There is no u in font nullfont!
Missing character: There is no n in font nullfont!
Missing character: There is no c in font nullfont!
Missing character: There is no i in font nullfont!
Missing character: There is no n in font nullfont!
Missing character: There is no d in font nullfont!
Missing character: There is no e in font nullfont!
Missing character: There is no r in font nullfont!
Missing character: There is no i in font nullfont!
Missing character: There is no e in font nullfont!
Missing character: There is no s in font nullfont!
Missing character: There is no g in font nullfont!
Missing character: There is no o in font nullfont!
Missing character: There is no s in font nullfont!
Missing character: There is no e in font nullfont!
Missing character: There is no d in font nullfont!
Missing character: There is no e in font nullfont!
Missing character: There is no f in font nullfont!
Missing character: There is no i in font nullfont!
Missing character: There is no n in font nullfont!
Missing character: There is no e in font nullfont!
Missing character: There is no c in font nullfont!
Missing character: There is no m in font nullfont!
Missing character: There is no o in font nullfont!
Missing character: There is no : in font nullfont!

Overfull \hbox (25.00002pt too wide) in paragraph at lines 118--120
[]\/cmr/m/n/10 ^^So
 []


Overfull \hbox (8.6944pt too wide) in paragraph at lines 118--120
\OT1/cmr/bx/n/10 X$
 []


Overfull \hbox (2.77779pt too wide) in paragraph at lines 118--120
\/cmr/m/n/10 ^^S^^P
 []


Overfull \hbox (6.22914pt too wide) in paragraph at lines 118--120
\OT1/cmr/bx/n/10 y$
 []


Overfull \hbox (28.88197pt too wide) in paragraph at lines 118--120
\OML/cmm/m/it/10 f\/cmr/m/n/10 (\OML/cmm/m/it/10 x\/cmr/m/n/10 ; \OML/cmm/m/it/
10 ^^R\/cmr/m/n/10 )$
 []


Overfull \hbox (5.00002pt too wide) in paragraph at lines 118--120
\/cmr/m/n/10 ^^So
 []


Overfull \hbox (5.00002pt too wide) in paragraph at lines 118--120
\/cmr/m/n/10 ^^So 
 []


Overfull \hbox (20.0pt too wide) in paragraph at lines 121--121
[][] 
 []

! Undefined control sequence.
l.122 \mathcal{R}(\theta) = \mathbb
                                   {E}[\mathbf{L}(y,f(x;\theta))]
The control sequence at the end of the top line
of your error message was never \def'ed. If you have
misspelled it (e.g., `\hobx'), type `I' and the correct
spelling (e.g., `I\hbox'). Otherwise just continue,
and I'll forget about whatever was undefined.


Overfull \hbox (101.35458pt too wide) detected at line 123
\OMS/cmsy/m/n/10 R\/cmr/m/n/10 (\OML/cmm/m/it/10 ^^R\/cmr/m/n/10 ) = \OML/cmm/m
/it/10 E\/cmr/m/n/10 [\OT1/cmr/bx/n/10 L\/cmr/m/n/10 (\OML/cmm/m/it/10 y; f\/cm
r/m/n/10 (\OML/cmm/m/it/10 x\/cmr/m/n/10 ; \OML/cmm/m/it/10 ^^R\/cmr/m/n/10 ))]

 []

Missing character: There is no D in font nullfont!
Missing character: There is no o in font nullfont!
Missing character: There is no n in font nullfont!
Missing character: There is no d in font nullfont!
Missing character: There is no e in font nullfont!
Missing character: There is no : in font nullfont!
! Undefined control sequence.
<recently read> \mathbb 
                        
l.126     \item $\mathbb
                        {E}$ es  la esperanza de la distribuci^^c3^^b3n conj...
The control sequence at the end of the top line
of your error message was never \def'ed. If you have
misspelled it (e.g., `\hobx'), type `I' and the correct
spelling (e.g., `I\hbox'). Otherwise just continue,
and I'll forget about whatever was undefined.

Missing character: There is no e in font nullfont!
Missing character: There is no s in font nullfont!
Missing character: There is no l in font nullfont!
Missing character: There is no a in font nullfont!
Missing character: There is no e in font nullfont!
Missing character: There is no s in font nullfont!
Missing character: There is no p in font nullfont!
Missing character: There is no e in font nullfont!
Missing character: There is no r in font nullfont!
Missing character: There is no a in font nullfont!
Missing character: There is no n in font nullfont!
Missing character: There is no z in font nullfont!
Missing character: There is no a in font nullfont!
Missing character: There is no d in font nullfont!
Missing character: There is no e in font nullfont!
Missing character: There is no l in font nullfont!
Missing character: There is no a in font nullfont!
Missing character: There is no d in font nullfont!
Missing character: There is no i in font nullfont!
Missing character: There is no s in font nullfont!
Missing character: There is no t in font nullfont!
Missing character: There is no r in font nullfont!
Missing character: There is no i in font nullfont!
Missing character: There is no b in font nullfont!
Missing character: There is no u in font nullfont!
Missing character: There is no c in font nullfont!
Missing character: There is no i in font nullfont!
Missing character: There is no n in font nullfont!
Missing character: There is no c in font nullfont!
Missing character: There is no o in font nullfont!
Missing character: There is no n in font nullfont!
Missing character: There is no j in font nullfont!
Missing character: There is no u in font nullfont!
Missing character: There is no n in font nullfont!
Missing character: There is no t in font nullfont!
Missing character: There is no a in font nullfont!
Missing character: There is no ( in font nullfont!
Missing character: There is no , in font nullfont!
Missing character: There is no ) in font nullfont!
Missing character: There is no . in font nullfont!

Overfull \hbox (7.95831pt too wide) in paragraph at lines 126--127
\OML/cmm/m/it/10 E$
 []


Overfull \hbox (5.00002pt too wide) in paragraph at lines 126--127
\/cmr/m/n/10 ^^So
 []


Overfull \hbox (12.29855pt too wide) in paragraph at lines 126--127
\OT1/cmr/bx/n/10 x$$y$ 
 []

Missing character: There is no e in font nullfont!
Missing character: There is no s in font nullfont!
Missing character: There is no l in font nullfont!
Missing character: There is no a in font nullfont!
Missing character: There is no f in font nullfont!
Missing character: There is no u in font nullfont!
Missing character: There is no n in font nullfont!
Missing character: There is no c in font nullfont!
Missing character: There is no i in font nullfont!
Missing character: There is no n in font nullfont!
Missing character: There is no d in font nullfont!
Missing character: There is no e in font nullfont!
Missing character: There is no p in font nullfont!
Missing character: There is no r in font nullfont!
Missing character: There is no d in font nullfont!
Missing character: There is no i in font nullfont!
Missing character: There is no d in font nullfont!
Missing character: There is no a in font nullfont!
Missing character: There is no , in font nullfont!
Missing character: There is no e in font nullfont!
Missing character: There is no n in font nullfont!
Missing character: There is no t in font nullfont!
Missing character: There is no r in font nullfont!
Missing character: There is no e in font nullfont!
Missing character: There is no , in font nullfont!

Overfull \hbox (53.28241pt too wide) in paragraph at lines 127--128
\OT1/cmr/bx/n/10 L\/cmr/m/n/10 (\OML/cmm/m/it/10 y; f\/cmr/m/n/10 (\OML/cmm/m/i
t/10 x\/cmr/m/n/10 ; \OML/cmm/m/it/10 ^^R\/cmr/m/n/10 ))$
 []


Overfull \hbox (5.00002pt too wide) in paragraph at lines 127--128
\/cmr/m/n/10 ^^So
 []


Overfull \hbox (4.44444pt too wide) in paragraph at lines 127--128
\/cmr/m/n/10 ^^Se
 []


Overfull \hbox (5.2616pt too wide) in paragraph at lines 127--128
\OML/cmm/m/it/10 y$
 []


Overfull \hbox (28.88197pt too wide) in paragraph at lines 127--128
\OML/cmm/m/it/10 f\/cmr/m/n/10 (\OML/cmm/m/it/10 x\/cmr/m/n/10 ; \OML/cmm/m/it/
10 ^^R\/cmr/m/n/10 )$ 
 []


! LaTeX Error: \begin{document} ended by \end{definition}.

See the LaTeX manual or LaTeX Companion for explanation.
Type  H <return>  for immediate help.
 ...                                              
                                                  
l.129 \end{definition}
                      
Your command was ignored.
Type  I <command> <return>  to replace it with another command,
or  <return>  to continue without it.

Missing character: There is no D in font nullfont!
Missing character: There is no a in font nullfont!
Missing character: There is no d in font nullfont!
Missing character: There is no o in font nullfont!
Missing character: There is no q in font nullfont!
Missing character: There is no u in font nullfont!
Missing character: There is no e in font nullfont!
Missing character: There is no e in font nullfont!
Missing character: There is no n in font nullfont!
Missing character: There is no l in font nullfont!
Missing character: There is no a in font nullfont!
Missing character: There is no p in font nullfont!
Missing character: There is no r in font nullfont!
Missing character: There is no c in font nullfont!
Missing character: There is no t in font nullfont!
Missing character: There is no i in font nullfont!
Missing character: There is no c in font nullfont!
Missing character: There is no a in font nullfont!
Missing character: There is no n in font nullfont!
Missing character: There is no o in font nullfont!
Missing character: There is no c in font nullfont!
Missing character: There is no o in font nullfont!
Missing character: There is no n in font nullfont!
Missing character: There is no o in font nullfont!
Missing character: There is no c in font nullfont!
Missing character: There is no e in font nullfont!
Missing character: There is no m in font nullfont!
Missing character: There is no o in font nullfont!
Missing character: There is no s in font nullfont!
Missing character: There is no l in font nullfont!
Missing character: There is no a in font nullfont!
Missing character: There is no v in font nullfont!
Missing character: There is no e in font nullfont!
Missing character: There is no r in font nullfont!
Missing character: There is no d in font nullfont!
Missing character: There is no a in font nullfont!
Missing character: There is no d in font nullfont!
Missing character: There is no e in font nullfont!
Missing character: There is no r in font nullfont!
Missing character: There is no a in font nullfont!
Missing character: There is no d in font nullfont!
Missing character: There is no i in font nullfont!
Missing character: There is no s in font nullfont!
Missing character: There is no t in font nullfont!
Missing character: There is no r in font nullfont!
Missing character: There is no i in font nullfont!
Missing character: There is no b in font nullfont!
Missing character: There is no u in font nullfont!
Missing character: There is no c in font nullfont!
Missing character: There is no i in font nullfont!
Missing character: There is no n in font nullfont!
Missing character: There is no n in font nullfont!
Missing character: There is no o in font nullfont!
Missing character: There is no p in font nullfont!
Missing character: There is no o in font nullfont!
Missing character: There is no d in font nullfont!
Missing character: There is no e in font nullfont!
Missing character: There is no m in font nullfont!
Missing character: There is no o in font nullfont!
Missing character: There is no s in font nullfont!
Missing character: There is no c in font nullfont!
Missing character: There is no a in font nullfont!
Missing character: There is no l in font nullfont!
Missing character: There is no c in font nullfont!
Missing character: There is no u in font nullfont!
Missing character: There is no l in font nullfont!
Missing character: There is no a in font nullfont!
Missing character: There is no r in font nullfont!
Missing character: There is no d in font nullfont!
Missing character: There is no i in font nullfont!
Missing character: There is no r in font nullfont!
Missing character: There is no e in font nullfont!
Missing character: There is no c in font nullfont!
Missing character: There is no t in font nullfont!
Missing character: There is no a in font nullfont!
Missing character: There is no m in font nullfont!
Missing character: There is no e in font nullfont!
Missing character: There is no n in font nullfont!
Missing character: There is no t in font nullfont!
Missing character: There is no e in font nullfont!
Missing character: There is no e in font nullfont!
Missing character: There is no l in font nullfont!
Missing character: There is no r in font nullfont!
Missing character: There is no i in font nullfont!
Missing character: There is no e in font nullfont!
Missing character: There is no s in font nullfont!
Missing character: There is no g in font nullfont!
Missing character: There is no o in font nullfont!
Missing character: There is no e in font nullfont!
Missing character: There is no s in font nullfont!
Missing character: There is no p in font nullfont!
Missing character: There is no e in font nullfont!
Missing character: There is no r in font nullfont!
Missing character: There is no a in font nullfont!
Missing character: There is no d in font nullfont!
Missing character: There is no o in font nullfont!
Missing character: There is no . in font nullfont!
Missing character: There is no E in font nullfont!
Missing character: There is no n in font nullfont!
Missing character: There is no s in font nullfont!
Missing character: There is no u in font nullfont!
Missing character: There is no l in font nullfont!
Missing character: There is no u in font nullfont!
Missing character: There is no g in font nullfont!
Missing character: There is no a in font nullfont!
Missing character: There is no r in font nullfont!
Missing character: There is no d in font nullfont!
Missing character: There is no e in font nullfont!
Missing character: There is no f in font nullfont!
Missing character: There is no i in font nullfont!
Missing character: There is no n in font nullfont!
Missing character: There is no i in font nullfont!
Missing character: There is no m in font nullfont!
Missing character: There is no o in font nullfont!
Missing character: There is no s in font nullfont!
Missing character: There is no o in font nullfont!
Missing character: There is no t in font nullfont!
Missing character: There is no r in font nullfont!
Missing character: There is no o in font nullfont!
Missing character: There is no t in font nullfont!
Missing character: There is no i in font nullfont!
Missing character: There is no p in font nullfont!
Missing character: There is no o in font nullfont!
Missing character: There is no d in font nullfont!
Missing character: There is no e in font nullfont!
Missing character: There is no f in font nullfont!
Missing character: There is no u in font nullfont!
Missing character: There is no n in font nullfont!
Missing character: There is no c in font nullfont!
Missing character: There is no i in font nullfont!
Missing character: There is no n in font nullfont!
Missing character: There is no d in font nullfont!
Missing character: There is no e in font nullfont!
Missing character: There is no r in font nullfont!
Missing character: There is no i in font nullfont!
Missing character: There is no e in font nullfont!
Missing character: There is no s in font nullfont!
Missing character: There is no g in font nullfont!
Missing character: There is no o in font nullfont!
Missing character: There is no : in font nullfont!

! LaTeX Error: Environment definition undefined.

See the LaTeX manual or LaTeX Companion for explanation.
Type  H <return>  for immediate help.
 ...                                              
                                                  
l.132 \begin{definition}
                        [Funci^^c3^^b3n de riesgo emp^^c3^^adrico]
Your command was ignored.
Type  I <command> <return>  to replace it with another command,
or  <return>  to continue without it.

Missing character: There is no [ in font nullfont!
Missing character: There is no F in font nullfont!
Missing character: There is no u in font nullfont!
Missing character: There is no n in font nullfont!
Missing character: There is no c in font nullfont!
Missing character: There is no i in font nullfont!
Missing character: There is no n in font nullfont!
Missing character: There is no d in font nullfont!
Missing character: There is no e in font nullfont!
Missing character: There is no r in font nullfont!
Missing character: There is no i in font nullfont!
Missing character: There is no e in font nullfont!
Missing character: There is no s in font nullfont!
Missing character: There is no g in font nullfont!
Missing character: There is no o in font nullfont!
Missing character: There is no e in font nullfont!
Missing character: There is no m in font nullfont!
Missing character: There is no p in font nullfont!
Missing character: There is no r in font nullfont!
Missing character: There is no i in font nullfont!
Missing character: There is no c in font nullfont!
Missing character: There is no o in font nullfont!
Missing character: There is no ] in font nullfont!
Missing character: There is no S in font nullfont!
Missing character: There is no e in font nullfont!
Missing character: There is no a in font nullfont!
Missing character: There is no u in font nullfont!
Missing character: There is no n in font nullfont!
Missing character: There is no c in font nullfont!
Missing character: There is no o in font nullfont!
Missing character: There is no n in font nullfont!
Missing character: There is no j in font nullfont!
Missing character: There is no u in font nullfont!
Missing character: There is no n in font nullfont!
Missing character: There is no t in font nullfont!
Missing character: There is no o in font nullfont!
Missing character: There is no f in font nullfont!
Missing character: There is no i in font nullfont!
Missing character: There is no n in font nullfont!
Missing character: There is no i in font nullfont!
Missing character: There is no t in font nullfont!
Missing character: There is no o in font nullfont!
Missing character: There is no d in font nullfont!
Missing character: There is no e in font nullfont!
Missing character: There is no d in font nullfont!
Missing character: There is no a in font nullfont!
Missing character: There is no t in font nullfont!
Missing character: There is no o in font nullfont!
Missing character: There is no s in font nullfont!
Missing character: There is no d in font nullfont!
Missing character: There is no e in font nullfont!
Missing character: There is no e in font nullfont!
Missing character: There is no n in font nullfont!
Missing character: There is no t in font nullfont!
Missing character: There is no r in font nullfont!
Missing character: There is no e in font nullfont!
Missing character: There is no n in font nullfont!
Missing character: There is no a in font nullfont!
Missing character: There is no m in font nullfont!
Missing character: There is no i in font nullfont!
Missing character: There is no e in font nullfont!
Missing character: There is no n in font nullfont!
Missing character: There is no t in font nullfont!
Missing character: There is no o in font nullfont!
Missing character: There is no , in font nullfont!
Missing character: There is no l in font nullfont!
Missing character: There is no a in font nullfont!
Missing character: There is no f in font nullfont!
Missing character: There is no u in font nullfont!
Missing character: There is no n in font nullfont!
Missing character: There is no c in font nullfont!
Missing character: There is no i in font nullfont!
Missing character: There is no n in font nullfont!
Missing character: There is no d in font nullfont!
Missing character: There is no e in font nullfont!
Missing character: There is no r in font nullfont!
Missing character: There is no i in font nullfont!
Missing character: There is no e in font nullfont!
Missing character: There is no s in font nullfont!
Missing character: There is no g in font nullfont!
Missing character: There is no o in font nullfont!
Missing character: There is no e in font nullfont!
Missing character: There is no m in font nullfont!
Missing character: There is no p in font nullfont!
Missing character: There is no r in font nullfont!
Missing character: There is no i in font nullfont!
Missing character: There is no c in font nullfont!
Missing character: There is no o in font nullfont!
Missing character: There is no e in font nullfont!
Missing character: There is no s in font nullfont!
Missing character: There is no t in font nullfont!
Missing character: There is no d in font nullfont!
Missing character: There is no a in font nullfont!
Missing character: There is no d in font nullfont!
Missing character: There is no a in font nullfont!
Missing character: There is no p in font nullfont!
Missing character: There is no o in font nullfont!
Missing character: There is no r in font nullfont!
Missing character: There is no : in font nullfont!

Overfull \hbox (20.0pt too wide) in paragraph at lines 131--134
[]
 []


Overfull \hbox (5.00002pt too wide) in paragraph at lines 131--134
\/cmr/m/n/10 ^^Sa
 []


Overfull \hbox (5.00002pt too wide) in paragraph at lines 131--134
\/cmr/m/n/10 ^^So
 []


Overfull \hbox (28.23033pt too wide) in paragraph at lines 131--134
\OML/cmm/m/it/10 p\/cmr/m/n/10 (\OML/cmm/m/it/10 x; y\/cmr/m/n/10 )$
 []


Overfull \hbox (5.00002pt too wide) in paragraph at lines 131--134
\/cmr/m/n/10 ^^So
 []


Overfull \hbox (5.00002pt too wide) in paragraph at lines 131--134
\/cmr/m/n/10 ^^So
 []


Overfull \hbox (2.77779pt too wide) in paragraph at lines 131--134
\/cmr/m/n/10 ^^S^^P
 []


Overfull \hbox (56.83284pt too wide) in paragraph at lines 131--134
\OMS/cmsy/m/n/10 f\/cmr/m/n/10 (\OML/cmm/m/it/10 x[]; y[]\/cmr/m/n/10 )\OMS/cms
y/m/n/10 g\OML/cmm/m/it/10 ; i \OMS/cmsy/m/n/10 2
 []


Overfull \hbox (46.34708pt too wide) in paragraph at lines 131--134
\OMS/cmsy/m/n/10 f\/cmr/m/n/10 1\OML/cmm/m/it/10 ; [] ; N\OMS/cmsy/m/n/10 g$
 []


Overfull \hbox (5.00002pt too wide) in paragraph at lines 131--134
\/cmr/m/n/10 ^^So
 []


Overfull \hbox (2.77779pt too wide) in paragraph at lines 131--134
\/cmr/m/n/10 ^^S^^P
 []


Overfull \hbox (5.00002pt too wide) in paragraph at lines 131--134
\/cmr/m/n/10 ^^Sa
 []


Overfull \hbox (20.0pt too wide) in paragraph at lines 135--135
[][] 
 []


Overfull \hbox (123.44318pt too wide) detected at line 138
[]\/cmr/m/n/10 (\OML/cmm/m/it/10 ^^R\/cmr/m/n/10 ) = [] [] \OT1/cmr/bx/n/10 L\/
cmr/m/n/10 (\OML/cmm/m/it/10 y[]; f\/cmr/m/n/10 (\OML/cmm/m/it/10 x[]\/cmr/m/n/
10 ; \OML/cmm/m/it/10 ^^R\/cmr/m/n/10 ))
 []


! LaTeX Error: \begin{document} ended by \end{definition}.

See the LaTeX manual or LaTeX Companion for explanation.
Type  H <return>  for immediate help.
 ...                                              
                                                  
l.139 \end{definition}
                      
Your command was ignored.
Type  I <command> <return>  to replace it with another command,
or  <return>  to continue without it.

Missing character: There is no U in font nullfont!
Missing character: There is no n in font nullfont!
Missing character: There is no a in font nullfont!
Missing character: There is no m in font nullfont!
Missing character: There is no a in font nullfont!
Missing character: There is no n in font nullfont!
Missing character: There is no e in font nullfont!
Missing character: There is no r in font nullfont!
Missing character: There is no a in font nullfont!
Missing character: There is no d in font nullfont!
Missing character: There is no e in font nullfont!
Missing character: There is no m in font nullfont!
Missing character: There is no i in font nullfont!
Missing character: There is no n in font nullfont!
Missing character: There is no i in font nullfont!
Missing character: There is no m in font nullfont!
Missing character: There is no i in font nullfont!
Missing character: There is no z in font nullfont!
Missing character: There is no a in font nullfont!
Missing character: There is no r in font nullfont!
Missing character: There is no l in font nullfont!
Missing character: There is no a in font nullfont!
Missing character: There is no s in font nullfont!
Missing character: There is no f in font nullfont!
Missing character: There is no u in font nullfont!
Missing character: There is no n in font nullfont!
Missing character: There is no c in font nullfont!
Missing character: There is no i in font nullfont!
Missing character: There is no o in font nullfont!
Missing character: There is no n in font nullfont!
Missing character: There is no e in font nullfont!
Missing character: There is no s in font nullfont!
Missing character: There is no d in font nullfont!
Missing character: There is no e in font nullfont!
Missing character: There is no p in font nullfont!
Missing character: There is no r in font nullfont!
Missing character: There is no d in font nullfont!
Missing character: There is no i in font nullfont!
Missing character: There is no d in font nullfont!
Missing character: There is no a in font nullfont!
Missing character: There is no , in font nullfont!
Missing character: There is no e in font nullfont!
Missing character: There is no s in font nullfont!
Missing character: There is no u in font nullfont!
Missing character: There is no t in font nullfont!
Missing character: There is no i in font nullfont!
Missing character: There is no l in font nullfont!
Missing character: There is no i in font nullfont!
Missing character: There is no z in font nullfont!
Missing character: There is no a in font nullfont!
Missing character: There is no n in font nullfont!
Missing character: There is no d in font nullfont!
Missing character: There is no o in font nullfont!
Missing character: There is no e in font nullfont!
Missing character: There is no l in font nullfont!
Missing character: There is no a in font nullfont!
Missing character: There is no l in font nullfont!
Missing character: There is no g in font nullfont!
Missing character: There is no o in font nullfont!
Missing character: There is no r in font nullfont!
Missing character: There is no i in font nullfont!
Missing character: There is no t in font nullfont!
Missing character: There is no m in font nullfont!
Missing character: There is no n in font nullfont!
Missing character: There is no o in font nullfont!
Missing character: There is no d in font nullfont!
Missing character: There is no e in font nullfont!
Missing character: There is no G in font nullfont!
Missing character: There is no r in font nullfont!
Missing character: There is no a in font nullfont!
Missing character: There is no d in font nullfont!
Missing character: There is no i in font nullfont!
Missing character: There is no e in font nullfont!
Missing character: There is no n in font nullfont!
Missing character: There is no t in font nullfont!
Missing character: There is no e in font nullfont!
Missing character: There is no D in font nullfont!
Missing character: There is no e in font nullfont!
Missing character: There is no s in font nullfont!
Missing character: There is no c in font nullfont!
Missing character: There is no e in font nullfont!
Missing character: There is no n in font nullfont!
Missing character: There is no d in font nullfont!
Missing character: There is no e in font nullfont!
Missing character: There is no n in font nullfont!
Missing character: There is no t in font nullfont!
Missing character: There is no e in font nullfont!
Missing character: There is no . in font nullfont!

Overfull \hbox (4.44444pt too wide) in paragraph at lines 138--141
        \/cmr/m/n/10 ^^Se
 []


! LaTeX Error: Environment definition undefined.

See the LaTeX manual or LaTeX Companion for explanation.
Type  H <return>  for immediate help.
 ...                                              
                                                  
l.142 \begin{definition}
                        [Gradiente]
Your command was ignored.
Type  I <command> <return>  to replace it with another command,
or  <return>  to continue without it.

Missing character: There is no [ in font nullfont!
Missing character: There is no G in font nullfont!
Missing character: There is no r in font nullfont!
Missing character: There is no a in font nullfont!
Missing character: There is no d in font nullfont!
Missing character: There is no i in font nullfont!
Missing character: There is no e in font nullfont!
Missing character: There is no n in font nullfont!
Missing character: There is no t in font nullfont!
Missing character: There is no e in font nullfont!
Missing character: There is no ] in font nullfont!
Missing character: There is no S in font nullfont!
Missing character: There is no e in font nullfont!
Missing character: There is no a in font nullfont!
! Undefined control sequence.
l.143 Sea $f: \Omega \subset \mathbb
                                    {R}^n \longrightarrow \mathbb{R}$,una fu...
The control sequence at the end of the top line
of your error message was never \def'ed. If you have
misspelled it (e.g., `\hobx'), type `I' and the correct
spelling (e.g., `I\hbox'). Otherwise just continue,
and I'll forget about whatever was undefined.

! Undefined control sequence.
l.143 ...bset \mathbb{R}^n \longrightarrow \mathbb
                                                  {R}$,una funci^^c3^^b3n di...
The control sequence at the end of the top line
of your error message was never \def'ed. If you have
misspelled it (e.g., `\hobx'), type `I' and the correct
spelling (e.g., `I\hbox'). Otherwise just continue,
and I'll forget about whatever was undefined.

Missing character: There is no , in font nullfont!
Missing character: There is no u in font nullfont!
Missing character: There is no n in font nullfont!
Missing character: There is no a in font nullfont!
Missing character: There is no f in font nullfont!
Missing character: There is no u in font nullfont!
Missing character: There is no n in font nullfont!
Missing character: There is no c in font nullfont!
Missing character: There is no i in font nullfont!
Missing character: There is no n in font nullfont!
Missing character: There is no d in font nullfont!
Missing character: There is no i in font nullfont!
Missing character: There is no f in font nullfont!
Missing character: There is no e in font nullfont!
Missing character: There is no r in font nullfont!
Missing character: There is no e in font nullfont!
Missing character: There is no n in font nullfont!
Missing character: There is no c in font nullfont!
Missing character: There is no i in font nullfont!
Missing character: There is no a in font nullfont!
Missing character: There is no b in font nullfont!
Missing character: There is no l in font nullfont!
Missing character: There is no e in font nullfont!
Missing character: There is no e in font nullfont!
Missing character: There is no n in font nullfont!
Missing character: There is no . in font nullfont!
Missing character: There is no E in font nullfont!
Missing character: There is no n in font nullfont!
Missing character: There is no t in font nullfont!
Missing character: There is no o in font nullfont!
Missing character: There is no n in font nullfont!
Missing character: There is no c in font nullfont!
Missing character: There is no e in font nullfont!
Missing character: There is no s in font nullfont!
Missing character: There is no e in font nullfont!
Missing character: There is no l in font nullfont!
Missing character: There is no v in font nullfont!
Missing character: There is no e in font nullfont!
Missing character: There is no c in font nullfont!
Missing character: There is no t in font nullfont!
Missing character: There is no o in font nullfont!
Missing character: There is no r in font nullfont!
Missing character: There is no c in font nullfont!
Missing character: There is no u in font nullfont!
Missing character: There is no y in font nullfont!
Missing character: There is no a in font nullfont!
Missing character: There is no s in font nullfont!
Missing character: There is no c in font nullfont!
Missing character: There is no o in font nullfont!
Missing character: There is no m in font nullfont!
Missing character: There is no p in font nullfont!
Missing character: There is no n in font nullfont!
Missing character: There is no e in font nullfont!
Missing character: There is no n in font nullfont!
Missing character: There is no t in font nullfont!
Missing character: There is no e in font nullfont!
Missing character: There is no s in font nullfont!
Missing character: There is no s in font nullfont!
Missing character: There is no o in font nullfont!
Missing character: There is no n in font nullfont!
Missing character: There is no l in font nullfont!
Missing character: There is no a in font nullfont!
Missing character: There is no s in font nullfont!
Missing character: There is no d in font nullfont!
Missing character: There is no e in font nullfont!
Missing character: There is no r in font nullfont!
Missing character: There is no i in font nullfont!
Missing character: There is no v in font nullfont!
Missing character: There is no a in font nullfont!
Missing character: There is no d in font nullfont!
Missing character: There is no a in font nullfont!
Missing character: There is no s in font nullfont!
Missing character: There is no p in font nullfont!
Missing character: There is no a in font nullfont!
Missing character: There is no r in font nullfont!
Missing character: There is no c in font nullfont!
Missing character: There is no i in font nullfont!
Missing character: There is no a in font nullfont!
Missing character: There is no l in font nullfont!
Missing character: There is no e in font nullfont!
Missing character: There is no s in font nullfont!
Missing character: There is no d in font nullfont!
Missing character: There is no e in font nullfont!
Missing character: There is no e in font nullfont!
Missing character: There is no n in font nullfont!
Missing character: There is no e in font nullfont!
Missing character: There is no s in font nullfont!
Missing character: There is no e in font nullfont!
Missing character: There is no l in font nullfont!
Missing character: There is no v in font nullfont!
Missing character: There is no e in font nullfont!
Missing character: There is no c in font nullfont!
Missing character: There is no t in font nullfont!
Missing character: There is no o in font nullfont!
Missing character: There is no r in font nullfont!
Missing character: There is no g in font nullfont!
Missing character: There is no r in font nullfont!
Missing character: There is no a in font nullfont!
Missing character: There is no d in font nullfont!
Missing character: There is no i in font nullfont!
Missing character: There is no e in font nullfont!
Missing character: There is no n in font nullfont!
Missing character: There is no t in font nullfont!
Missing character: There is no e in font nullfont!
Missing character: There is no , in font nullfont!
Missing character: There is no d in font nullfont!
Missing character: There is no e in font nullfont!
Missing character: There is no n in font nullfont!
Missing character: There is no o in font nullfont!
Missing character: There is no t in font nullfont!
Missing character: There is no a in font nullfont!
Missing character: There is no d in font nullfont!
Missing character: There is no o in font nullfont!
Missing character: There is no p in font nullfont!
Missing character: There is no o in font nullfont!
Missing character: There is no r in font nullfont!
Missing character: There is no , in font nullfont!
Missing character: There is no d in font nullfont!
Missing character: There is no o in font nullfont!
Missing character: There is no n in font nullfont!
Missing character: There is no d in font nullfont!
Missing character: There is no e in font nullfont!
Missing character: There is no : in font nullfont!

Overfull \hbox (20.0pt too wide) in paragraph at lines 142--144
[]
 []


Overfull \hbox (11.52776pt too wide) in paragraph at lines 142--144
\OML/cmm/m/it/10 f \/cmr/m/n/10 :
 []


Overfull \hbox (17.77774pt too wide) in paragraph at lines 142--144
\/cmr/m/n/10 
 \OMS/cmsy/m/n/10 ^^Z
 []


Overfull \hbox (32.00238pt too wide) in paragraph at lines 142--144
\OML/cmm/m/it/10 R[] [][]\OMS/cmsy/m/n/10 !
 []


Overfull \hbox (7.67015pt too wide) in paragraph at lines 142--144
\OML/cmm/m/it/10 R$
 []


Overfull \hbox (5.00002pt too wide) in paragraph at lines 142--144
\/cmr/m/n/10 ^^So
 []


Overfull \hbox (10.2014pt too wide) in paragraph at lines 142--144
\OML/cmm/m/it/10 x[]$
 []


Overfull \hbox (5.97226pt too wide) in paragraph at lines 142--144
\OML/cmm/m/it/10 f$
 []


Overfull \hbox (10.2014pt too wide) in paragraph at lines 142--144
\OML/cmm/m/it/10 x[]$
 []


Overfull \hbox (14.30562pt too wide) in paragraph at lines 142--144
\OMS/cmsy/m/n/10 r\OML/cmm/m/it/10 f$
 []


Overfull \hbox (20.0pt too wide) in paragraph at lines 145--145
[][] 
 []

! Undefined control sequence.
l.145 ...rac{\partial f(x_0)}{\partial x_1},\dotsc
                                                   , \frac{\partial f(x_0)}{...
The control sequence at the end of the top line
of your error message was never \def'ed. If you have
misspelled it (e.g., `\hobx'), type `I' and the correct
spelling (e.g., `I\hbox'). Otherwise just continue,
and I'll forget about whatever was undefined.


Overfull \hbox (133.66122pt too wide) detected at line 145
\OMS/cmsy/m/n/10 r\OML/cmm/m/it/10 f\/cmr/m/n/10 (\OML/cmm/m/it/10 x[]\/cmr/m/n
/10 ) = []
 []


! LaTeX Error: \begin{document} ended by \end{definition}.

See the LaTeX manual or LaTeX Companion for explanation.
Type  H <return>  for immediate help.
 ...                                              
                                                  
l.146 \end{definition}
                      
Your command was ignored.
Type  I <command> <return>  to replace it with another command,
or  <return>  to continue without it.

Missing character: There is no E in font nullfont!
Missing character: There is no s in font nullfont!
Missing character: There is no t in font nullfont!
Missing character: There is no e in font nullfont!
Missing character: There is no v in font nullfont!
Missing character: There is no e in font nullfont!
Missing character: There is no c in font nullfont!
Missing character: There is no t in font nullfont!
Missing character: There is no o in font nullfont!
Missing character: There is no r in font nullfont!
Missing character: There is no c in font nullfont!
Missing character: There is no o in font nullfont!
Missing character: There is no n in font nullfont!
Missing character: There is no t in font nullfont!
Missing character: There is no i in font nullfont!
Missing character: There is no e in font nullfont!
Missing character: There is no n in font nullfont!
Missing character: There is no e in font nullfont!
Missing character: There is no l in font nullfont!
Missing character: There is no a in font nullfont!
Missing character: There is no i in font nullfont!
Missing character: There is no n in font nullfont!
Missing character: There is no f in font nullfont!
Missing character: There is no o in font nullfont!
Missing character: There is no r in font nullfont!
Missing character: There is no m in font nullfont!
Missing character: There is no a in font nullfont!
Missing character: There is no c in font nullfont!
Missing character: There is no i in font nullfont!
Missing character: There is no n in font nullfont!
Missing character: There is no d in font nullfont!
Missing character: There is no e in font nullfont!
Missing character: There is no c in font nullfont!
Missing character: There is no u in font nullfont!
Missing character: There is no a in font nullfont!
Missing character: There is no n in font nullfont!
Missing character: There is no t in font nullfont!
Missing character: There is no o in font nullfont!
Missing character: There is no c in font nullfont!
Missing character: There is no r in font nullfont!
Missing character: There is no e in font nullfont!
Missing character: There is no c in font nullfont!
Missing character: There is no e in font nullfont!
Missing character: There is no o in font nullfont!
Missing character: There is no d in font nullfont!
Missing character: There is no e in font nullfont!
Missing character: There is no c in font nullfont!
Missing character: There is no r in font nullfont!
Missing character: There is no e in font nullfont!
Missing character: There is no c in font nullfont!
Missing character: There is no e in font nullfont!
Missing character: There is no l in font nullfont!
Missing character: There is no a in font nullfont!
Missing character: There is no f in font nullfont!
Missing character: There is no u in font nullfont!
Missing character: There is no n in font nullfont!
Missing character: There is no c in font nullfont!
Missing character: There is no i in font nullfont!
Missing character: There is no n in font nullfont!
Missing character: There is no e in font nullfont!
Missing character: There is no n in font nullfont!
Missing character: There is no u in font nullfont!
Missing character: There is no n in font nullfont!
Missing character: There is no p in font nullfont!
Missing character: There is no u in font nullfont!
Missing character: There is no n in font nullfont!
Missing character: There is no t in font nullfont!
Missing character: There is no o in font nullfont!
Missing character: There is no e in font nullfont!
Missing character: There is no n in font nullfont!
Missing character: There is no e in font nullfont!
Missing character: There is no s in font nullfont!
Missing character: There is no p in font nullfont!
Missing character: There is no e in font nullfont!
Missing character: There is no c in font nullfont!
Missing character: There is no f in font nullfont!
Missing character: There is no i in font nullfont!
Missing character: There is no c in font nullfont!
Missing character: There is no o in font nullfont!
Missing character: There is no . in font nullfont!

Overfull \hbox (5.00002pt too wide) in paragraph at lines 145--148
     \/cmr/m/n/10 ^^So
 []


Overfull \hbox (5.00002pt too wide) in paragraph at lines 145--148
\/cmr/m/n/10 ^^So
 []


Overfull \hbox (2.77779pt too wide) in paragraph at lines 145--148
\/cmr/m/n/10 ^^S^^P 
 []


! LaTeX Error: Environment definition undefined.

See the LaTeX manual or LaTeX Companion for explanation.
Type  H <return>  for immediate help.
 ...                                              
                                                  
l.149 \begin{definition}
                        [Descenso por gradiente]
Your command was ignored.
Type  I <command> <return>  to replace it with another command,
or  <return>  to continue without it.

Missing character: There is no [ in font nullfont!
Missing character: There is no D in font nullfont!
Missing character: There is no e in font nullfont!
Missing character: There is no s in font nullfont!
Missing character: There is no c in font nullfont!
Missing character: There is no e in font nullfont!
Missing character: There is no n in font nullfont!
Missing character: There is no s in font nullfont!
Missing character: There is no o in font nullfont!
Missing character: There is no p in font nullfont!
Missing character: There is no o in font nullfont!
Missing character: There is no r in font nullfont!
Missing character: There is no g in font nullfont!
Missing character: There is no r in font nullfont!
Missing character: There is no a in font nullfont!
Missing character: There is no d in font nullfont!
Missing character: There is no i in font nullfont!
Missing character: There is no e in font nullfont!
Missing character: There is no n in font nullfont!
Missing character: There is no t in font nullfont!
Missing character: There is no e in font nullfont!
Missing character: There is no ] in font nullfont!
Missing character: There is no S in font nullfont!
Missing character: There is no e in font nullfont!
Missing character: There is no a in font nullfont!
! Undefined control sequence.
l.150 Sea $J: \Theta \longrightarrow \mathbb
                                            {R}$ una funci^^c3^^b3n objetivo...
The control sequence at the end of the top line
of your error message was never \def'ed. If you have
misspelled it (e.g., `\hobx'), type `I' and the correct
spelling (e.g., `I\hbox'). Otherwise just continue,
and I'll forget about whatever was undefined.

Missing character: There is no u in font nullfont!
Missing character: There is no n in font nullfont!
Missing character: There is no a in font nullfont!
Missing character: There is no f in font nullfont!
Missing character: There is no u in font nullfont!
Missing character: There is no n in font nullfont!
Missing character: There is no c in font nullfont!
Missing character: There is no i in font nullfont!
Missing character: There is no n in font nullfont!
Missing character: There is no o in font nullfont!
Missing character: There is no b in font nullfont!
Missing character: There is no j in font nullfont!
Missing character: There is no e in font nullfont!
Missing character: There is no t in font nullfont!
Missing character: There is no i in font nullfont!
Missing character: There is no v in font nullfont!
Missing character: There is no o in font nullfont!
Missing character: There is no , in font nullfont!
Missing character: There is no d in font nullfont!
Missing character: There is no o in font nullfont!
Missing character: There is no n in font nullfont!
Missing character: There is no d in font nullfont!
Missing character: There is no e in font nullfont!
Missing character: There is no e in font nullfont!
Missing character: There is no s in font nullfont!
Missing character: There is no e in font nullfont!
Missing character: There is no l in font nullfont!
Missing character: There is no e in font nullfont!
Missing character: There is no s in font nullfont!
Missing character: There is no p in font nullfont!
Missing character: There is no a in font nullfont!
Missing character: There is no c in font nullfont!
Missing character: There is no i in font nullfont!
Missing character: There is no o in font nullfont!
Missing character: There is no d in font nullfont!
Missing character: There is no e in font nullfont!
Missing character: There is no s in font nullfont!
Missing character: There is no o in font nullfont!
Missing character: There is no l in font nullfont!
Missing character: There is no u in font nullfont!
Missing character: There is no c in font nullfont!
Missing character: There is no i in font nullfont!
Missing character: There is no o in font nullfont!
Missing character: There is no n in font nullfont!
Missing character: There is no e in font nullfont!
Missing character: There is no s in font nullfont!
Missing character: There is no , in font nullfont!
Missing character: There is no l in font nullfont!
Missing character: There is no a in font nullfont!
Missing character: There is no t in font nullfont!
Missing character: There is no a in font nullfont!
Missing character: There is no s in font nullfont!
Missing character: There is no a in font nullfont!
Missing character: There is no d in font nullfont!
Missing character: There is no e in font nullfont!
Missing character: There is no a in font nullfont!
Missing character: There is no p in font nullfont!
Missing character: There is no r in font nullfont!
Missing character: There is no e in font nullfont!
Missing character: There is no n in font nullfont!
Missing character: There is no d in font nullfont!
Missing character: There is no i in font nullfont!
Missing character: There is no z in font nullfont!
Missing character: There is no a in font nullfont!
Missing character: There is no j in font nullfont!
Missing character: There is no e in font nullfont!
Missing character: There is no d in font nullfont!
Missing character: There is no e in font nullfont!
Missing character: There is no l in font nullfont!
Missing character: There is no m in font nullfont!
Missing character: There is no o in font nullfont!
Missing character: There is no d in font nullfont!
Missing character: There is no e in font nullfont!
Missing character: There is no l in font nullfont!
Missing character: There is no o in font nullfont!
Missing character: There is no q in font nullfont!
Missing character: There is no u in font nullfont!
Missing character: There is no e in font nullfont!
Missing character: There is no d in font nullfont!
Missing character: There is no e in font nullfont!
Missing character: There is no t in font nullfont!
Missing character: There is no e in font nullfont!
Missing character: There is no r in font nullfont!
Missing character: There is no m in font nullfont!
Missing character: There is no i in font nullfont!
Missing character: There is no n in font nullfont!
Missing character: There is no a in font nullfont!
Missing character: There is no e in font nullfont!
Missing character: There is no l in font nullfont!
Missing character: There is no t in font nullfont!
Missing character: There is no a in font nullfont!
Missing character: There is no m in font nullfont!
Missing character: There is no a in font nullfont!
Missing character: There is no o in font nullfont!
Missing character: There is no d in font nullfont!
Missing character: There is no e in font nullfont!
Missing character: There is no l in font nullfont!
Missing character: There is no o in font nullfont!
Missing character: There is no s in font nullfont!
Missing character: There is no p in font nullfont!
Missing character: There is no a in font nullfont!
Missing character: There is no s in font nullfont!
Missing character: There is no o in font nullfont!
Missing character: There is no s in font nullfont!
Missing character: There is no e in font nullfont!
Missing character: There is no n in font nullfont!
Missing character: There is no c in font nullfont!
Missing character: There is no a in font nullfont!
Missing character: There is no d in font nullfont!
Missing character: There is no a in font nullfont!
Missing character: There is no i in font nullfont!
Missing character: There is no t in font nullfont!
Missing character: There is no e in font nullfont!
Missing character: There is no r in font nullfont!
Missing character: There is no a in font nullfont!
Missing character: There is no c in font nullfont!
Missing character: There is no i in font nullfont!
Missing character: There is no n in font nullfont!
Missing character: There is no , in font nullfont!
Missing character: There is no e in font nullfont!
Missing character: There is no n in font nullfont!
Missing character: There is no t in font nullfont!
Missing character: There is no o in font nullfont!
Missing character: There is no n in font nullfont!
Missing character: There is no c in font nullfont!
Missing character: There is no e in font nullfont!
Missing character: There is no s in font nullfont!
Missing character: There is no , in font nullfont!
Missing character: There is no s in font nullfont!
Missing character: There is no e in font nullfont!
Missing character: There is no d in font nullfont!
Missing character: There is no e in font nullfont!
Missing character: There is no f in font nullfont!
Missing character: There is no i in font nullfont!
Missing character: There is no n in font nullfont!
Missing character: There is no e in font nullfont!
Missing character: There is no a in font nullfont!
Missing character: There is no l in font nullfont!
Missing character: There is no g in font nullfont!
Missing character: There is no r in font nullfont!
Missing character: There is no a in font nullfont!
Missing character: There is no d in font nullfont!
Missing character: There is no i in font nullfont!
Missing character: There is no e in font nullfont!
Missing character: There is no n in font nullfont!
Missing character: There is no t in font nullfont!
Missing character: There is no e in font nullfont!
Missing character: There is no d in font nullfont!
Missing character: There is no e in font nullfont!
Missing character: There is no s in font nullfont!
Missing character: There is no c in font nullfont!
Missing character: There is no e in font nullfont!
Missing character: There is no n in font nullfont!
Missing character: There is no d in font nullfont!
Missing character: There is no e in font nullfont!
Missing character: There is no n in font nullfont!
Missing character: There is no t in font nullfont!
Missing character: There is no e in font nullfont!
Missing character: There is no c in font nullfont!
Missing character: There is no m in font nullfont!
Missing character: There is no o in font nullfont!
Missing character: There is no u in font nullfont!
Missing character: There is no n in font nullfont!
Missing character: There is no m in font nullfont!
Missing character: There is no t in font nullfont!
Missing character: There is no o in font nullfont!
Missing character: There is no d in font nullfont!
Missing character: There is no o in font nullfont!
Missing character: There is no p in font nullfont!
Missing character: There is no a in font nullfont!
Missing character: There is no r in font nullfont!
Missing character: There is no a in font nullfont!
Missing character: There is no e in font nullfont!
Missing character: There is no n in font nullfont!
Missing character: There is no c in font nullfont!
Missing character: There is no o in font nullfont!
Missing character: There is no n in font nullfont!
Missing character: There is no t in font nullfont!
Missing character: There is no r in font nullfont!
Missing character: There is no a in font nullfont!
Missing character: There is no r in font nullfont!
Missing character: There is no e in font nullfont!
Missing character: There is no l in font nullfont!
Missing character: There is no m in font nullfont!
Missing character: There is no n in font nullfont!
Missing character: There is no i in font nullfont!
Missing character: There is no m in font nullfont!
Missing character: There is no o in font nullfont!
Missing character: There is no d in font nullfont!
Missing character: There is no e in font nullfont!
Missing character: There is no u in font nullfont!
Missing character: There is no n in font nullfont!
Missing character: There is no a in font nullfont!
Missing character: There is no f in font nullfont!
Missing character: There is no u in font nullfont!
Missing character: There is no n in font nullfont!
Missing character: There is no c in font nullfont!
Missing character: There is no i in font nullfont!
Missing character: There is no n in font nullfont!
Missing character: There is no d in font nullfont!
Missing character: There is no e in font nullfont!
Missing character: There is no f in font nullfont!
Missing character: There is no o in font nullfont!
Missing character: There is no r in font nullfont!
Missing character: There is no m in font nullfont!
Missing character: There is no a in font nullfont!
Missing character: There is no i in font nullfont!
Missing character: There is no t in font nullfont!
Missing character: There is no e in font nullfont!
Missing character: There is no r in font nullfont!
Missing character: There is no a in font nullfont!
Missing character: There is no t in font nullfont!
Missing character: There is no i in font nullfont!
Missing character: There is no v in font nullfont!
Missing character: There is no a in font nullfont!
Missing character: There is no , in font nullfont!
Missing character: There is no s in font nullfont!
Missing character: There is no e in font nullfont!
Missing character: There is no b in font nullfont!
Missing character: There is no a in font nullfont!
Missing character: There is no s in font nullfont!
Missing character: There is no a in font nullfont!
Missing character: There is no e in font nullfont!
Missing character: There is no n in font nullfont!
Missing character: There is no i in font nullfont!
Missing character: There is no t in font nullfont!
Missing character: There is no e in font nullfont!
Missing character: There is no r in font nullfont!
Missing character: There is no a in font nullfont!
Missing character: There is no r in font nullfont!
Missing character: There is no l in font nullfont!
Missing character: There is no o in font nullfont!
Missing character: There is no s in font nullfont!
Missing character: There is no v in font nullfont!
Missing character: There is no a in font nullfont!
Missing character: There is no l in font nullfont!
Missing character: There is no o in font nullfont!
Missing character: There is no r in font nullfont!
Missing character: There is no e in font nullfont!
Missing character: There is no s in font nullfont!
Missing character: There is no d in font nullfont!
Missing character: There is no e in font nullfont!
Missing character: There is no e in font nullfont!
Missing character: There is no n in font nullfont!
Missing character: There is no l in font nullfont!
Missing character: There is no a in font nullfont!
Missing character: There is no d in font nullfont!
Missing character: There is no i in font nullfont!
Missing character: There is no r in font nullfont!
Missing character: There is no e in font nullfont!
Missing character: There is no c in font nullfont!
Missing character: There is no c in font nullfont!
Missing character: There is no i in font nullfont!
Missing character: There is no n in font nullfont!
Missing character: There is no n in font nullfont!
Missing character: There is no e in font nullfont!
Missing character: There is no g in font nullfont!
Missing character: There is no a in font nullfont!
Missing character: There is no t in font nullfont!
Missing character: There is no i in font nullfont!
Missing character: There is no v in font nullfont!
Missing character: There is no a in font nullfont!
Missing character: There is no d in font nullfont!
Missing character: There is no e in font nullfont!
Missing character: There is no l in font nullfont!
Missing character: There is no g in font nullfont!
Missing character: There is no r in font nullfont!
Missing character: There is no a in font nullfont!
Missing character: There is no d in font nullfont!
Missing character: There is no i in font nullfont!
Missing character: There is no e in font nullfont!
Missing character: There is no n in font nullfont!
Missing character: There is no t in font nullfont!
Missing character: There is no e in font nullfont!
Missing character: There is no d in font nullfont!
Missing character: There is no e in font nullfont!
Missing character: There is no d in font nullfont!
Missing character: There is no e in font nullfont!
Missing character: There is no l in font nullfont!
Missing character: There is no a in font nullfont!
Missing character: There is no s in font nullfont!
Missing character: There is no i in font nullfont!
Missing character: There is no g in font nullfont!
Missing character: There is no u in font nullfont!
Missing character: There is no i in font nullfont!
Missing character: There is no e in font nullfont!
Missing character: There is no n in font nullfont!
Missing character: There is no t in font nullfont!
Missing character: There is no e in font nullfont!
Missing character: There is no f in font nullfont!
Missing character: There is no o in font nullfont!
Missing character: There is no r in font nullfont!
Missing character: There is no m in font nullfont!
Missing character: There is no a in font nullfont!
Missing character: There is no : in font nullfont!

Overfull \hbox (20.0pt too wide) in paragraph at lines 149--152
[]
 []


Overfull \hbox (12.06244pt too wide) in paragraph at lines 149--152
\OML/cmm/m/it/10 J \/cmr/m/n/10 :
 []


Overfull \hbox (26.6667pt too wide) in paragraph at lines 149--152
\/cmr/m/n/10 ^^B [][]\OMS/cmsy/m/n/10 !
 []


Overfull \hbox (7.67015pt too wide) in paragraph at lines 149--152
\OML/cmm/m/it/10 R$
 []


Overfull \hbox (5.00002pt too wide) in paragraph at lines 149--152
\/cmr/m/n/10 ^^So
 []


Overfull \hbox (7.7778pt too wide) in paragraph at lines 149--152
\/cmr/m/n/10 ^^B$
 []


Overfull \hbox (5.32408pt too wide) in paragraph at lines 149--152
\OML/cmm/m/it/10 ^^Q$
 []


Overfull \hbox (5.55557pt too wide) in paragraph at lines 149--152
\/cmr/m/n/10 ~n
 []


Overfull \hbox (5.00002pt too wide) in paragraph at lines 149--152
\/cmr/m/n/10 ^^So
 []


Overfull \hbox (5.00002pt too wide) in paragraph at lines 149--152
\/cmr/m/n/10 ^^So
 []


Overfull \hbox (4.44444pt too wide) in paragraph at lines 149--152
\/cmr/m/n/10 ^^Se
 []


Overfull \hbox (2.77779pt too wide) in paragraph at lines 149--152
\/cmr/m/n/10 ^^S^^P
 []


Overfull \hbox (5.00002pt too wide) in paragraph at lines 149--152
\/cmr/m/n/10 ^^So
 []


Overfull \hbox (4.97223pt too wide) in paragraph at lines 149--152
\OML/cmm/m/it/10 ^^R$
 []


Overfull \hbox (5.00002pt too wide) in paragraph at lines 149--152
\/cmr/m/n/10 ^^So
 []


Overfull \hbox (19.25697pt too wide) in paragraph at lines 149--152
\OML/cmm/m/it/10 J\/cmr/m/n/10 (\OML/cmm/m/it/10 ^^R\/cmr/m/n/10 )$
 []


Overfull \hbox (20.0pt too wide) in paragraph at lines 153--153
[][] 
 []


Overfull \hbox (70.71638pt too wide) detected at line 155
\OML/cmm/m/it/10 ^^R \OMS/cmsy/m/n/10   \OML/cmm/m/it/10 ^^R \OMS/cmsy/m/n/10 ^
^@ \OML/cmm/m/it/10 ^^Q\OMS/cmsy/m/n/10 r[]\OML/cmm/m/it/10 J\/cmr/m/n/10 (\OML
/cmm/m/it/10 ^^R\/cmr/m/n/10 )
 []


! LaTeX Error: \begin{document} ended by \end{definition}.

See the LaTeX manual or LaTeX Companion for explanation.
Type  H <return>  for immediate help.
 ...                                              
                                                  
l.156 \end{definition}
                      
Your command was ignored.
Type  I <command> <return>  to replace it with another command,
or  <return>  to continue without it.

Missing character: There is no A in font nullfont!
Missing character: There is no c in font nullfont!
Missing character: There is no o in font nullfont!
Missing character: There is no n in font nullfont!
Missing character: There is no t in font nullfont!
Missing character: There is no i in font nullfont!
Missing character: There is no n in font nullfont!
Missing character: There is no u in font nullfont!
Missing character: There is no a in font nullfont!
Missing character: There is no c in font nullfont!
Missing character: There is no i in font nullfont!
Missing character: There is no n in font nullfont!
Missing character: There is no d in font nullfont!
Missing character: There is no e in font nullfont!
Missing character: There is no f in font nullfont!
Missing character: There is no i in font nullfont!
Missing character: There is no n in font nullfont!
Missing character: There is no i in font nullfont!
Missing character: There is no r in font nullfont!
Missing character: There is no e in font nullfont!
Missing character: There is no m in font nullfont!
Missing character: There is no o in font nullfont!
Missing character: There is no s in font nullfont!
Missing character: There is no e in font nullfont!
Missing character: There is no l in font nullfont!
Missing character: There is no a in font nullfont!
Missing character: There is no l in font nullfont!
Missing character: There is no g in font nullfont!
Missing character: There is no o in font nullfont!
Missing character: There is no r in font nullfont!
Missing character: There is no t in font nullfont!
Missing character: There is no i in font nullfont!
Missing character: There is no m in font nullfont!
Missing character: There is no o in font nullfont!
Missing character: There is no q in font nullfont!
Missing character: There is no u in font nullfont!
Missing character: There is no e in font nullfont!
Missing character: There is no s in font nullfont!
Missing character: There is no e in font nullfont!
Missing character: There is no u in font nullfont!
Missing character: There is no t in font nullfont!
Missing character: There is no i in font nullfont!
Missing character: There is no l in font nullfont!
Missing character: There is no i in font nullfont!
Missing character: There is no z in font nullfont!
Missing character: There is no a in font nullfont!
Missing character: There is no p in font nullfont!
Missing character: There is no a in font nullfont!
Missing character: There is no r in font nullfont!
Missing character: There is no a in font nullfont!
Missing character: There is no l in font nullfont!
Missing character: There is no a in font nullfont!
Missing character: There is no a in font nullfont!
Missing character: There is no c in font nullfont!
Missing character: There is no t in font nullfont!
Missing character: There is no u in font nullfont!
Missing character: There is no a in font nullfont!
Missing character: There is no l in font nullfont!
Missing character: There is no i in font nullfont!
Missing character: There is no z in font nullfont!
Missing character: There is no a in font nullfont!
Missing character: There is no c in font nullfont!
Missing character: There is no i in font nullfont!
Missing character: There is no n in font nullfont!
Missing character: There is no d in font nullfont!
Missing character: There is no e in font nullfont!
Missing character: There is no l in font nullfont!
Missing character: There is no o in font nullfont!
Missing character: There is no s in font nullfont!
Missing character: There is no v in font nullfont!
Missing character: There is no a in font nullfont!
Missing character: There is no l in font nullfont!
Missing character: There is no o in font nullfont!
Missing character: There is no r in font nullfont!
Missing character: There is no e in font nullfont!
Missing character: There is no s in font nullfont!
Missing character: There is no u in font nullfont!
Missing character: There is no t in font nullfont!
Missing character: There is no i in font nullfont!
Missing character: There is no l in font nullfont!
Missing character: There is no i in font nullfont!
Missing character: There is no z in font nullfont!
Missing character: There is no a in font nullfont!
Missing character: There is no n in font nullfont!
Missing character: There is no d in font nullfont!
Missing character: There is no o in font nullfont!
Missing character: There is no e in font nullfont!
Missing character: There is no l in font nullfont!
Missing character: There is no g in font nullfont!
Missing character: There is no r in font nullfont!
Missing character: There is no a in font nullfont!
Missing character: There is no d in font nullfont!
Missing character: There is no i in font nullfont!
Missing character: There is no e in font nullfont!
Missing character: There is no n in font nullfont!
Missing character: There is no t in font nullfont!
Missing character: There is no e in font nullfont!
Missing character: There is no d in font nullfont!
Missing character: There is no e in font nullfont!
Missing character: There is no s in font nullfont!
Missing character: There is no c in font nullfont!
Missing character: There is no e in font nullfont!
Missing character: There is no n in font nullfont!
Missing character: There is no d in font nullfont!
Missing character: There is no e in font nullfont!
Missing character: There is no n in font nullfont!
Missing character: There is no t in font nullfont!
Missing character: There is no e in font nullfont!
Missing character: There is no : in font nullfont!

! LaTeX Error: Environment algorithm undefined.

See the LaTeX manual or LaTeX Companion for explanation.
Type  H <return>  for immediate help.
 ...                                              
                                                  
l.158 \begin{algorithm}
                       
Your command was ignored.
Type  I <command> <return>  to replace it with another command,
or  <return>  to continue without it.


! LaTeX Error: \caption outside float.

See the LaTeX manual or LaTeX Companion for explanation.
Type  H <return>  for immediate help.
 ...                                              
                                                  
l.159 \caption
              {Algoritmo de actualizaci^^c3^^b3n GD}\label{alg:cap}
You're in trouble here.  Try typing  <return>  to proceed.
If that doesn't work, type  X <return>  to quit.

Missing character: There is no A in font nullfont!
Missing character: There is no l in font nullfont!
Missing character: There is no g in font nullfont!
Missing character: There is no o in font nullfont!
Missing character: There is no r in font nullfont!
Missing character: There is no i in font nullfont!
Missing character: There is no t in font nullfont!
Missing character: There is no m in font nullfont!
Missing character: There is no o in font nullfont!
Missing character: There is no d in font nullfont!
Missing character: There is no e in font nullfont!
Missing character: There is no a in font nullfont!
Missing character: There is no c in font nullfont!
Missing character: There is no t in font nullfont!
Missing character: There is no u in font nullfont!
Missing character: There is no a in font nullfont!
Missing character: There is no l in font nullfont!
Missing character: There is no i in font nullfont!
Missing character: There is no z in font nullfont!
Missing character: There is no a in font nullfont!
Missing character: There is no c in font nullfont!
Missing character: There is no i in font nullfont!
Missing character: There is no n in font nullfont!
Missing character: There is no G in font nullfont!
Missing character: There is no D in font nullfont!

! LaTeX Error: Environment algorithmic undefined.

See the LaTeX manual or LaTeX Companion for explanation.
Type  H <return>  for immediate help.
 ...                                              
                                                  
l.160 \begin{algorithmic}
                         
Your command was ignored.
Type  I <command> <return>  to replace it with another command,
or  <return>  to continue without it.

! Undefined control sequence.
l.161 \Inputs
             { $J:\Theta \longrightarrow \mathbb{R}$, $\mathbf{T} > 0$ n^^c3...
The control sequence at the end of the top line
of your error message was never \def'ed. If you have
misspelled it (e.g., `\hobx'), type `I' and the correct
spelling (e.g., `I\hbox'). Otherwise just continue,
and I'll forget about whatever was undefined.

! Undefined control sequence.
l.161 \Inputs{ $J:\Theta \longrightarrow \mathbb
                                                {R}$, $\mathbf{T} > 0$ n^^c3...
The control sequence at the end of the top line
of your error message was never \def'ed. If you have
misspelled it (e.g., `\hobx'), type `I' and the correct
spelling (e.g., `I\hbox'). Otherwise just continue,
and I'll forget about whatever was undefined.

Missing character: There is no , in font nullfont!
Missing character: There is no n in font nullfont!
Missing character: There is no m in font nullfont!
Missing character: There is no e in font nullfont!
Missing character: There is no r in font nullfont!
Missing character: There is no o in font nullfont!
Missing character: There is no d in font nullfont!
Missing character: There is no e in font nullfont!
Missing character: There is no i in font nullfont!
Missing character: There is no t in font nullfont!
Missing character: There is no e in font nullfont!
Missing character: There is no r in font nullfont!
Missing character: There is no a in font nullfont!
Missing character: There is no c in font nullfont!
Missing character: There is no i in font nullfont!
Missing character: There is no o in font nullfont!
Missing character: There is no n in font nullfont!
Missing character: There is no e in font nullfont!
Missing character: There is no s in font nullfont!
Missing character: There is no , in font nullfont!
Missing character: There is no r in font nullfont!
Missing character: There is no a in font nullfont!
Missing character: There is no n in font nullfont!
Missing character: There is no g in font nullfont!
Missing character: There is no o in font nullfont!
Missing character: There is no d in font nullfont!
Missing character: There is no e in font nullfont!
Missing character: There is no a in font nullfont!
Missing character: There is no p in font nullfont!
Missing character: There is no r in font nullfont!
Missing character: There is no e in font nullfont!
Missing character: There is no n in font nullfont!
Missing character: There is no d in font nullfont!
Missing character: There is no i in font nullfont!
Missing character: There is no z in font nullfont!
Missing character: There is no a in font nullfont!
Missing character: There is no j in font nullfont!
Missing character: There is no e in font nullfont!
Missing character: There is no . in font nullfont!
! Undefined control sequence.
l.162 \Initialize
                 {Seleccionar $\theta ^ {(0)} \in \Theta$ aleatoriamente.}
The control sequence at the end of the top line
of your error message was never \def'ed. If you have
misspelled it (e.g., `\hobx'), type `I' and the correct
spelling (e.g., `I\hbox'). Otherwise just continue,
and I'll forget about whatever was undefined.

Missing character: There is no S in font nullfont!
Missing character: There is no e in font nullfont!
Missing character: There is no l in font nullfont!
Missing character: There is no e in font nullfont!
Missing character: There is no c in font nullfont!
Missing character: There is no c in font nullfont!
Missing character: There is no i in font nullfont!
Missing character: There is no o in font nullfont!
Missing character: There is no n in font nullfont!
Missing character: There is no a in font nullfont!
Missing character: There is no r in font nullfont!
Missing character: There is no a in font nullfont!
Missing character: There is no l in font nullfont!
Missing character: There is no e in font nullfont!
Missing character: There is no a in font nullfont!
Missing character: There is no t in font nullfont!
Missing character: There is no o in font nullfont!
Missing character: There is no r in font nullfont!
Missing character: There is no i in font nullfont!
Missing character: There is no a in font nullfont!
Missing character: There is no m in font nullfont!
Missing character: There is no e in font nullfont!
Missing character: There is no n in font nullfont!
Missing character: There is no t in font nullfont!
Missing character: There is no e in font nullfont!
Missing character: There is no . in font nullfont!
! Undefined control sequence.
l.163 \For
          {$t \in \{1,\dotsc,\mathbf{T}\}$}
The control sequence at the end of the top line
of your error message was never \def'ed. If you have
misspelled it (e.g., `\hobx'), type `I' and the correct
spelling (e.g., `I\hbox'). Otherwise just continue,
and I'll forget about whatever was undefined.

! Undefined control sequence.
l.163 \For{$t \in \{1,\dotsc
                            ,\mathbf{T}\}$}
The control sequence at the end of the top line
of your error message was never \def'ed. If you have
misspelled it (e.g., `\hobx'), type `I' and the correct
spelling (e.g., `I\hbox'). Otherwise just continue,
and I'll forget about whatever was undefined.

! Undefined control sequence.
l.164 \State
             Calcular $R(\theta ^{(t)})$, $\nabla_{\theta^{(T)}}R(\theta ^{(...
The control sequence at the end of the top line
of your error message was never \def'ed. If you have
misspelled it (e.g., `\hobx'), type `I' and the correct
spelling (e.g., `I\hbox'). Otherwise just continue,
and I'll forget about whatever was undefined.

Missing character: There is no C in font nullfont!
Missing character: There is no a in font nullfont!
Missing character: There is no l in font nullfont!
Missing character: There is no c in font nullfont!
Missing character: There is no u in font nullfont!
Missing character: There is no l in font nullfont!
Missing character: There is no a in font nullfont!
Missing character: There is no r in font nullfont!
Missing character: There is no , in font nullfont!
! Undefined control sequence.
l.165 \If
         {$\nabla_{\theta^{(T)}}R(\theta ^{(t)}) \neq$  0}
The control sequence at the end of the top line
of your error message was never \def'ed. If you have
misspelled it (e.g., `\hobx'), type `I' and the correct
spelling (e.g., `I\hbox'). Otherwise just continue,
and I'll forget about whatever was undefined.

Missing character: There is no 0 in font nullfont!
! Undefined control sequence.
l.166 \State
             $\theta ^{(t+1)} \gets \theta^{(t)} - \eta \nabla_{\theta^{(t)}...
The control sequence at the end of the top line
of your error message was never \def'ed. If you have
misspelled it (e.g., `\hobx'), type `I' and the correct
spelling (e.g., `I\hbox'). Otherwise just continue,
and I'll forget about whatever was undefined.

! Undefined control sequence.
l.167 \Else
           
The control sequence at the end of the top line
of your error message was never \def'ed. If you have
misspelled it (e.g., `\hobx'), type `I' and the correct
spelling (e.g., `I\hbox'). Otherwise just continue,
and I'll forget about whatever was undefined.

! Undefined control sequence.
l.168 \State
             Fin del algoritmo
The control sequence at the end of the top line
of your error message was never \def'ed. If you have
misspelled it (e.g., `\hobx'), type `I' and the correct
spelling (e.g., `I\hbox'). Otherwise just continue,
and I'll forget about whatever was undefined.

Missing character: There is no F in font nullfont!
Missing character: There is no i in font nullfont!
Missing character: There is no n in font nullfont!
Missing character: There is no d in font nullfont!
Missing character: There is no e in font nullfont!
Missing character: There is no l in font nullfont!
Missing character: There is no a in font nullfont!
Missing character: There is no l in font nullfont!
Missing character: There is no g in font nullfont!
Missing character: There is no o in font nullfont!
Missing character: There is no r in font nullfont!
Missing character: There is no i in font nullfont!
Missing character: There is no t in font nullfont!
Missing character: There is no m in font nullfont!
Missing character: There is no o in font nullfont!
! Undefined control sequence.
l.169 \EndIf
            
The control sequence at the end of the top line
of your error message was never \def'ed. If you have
misspelled it (e.g., `\hobx'), type `I' and the correct
spelling (e.g., `I\hbox'). Otherwise just continue,
and I'll forget about whatever was undefined.

! Undefined control sequence.
l.170 \EndFor
             
The control sequence at the end of the top line
of your error message was never \def'ed. If you have
misspelled it (e.g., `\hobx'), type `I' and the correct
spelling (e.g., `I\hbox'). Otherwise just continue,
and I'll forget about whatever was undefined.


! LaTeX Error: \begin{document} ended by \end{algorithmic}.

See the LaTeX manual or LaTeX Companion for explanation.
Type  H <return>  for immediate help.
 ...                                              
                                                  
l.171 \end{algorithmic}
                       
Your command was ignored.
Type  I <command> <return>  to replace it with another command,
or  <return>  to continue without it.


! LaTeX Error: \begin{document} ended by \end{algorithm}.

See the LaTeX manual or LaTeX Companion for explanation.
Type  H <return>  for immediate help.
 ...                                              
                                                  
l.172 \end{algorithm}
                     
Your command was ignored.
Type  I <command> <return>  to replace it with another command,
or  <return>  to continue without it.

Missing character: There is no E in font nullfont!
Missing character: There is no x in font nullfont!
Missing character: There is no i in font nullfont!
Missing character: There is no s in font nullfont!
Missing character: There is no t in font nullfont!
Missing character: There is no e in font nullfont!
Missing character: There is no n in font nullfont!
Missing character: There is no o in font nullfont!
Missing character: There is no t in font nullfont!
Missing character: There is no r in font nullfont!
Missing character: There is no a in font nullfont!
Missing character: There is no s in font nullfont!
Missing character: There is no v in font nullfont!
Missing character: There is no a in font nullfont!
Missing character: There is no r in font nullfont!
Missing character: There is no i in font nullfont!
Missing character: There is no a in font nullfont!
Missing character: There is no n in font nullfont!
Missing character: There is no t in font nullfont!
Missing character: There is no e in font nullfont!
Missing character: There is no s in font nullfont!
Missing character: There is no d in font nullfont!
Missing character: There is no e in font nullfont!
Missing character: There is no l in font nullfont!
Missing character: There is no D in font nullfont!
Missing character: There is no e in font nullfont!
Missing character: There is no s in font nullfont!
Missing character: There is no c in font nullfont!
Missing character: There is no e in font nullfont!
Missing character: There is no n in font nullfont!
Missing character: There is no s in font nullfont!
Missing character: There is no o in font nullfont!
Missing character: There is no d in font nullfont!
Missing character: There is no e in font nullfont!
Missing character: There is no G in font nullfont!
Missing character: There is no r in font nullfont!
Missing character: There is no a in font nullfont!
Missing character: There is no d in font nullfont!
Missing character: There is no i in font nullfont!
Missing character: There is no e in font nullfont!
Missing character: There is no n in font nullfont!
Missing character: There is no t in font nullfont!
Missing character: There is no e in font nullfont!
Missing character: There is no , in font nullfont!
Missing character: There is no p in font nullfont!
Missing character: There is no e in font nullfont!
Missing character: There is no r in font nullfont!
Missing character: There is no o in font nullfont!
Missing character: There is no p in font nullfont!
Missing character: There is no a in font nullfont!
Missing character: There is no r in font nullfont!
Missing character: There is no a in font nullfont!
Missing character: There is no e in font nullfont!
Missing character: There is no f in font nullfont!
Missing character: There is no e in font nullfont!
Missing character: There is no c in font nullfont!
Missing character: There is no t in font nullfont!
Missing character: There is no o in font nullfont!
Missing character: There is no s in font nullfont!
Missing character: There is no d in font nullfont!
Missing character: There is no e in font nullfont!
Missing character: There is no e in font nullfont!
Missing character: There is no s in font nullfont!
Missing character: There is no t in font nullfont!
Missing character: There is no a in font nullfont!
Missing character: There is no t in font nullfont!
Missing character: There is no e in font nullfont!
Missing character: There is no s in font nullfont!
Missing character: There is no i in font nullfont!
Missing character: There is no s in font nullfont!
Missing character: There is no , in font nullfont!
Missing character: There is no n in font nullfont!
Missing character: There is no o in font nullfont!
Missing character: There is no s in font nullfont!
Missing character: There is no q in font nullfont!
Missing character: There is no u in font nullfont!
Missing character: There is no e in font nullfont!
Missing character: There is no d in font nullfont!
Missing character: There is no a in font nullfont!
Missing character: There is no r in font nullfont!
Missing character: There is no e in font nullfont!
Missing character: There is no m in font nullfont!
Missing character: There is no o in font nullfont!
Missing character: There is no s in font nullfont!
Missing character: There is no c in font nullfont!
Missing character: There is no o in font nullfont!
Missing character: There is no n in font nullfont!
Missing character: There is no l in font nullfont!
Missing character: There is no a in font nullfont!
Missing character: There is no d in font nullfont!
Missing character: There is no e in font nullfont!
Missing character: There is no f in font nullfont!
Missing character: There is no i in font nullfont!
Missing character: There is no n in font nullfont!
Missing character: There is no i in font nullfont!
Missing character: There is no c in font nullfont!
Missing character: There is no i in font nullfont!
Missing character: There is no n in font nullfont!
Missing character: There is no m in font nullfont!
Missing character: There is no s in font nullfont!
Missing character: There is no b in font nullfont!
Missing character: There is no s in font nullfont!
Missing character: There is no i in font nullfont!
Missing character: There is no c in font nullfont!
Missing character: There is no a in font nullfont!
Missing character: There is no . in font nullfont!
Missing character: There is no A in font nullfont!
Missing character: There is no m in font nullfont!
Missing character: There is no e in font nullfont!
Missing character: There is no d in font nullfont!
Missing character: There is no i in font nullfont!
Missing character: There is no d in font nullfont!
Missing character: There is no a in font nullfont!
Missing character: There is no q in font nullfont!
Missing character: There is no u in font nullfont!
Missing character: There is no e in font nullfont!
Missing character: There is no v in font nullfont!
Missing character: There is no a in font nullfont!
Missing character: There is no a in font nullfont!
Missing character: There is no u in font nullfont!
Missing character: There is no m in font nullfont!
Missing character: There is no e in font nullfont!
Missing character: There is no n in font nullfont!
Missing character: There is no t in font nullfont!
Missing character: There is no a in font nullfont!
Missing character: There is no n in font nullfont!
Missing character: There is no d in font nullfont!
Missing character: There is no o in font nullfont!
Missing character: There is no e in font nullfont!
Missing character: There is no l in font nullfont!
Missing character: There is no n in font nullfont!
Missing character: There is no m in font nullfont!
Missing character: There is no e in font nullfont!
Missing character: There is no r in font nullfont!
Missing character: There is no o in font nullfont!
Missing character: There is no d in font nullfont!
Missing character: There is no e in font nullfont!
Missing character: There is no c in font nullfont!
Missing character: There is no a in font nullfont!
Missing character: There is no p in font nullfont!
Missing character: There is no a in font nullfont!
Missing character: There is no s in font nullfont!
Missing character: There is no e in font nullfont!
Missing character: There is no n in font nullfont!
Missing character: There is no l in font nullfont!
Missing character: There is no a in font nullfont!
Missing character: There is no r in font nullfont!
Missing character: There is no e in font nullfont!
Missing character: There is no d in font nullfont!
Missing character: There is no n in font nullfont!
Missing character: There is no e in font nullfont!
Missing character: There is no u in font nullfont!
Missing character: There is no r in font nullfont!
Missing character: There is no o in font nullfont!
Missing character: There is no n in font nullfont!
Missing character: There is no a in font nullfont!
Missing character: There is no l in font nullfont!
Missing character: There is no , in font nullfont!
Missing character: There is no t in font nullfont!
Missing character: There is no a in font nullfont!
Missing character: There is no m in font nullfont!
Missing character: There is no b in font nullfont!
Missing character: There is no i in font nullfont!
Missing character: There is no n in font nullfont!
Missing character: There is no a in font nullfont!
Missing character: There is no u in font nullfont!
Missing character: There is no m in font nullfont!
Missing character: There is no e in font nullfont!
Missing character: There is no n in font nullfont!
Missing character: There is no t in font nullfont!
Missing character: There is no a in font nullfont!
Missing character: There is no l in font nullfont!
Missing character: There is no a in font nullfont!
Missing character: There is no c in font nullfont!
Missing character: There is no o in font nullfont!
Missing character: There is no m in font nullfont!
Missing character: There is no p in font nullfont!
Missing character: There is no l in font nullfont!
Missing character: There is no e in font nullfont!
Missing character: There is no j in font nullfont!
Missing character: There is no i in font nullfont!
Missing character: There is no d in font nullfont!
Missing character: There is no a in font nullfont!
Missing character: There is no d in font nullfont!
Missing character: There is no d in font nullfont!
Missing character: There is no e in font nullfont!
Missing character: There is no d in font nullfont!
Missing character: There is no e in font nullfont!
Missing character: There is no t in font nullfont!
Missing character: There is no e in font nullfont!
Missing character: There is no r in font nullfont!
Missing character: There is no m in font nullfont!
Missing character: There is no i in font nullfont!
Missing character: There is no n in font nullfont!
Missing character: There is no a in font nullfont!
Missing character: There is no r in font nullfont!
Missing character: There is no l in font nullfont!
Missing character: There is no o in font nullfont!
Missing character: There is no s in font nullfont!
Missing character: There is no p in font nullfont!
Missing character: There is no e in font nullfont!
Missing character: There is no s in font nullfont!
Missing character: There is no o in font nullfont!
Missing character: There is no s in font nullfont!
Missing character: There is no d in font nullfont!
Missing character: There is no e in font nullfont!
Missing character: There is no t in font nullfont!
Missing character: There is no o in font nullfont!
Missing character: There is no d in font nullfont!
Missing character: There is no a in font nullfont!
Missing character: There is no s in font nullfont!
Missing character: There is no l in font nullfont!
Missing character: There is no a in font nullfont!
Missing character: There is no s in font nullfont!
Missing character: There is no c in font nullfont!
Missing character: There is no o in font nullfont!
Missing character: There is no n in font nullfont!
Missing character: There is no e in font nullfont!
Missing character: There is no x in font nullfont!
Missing character: There is no i in font nullfont!
Missing character: There is no o in font nullfont!
Missing character: There is no n in font nullfont!
Missing character: There is no e in font nullfont!
Missing character: There is no s in font nullfont!
Missing character: There is no d in font nullfont!
Missing character: There is no e in font nullfont!
Missing character: There is no m in font nullfont!
Missing character: There is no a in font nullfont!
Missing character: There is no n in font nullfont!
Missing character: There is no e in font nullfont!
Missing character: There is no r in font nullfont!
Missing character: There is no a in font nullfont!
Missing character: There is no c in font nullfont!
Missing character: There is no o in font nullfont!
Missing character: There is no r in font nullfont!
Missing character: There is no r in font nullfont!
Missing character: There is no e in font nullfont!
Missing character: There is no c in font nullfont!
Missing character: There is no t in font nullfont!
Missing character: There is no a in font nullfont!
Missing character: There is no p in font nullfont!
Missing character: There is no a in font nullfont!
Missing character: There is no r in font nullfont!
Missing character: There is no a in font nullfont!
Missing character: There is no m in font nullfont!
Missing character: There is no i in font nullfont!
Missing character: There is no n in font nullfont!
Missing character: There is no i in font nullfont!
Missing character: There is no m in font nullfont!
Missing character: There is no i in font nullfont!
Missing character: There is no z in font nullfont!
Missing character: There is no a in font nullfont!
Missing character: There is no r in font nullfont!
Missing character: There is no l in font nullfont!
Missing character: There is no o in font nullfont!
Missing character: There is no s in font nullfont!
Missing character: There is no e in font nullfont!
Missing character: There is no r in font nullfont!
Missing character: There is no r in font nullfont!
Missing character: There is no o in font nullfont!
Missing character: There is no r in font nullfont!
Missing character: There is no e in font nullfont!
Missing character: There is no s in font nullfont!
Missing character: There is no , in font nullfont!
Missing character: There is no e in font nullfont!
Missing character: There is no s in font nullfont!
Missing character: There is no p in font nullfont!
Missing character: There is no o in font nullfont!
Missing character: There is no r in font nullfont!
Missing character: There is no e in font nullfont!
Missing character: There is no s in font nullfont!
Missing character: There is no o in font nullfont!
Missing character: There is no q in font nullfont!
Missing character: There is no u in font nullfont!
Missing character: There is no e in font nullfont!
Missing character: There is no n in font nullfont!
Missing character: There is no a in font nullfont!
Missing character: There is no c in font nullfont!
Missing character: There is no e in font nullfont!
Missing character: There is no l in font nullfont!
Missing character: There is no a in font nullfont!
Missing character: There is no n in font nullfont!
Missing character: There is no e in font nullfont!
Missing character: There is no c in font nullfont!
Missing character: There is no e in font nullfont!
Missing character: There is no s in font nullfont!
Missing character: There is no i in font nullfont!
Missing character: There is no d in font nullfont!
Missing character: There is no a in font nullfont!
Missing character: There is no d in font nullfont!
Missing character: There is no d in font nullfont!
Missing character: There is no e in font nullfont!
Missing character: There is no i in font nullfont!
Missing character: There is no m in font nullfont!
Missing character: There is no p in font nullfont!
Missing character: There is no l in font nullfont!
Missing character: There is no e in font nullfont!
Missing character: There is no m in font nullfont!
Missing character: There is no e in font nullfont!
Missing character: There is no n in font nullfont!
Missing character: There is no t in font nullfont!
Missing character: There is no a in font nullfont!
Missing character: There is no r in font nullfont!
Missing character: There is no a in font nullfont!
Missing character: There is no l in font nullfont!
Missing character: There is no g in font nullfont!
Missing character: There is no o in font nullfont!
Missing character: There is no r in font nullfont!
Missing character: There is no i in font nullfont!
Missing character: There is no t in font nullfont!
Missing character: There is no m in font nullfont!
Missing character: There is no o in font nullfont!
Missing character: There is no s in font nullfont!
Missing character: There is no m in font nullfont!
Missing character: There is no s in font nullfont!
Missing character: There is no c in font nullfont!
Missing character: There is no o in font nullfont!
Missing character: There is no m in font nullfont!
Missing character: There is no p in font nullfont!
Missing character: There is no l in font nullfont!
Missing character: There is no e in font nullfont!
Missing character: There is no j in font nullfont!
Missing character: There is no o in font nullfont!
Missing character: There is no s in font nullfont!
Missing character: There is no p in font nullfont!
Missing character: There is no a in font nullfont!
Missing character: There is no r in font nullfont!
Missing character: There is no a in font nullfont!
Missing character: There is no l in font nullfont!
Missing character: There is no a in font nullfont!
Missing character: There is no o in font nullfont!
Missing character: There is no p in font nullfont!
Missing character: There is no t in font nullfont!
Missing character: There is no i in font nullfont!
Missing character: There is no m in font nullfont!
Missing character: There is no i in font nullfont!
Missing character: There is no z in font nullfont!
Missing character: There is no a in font nullfont!
Missing character: There is no c in font nullfont!
Missing character: There is no i in font nullfont!
Missing character: There is no n in font nullfont!
Missing character: There is no d in font nullfont!
Missing character: There is no e in font nullfont!
Missing character: There is no r in font nullfont!
Missing character: There is no e in font nullfont!
Missing character: There is no d in font nullfont!
Missing character: There is no e in font nullfont!
Missing character: There is no s in font nullfont!
Missing character: There is no m in font nullfont!
Missing character: There is no u in font nullfont!
Missing character: There is no l in font nullfont!
Missing character: There is no t in font nullfont!
Missing character: There is no i in font nullfont!
Missing character: There is no c in font nullfont!
Missing character: There is no a in font nullfont!
Missing character: There is no p in font nullfont!
Missing character: There is no a in font nullfont!
Missing character: There is no , in font nullfont!
Missing character: There is no d in font nullfont!
Missing character: There is no e in font nullfont!
Missing character: There is no a in font nullfont!
Missing character: There is no h in font nullfont!
Missing character: There is no q in font nullfont!
Missing character: There is no u in font nullfont!
Missing character: There is no e in font nullfont!
Missing character: There is no n in font nullfont!
Missing character: There is no a in font nullfont!
Missing character: There is no c in font nullfont!
Missing character: There is no e in font nullfont!
Missing character: There is no e in font nullfont!
Missing character: There is no l in font nullfont!
Missing character: There is no . in font nullfont!
Missing character: There is no ( in font nullfont!
Missing character: There is no P in font nullfont!
Missing character: There is no e in font nullfont!
Missing character: There is no n in font nullfont!
Missing character: There is no d in font nullfont!
Missing character: There is no i in font nullfont!
Missing character: There is no e in font nullfont!
Missing character: There is no n in font nullfont!
Missing character: There is no t in font nullfont!
Missing character: There is no e in font nullfont!
Missing character: There is no ) in font nullfont!

! LaTeX Error: Environment definition undefined.

See the LaTeX manual or LaTeX Companion for explanation.
Type  H <return>  for immediate help.
 ...                                              
                                                  
l.176 \begin{definition}
                        [Derivada funci^^c3^^b3n de riesgo]
Your command was ignored.
Type  I <command> <return>  to replace it with another command,
or  <return>  to continue without it.

Missing character: There is no [ in font nullfont!
Missing character: There is no D in font nullfont!
Missing character: There is no e in font nullfont!
Missing character: There is no r in font nullfont!
Missing character: There is no i in font nullfont!
Missing character: There is no v in font nullfont!
Missing character: There is no a in font nullfont!
Missing character: There is no d in font nullfont!
Missing character: There is no a in font nullfont!
Missing character: There is no f in font nullfont!
Missing character: There is no u in font nullfont!
Missing character: There is no n in font nullfont!
Missing character: There is no c in font nullfont!
Missing character: There is no i in font nullfont!
Missing character: There is no n in font nullfont!
Missing character: There is no d in font nullfont!
Missing character: There is no e in font nullfont!
Missing character: There is no r in font nullfont!
Missing character: There is no i in font nullfont!
Missing character: There is no e in font nullfont!
Missing character: There is no s in font nullfont!
Missing character: There is no g in font nullfont!
Missing character: There is no o in font nullfont!
Missing character: There is no ] in font nullfont!
Missing character: There is no S in font nullfont!
Missing character: There is no e in font nullfont!
Missing character: There is no a in font nullfont!
Missing character: There is no u in font nullfont!
Missing character: There is no n in font nullfont!
Missing character: There is no a in font nullfont!
Missing character: There is no r in font nullfont!
Missing character: There is no e in font nullfont!
Missing character: There is no d in font nullfont!
Missing character: There is no n in font nullfont!
Missing character: There is no e in font nullfont!
Missing character: There is no u in font nullfont!
Missing character: There is no r in font nullfont!
Missing character: There is no o in font nullfont!
Missing character: There is no n in font nullfont!
Missing character: There is no a in font nullfont!
Missing character: There is no l in font nullfont!
Missing character: There is no c in font nullfont!
Missing character: There is no o in font nullfont!
Missing character: There is no n in font nullfont!
Missing character: There is no p in font nullfont!
Missing character: There is no a in font nullfont!
Missing character: There is no r in font nullfont!
Missing character: There is no a in font nullfont!
Missing character: There is no m in font nullfont!
Missing character: There is no e in font nullfont!
Missing character: There is no t in font nullfont!
Missing character: There is no r in font nullfont!
Missing character: There is no o in font nullfont!
Missing character: There is no s in font nullfont!
Missing character: There is no , in font nullfont!
Missing character: There is no l in font nullfont!
Missing character: There is no a in font nullfont!
Missing character: There is no d in font nullfont!
Missing character: There is no e in font nullfont!
Missing character: There is no r in font nullfont!
Missing character: There is no i in font nullfont!
Missing character: There is no v in font nullfont!
Missing character: There is no a in font nullfont!
Missing character: There is no d in font nullfont!
Missing character: There is no a in font nullfont!
Missing character: There is no d in font nullfont!
Missing character: There is no e in font nullfont!
Missing character: There is no s in font nullfont!
Missing character: There is no u in font nullfont!
Missing character: There is no f in font nullfont!
Missing character: There is no u in font nullfont!
Missing character: There is no n in font nullfont!
Missing character: There is no c in font nullfont!
Missing character: There is no i in font nullfont!
Missing character: There is no n in font nullfont!
Missing character: There is no d in font nullfont!
Missing character: There is no e in font nullfont!
Missing character: There is no r in font nullfont!
Missing character: There is no i in font nullfont!
Missing character: There is no e in font nullfont!
Missing character: There is no s in font nullfont!
Missing character: There is no g in font nullfont!
Missing character: There is no o in font nullfont!
Missing character: There is no s in font nullfont!
Missing character: There is no e in font nullfont!
Missing character: There is no d in font nullfont!
Missing character: There is no e in font nullfont!
Missing character: There is no f in font nullfont!
Missing character: There is no i in font nullfont!
Missing character: There is no n in font nullfont!
Missing character: There is no e in font nullfont!
Missing character: There is no d in font nullfont!
Missing character: There is no e in font nullfont!
Missing character: There is no l in font nullfont!
Missing character: There is no a in font nullfont!
Missing character: There is no s in font nullfont!
Missing character: There is no i in font nullfont!
Missing character: There is no g in font nullfont!
Missing character: There is no u in font nullfont!
Missing character: There is no i in font nullfont!
Missing character: There is no e in font nullfont!
Missing character: There is no n in font nullfont!
Missing character: There is no t in font nullfont!
Missing character: There is no e in font nullfont!
Missing character: There is no f in font nullfont!
Missing character: There is no o in font nullfont!
Missing character: There is no r in font nullfont!
Missing character: There is no m in font nullfont!
Missing character: There is no a in font nullfont!
Missing character: There is no : in font nullfont!

Overfull \hbox (5.00002pt too wide) in paragraph at lines 155--178
  \/cmr/m/n/10 ^^So
 []


Overfull \hbox (5.00002pt too wide) in paragraph at lines 155--178
\/cmr/m/n/10 ^^So
 []


Overfull \hbox (4.97223pt too wide) in paragraph at lines 155--178
\OML/cmm/m/it/10 ^^R$
 []


Overfull \hbox (5.00002pt too wide) in paragraph at lines 155--178
\/cmr/m/n/10 ^^So
 []


Overfull \hbox (12.06244pt too wide) in paragraph at lines 155--178
\OML/cmm/m/it/10 J \/cmr/m/n/10 :
 []


Overfull \hbox (26.6667pt too wide) in paragraph at lines 155--178
\/cmr/m/n/10 ^^B [][]\OMS/cmsy/m/n/10 !
 []


Overfull \hbox (7.67015pt too wide) in paragraph at lines 155--178
\OML/cmm/m/it/10 R$
 []


Overfull \hbox (18.55547pt too wide) in paragraph at lines 155--178
\OT1/cmr/bx/n/10 T \OML/cmm/m/it/10 >
 []


Overfull \hbox (5.00002pt too wide) in paragraph at lines 155--178
\/cmr/m/n/10 0$
 []


Overfull \hbox (5.55557pt too wide) in paragraph at lines 155--178
\/cmr/m/n/10 ^^Su
 []


Overfull \hbox (5.32408pt too wide) in paragraph at lines 155--178
\OML/cmm/m/it/10 ^^Q$
 []


Overfull \hbox (25.15279pt too wide) in paragraph at lines 155--178
\OML/cmm/m/it/10 ^^R[] \OMS/cmsy/m/n/10 2
 []


Overfull \hbox (7.7778pt too wide) in paragraph at lines 155--178
\/cmr/m/n/10 ^^B$
 []


Overfull \hbox (13.05551pt too wide) in paragraph at lines 155--178
\OML/cmm/m/it/10 t \OMS/cmsy/m/n/10 2
 []


Overfull \hbox (31.88882pt too wide) in paragraph at lines 155--178
\OMS/cmsy/m/n/10 f\/cmr/m/n/10 1\OML/cmm/m/it/10 ; ; \OT1/cmr/bx/n/10 T\OMS/cms
y/m/n/10 g$
 []


Overfull \hbox (30.19106pt too wide) in paragraph at lines 155--178
\OML/cmm/m/it/10 R\/cmr/m/n/10 (\OML/cmm/m/it/10 ^^R[]\/cmr/m/n/10 )$
 []


Overfull \hbox (53.995pt too wide) in paragraph at lines 155--178
\OMS/cmsy/m/n/10 r[]\OML/cmm/m/it/10 R\/cmr/m/n/10 (\OML/cmm/m/it/10 ^^R[]\/cmr
/m/n/10 )$
 []


Overfull \hbox (64.5505pt too wide) in paragraph at lines 155--178
\OMS/cmsy/m/n/10 r[]\OML/cmm/m/it/10 R\/cmr/m/n/10 (\OML/cmm/m/it/10 ^^R[]\/cmr
/m/n/10 ) \OMS/cmsy/m/n/10 6\/cmr/m/n/10 =$
 []


Overfull \hbox (37.64587pt too wide) in paragraph at lines 155--178
\OML/cmm/m/it/10 ^^R[] \OMS/cmsy/m/n/10  
 []


Overfull \hbox (22.5209pt too wide) in paragraph at lines 155--178
\OML/cmm/m/it/10 ^^R[] \OMS/cmsy/m/n/10 ^^@
 []


Overfull \hbox (57.1078pt too wide) in paragraph at lines 155--178
\OML/cmm/m/it/10 ^^Q\OMS/cmsy/m/n/10 r[]\OML/cmm/m/it/10 R\/cmr/m/n/10 (\OML/cm
m/m/it/10 ^^R[]\/cmr/m/n/10 )$
 []


Overfull \hbox (5.00002pt too wide) in paragraph at lines 155--178
\/cmr/m/n/10 ^^So
 []


Overfull \hbox (5.00002pt too wide) in paragraph at lines 155--178
\/cmr/m/n/10 ^^Sa
 []


Overfull \hbox (5.00002pt too wide) in paragraph at lines 155--178
\/cmr/m/n/10 ^^Sa
 []


Overfull \hbox (5.55557pt too wide) in paragraph at lines 155--178
\/cmr/m/n/10 ^^Su
 []


Overfull \hbox (4.44444pt too wide) in paragraph at lines 155--178
\/cmr/m/n/10 ^^Se
 []


Overfull \hbox (5.00002pt too wide) in paragraph at lines 155--178
\/cmr/m/n/10 ^^Sa
 []


Overfull \hbox (5.00002pt too wide) in paragraph at lines 155--178
\/cmr/m/n/10 ^^So
 []


Overfull \hbox (2.77779pt too wide) in paragraph at lines 155--178
\/cmr/m/n/10 ^^S^^P
 []


Overfull \hbox (28.4651pt too wide) in paragraph at lines 155--178
\OT1/cmr/bx/n/10 Back-
 []


Overfull \hbox (28.5693pt too wide) in paragraph at lines 155--178
\OT1/cmr/bx/n/10 Prop-
 []


Overfull \hbox (9.42354pt too wide) in paragraph at lines 155--178
\OT1/cmr/bx/n/10 a-
 []


Overfull \hbox (15.17351pt too wide) in paragraph at lines 155--178
\OT1/cmr/bx/n/10 ga-
 []


Overfull \hbox (19.80545pt too wide) in paragraph at lines 155--178
\OT1/cmr/bx/n/10 tion
 []


Overfull \hbox (5.00002pt too wide) in paragraph at lines 155--178
\/cmr/m/n/10 ^^So
 []


Overfull \hbox (28.88197pt too wide) in paragraph at lines 155--178
\OML/cmm/m/it/10 f\/cmr/m/n/10 (\OML/cmm/m/it/10 x\/cmr/m/n/10 ; \OML/cmm/m/it/
10 ^^R\/cmr/m/n/10 )$
 []


Overfull \hbox (4.97223pt too wide) in paragraph at lines 155--178
\OML/cmm/m/it/10 ^^R$
 []


Overfull \hbox (5.00002pt too wide) in paragraph at lines 155--178
\/cmr/m/n/10 ^^So
 []


Overfull \hbox (20.42018pt too wide) in paragraph at lines 155--178
\OML/cmm/m/it/10 R\/cmr/m/n/10 (\OML/cmm/m/it/10 ^^R\/cmr/m/n/10 )$
 []


Overfull \hbox (180.42523pt too wide) detected at line 180
\OMS/cmsy/m/n/10 r[]\OML/cmm/m/it/10 R\/cmr/m/n/10 (\OML/cmm/m/it/10 ^^R\/cmr/m
/n/10 ) = \OMS/cmsy/m/n/10 r\OML/cmm/m/it/10 f[] \OMS/cmsy/m/n/10 ^^A r\OML/cmm
/m/it/10 f[] [] \OMS/cmsy/m/n/10 r\OML/cmm/m/it/10 f[] \OMS/cmsy/m/n/10 ^^A r\O
ML/cmm/m/it/10 f[]
 []


! LaTeX Error: \begin{document} ended by \end{definition}.

See the LaTeX manual or LaTeX Companion for explanation.
Type  H <return>  for immediate help.
 ...                                              
                                                  
l.181 \end{definition}
                      
Your command was ignored.
Type  I <command> <return>  to replace it with another command,
or  <return>  to continue without it.

Missing character: There is no N in font nullfont!
Missing character: There is no o in font nullfont!
Missing character: There is no t in font nullfont!
Missing character: There is no a in font nullfont!
Missing character: There is no m in font nullfont!
Missing character: There is no o in font nullfont!
Missing character: There is no s in font nullfont!
Missing character: There is no q in font nullfont!
Missing character: There is no u in font nullfont!
Missing character: There is no e in font nullfont!
Missing character: There is no e in font nullfont!
Missing character: There is no s in font nullfont!
Missing character: There is no t in font nullfont!
Missing character: There is no a in font nullfont!
Missing character: There is no d in font nullfont!
Missing character: There is no e in font nullfont!
Missing character: There is no f in font nullfont!
Missing character: There is no i in font nullfont!
Missing character: There is no n in font nullfont!
Missing character: There is no i in font nullfont!
Missing character: There is no c in font nullfont!
Missing character: There is no i in font nullfont!
Missing character: There is no n in font nullfont!
Missing character: There is no e in font nullfont!
Missing character: There is no s in font nullfont!
Missing character: There is no p in font nullfont!
Missing character: There is no o in font nullfont!
Missing character: There is no s in font nullfont!
Missing character: There is no i in font nullfont!
Missing character: There is no b in font nullfont!
Missing character: There is no l in font nullfont!
Missing character: There is no e in font nullfont!
Missing character: There is no g in font nullfont!
Missing character: There is no r in font nullfont!
Missing character: There is no a in font nullfont!
Missing character: There is no c in font nullfont!
Missing character: There is no i in font nullfont!
Missing character: There is no a in font nullfont!
Missing character: There is no s in font nullfont!
Missing character: There is no a in font nullfont!
Missing character: There is no l in font nullfont!
Missing character: There is no a in font nullfont!
Missing character: There is no r in font nullfont!
Missing character: There is no e in font nullfont!
Missing character: There is no g in font nullfont!
Missing character: There is no l in font nullfont!
Missing character: There is no a in font nullfont!
Missing character: There is no d in font nullfont!
Missing character: There is no e in font nullfont!
Missing character: There is no l in font nullfont!
Missing character: There is no a in font nullfont!
Missing character: There is no c in font nullfont!
Missing character: There is no a in font nullfont!
Missing character: There is no d in font nullfont!
Missing character: There is no e in font nullfont!
Missing character: There is no n in font nullfont!
Missing character: There is no a in font nullfont!
Missing character: There is no . in font nullfont!

Overfull \hbox (5.00002pt too wide) in paragraph at lines 180--183
    \/cmr/m/n/10 ^^So
 []

Missing character: There is no ( in font nullfont!
Missing character: There is no a in font nullfont!
Missing character: There is no n in font nullfont!
Missing character: There is no e in font nullfont!
Missing character: There is no x in font nullfont!
Missing character: There is no o in font nullfont!
Missing character: There is no ) in font nullfont!

! LaTeX Error: Environment observation undefined.

See the LaTeX manual or LaTeX Companion for explanation.
Type  H <return>  for immediate help.
 ...                                              
                                                  
l.185 \begin{observation}
                         [Propagaci^^c3^^b3n hacia adelante]
Your command was ignored.
Type  I <command> <return>  to replace it with another command,
or  <return>  to continue without it.

Missing character: There is no [ in font nullfont!
Missing character: There is no P in font nullfont!
Missing character: There is no r in font nullfont!
Missing character: There is no o in font nullfont!
Missing character: There is no p in font nullfont!
Missing character: There is no a in font nullfont!
Missing character: There is no g in font nullfont!
Missing character: There is no a in font nullfont!
Missing character: There is no c in font nullfont!
Missing character: There is no i in font nullfont!
Missing character: There is no n in font nullfont!
Missing character: There is no h in font nullfont!
Missing character: There is no a in font nullfont!
Missing character: There is no c in font nullfont!
Missing character: There is no i in font nullfont!
Missing character: There is no a in font nullfont!
Missing character: There is no a in font nullfont!
Missing character: There is no d in font nullfont!
Missing character: There is no e in font nullfont!
Missing character: There is no l in font nullfont!
Missing character: There is no a in font nullfont!
Missing character: There is no n in font nullfont!
Missing character: There is no t in font nullfont!
Missing character: There is no e in font nullfont!
Missing character: There is no ] in font nullfont!
Missing character: There is no Y in font nullfont!
Missing character: There is no a in font nullfont!
Missing character: There is no s in font nullfont!
Missing character: There is no a in font nullfont!
Missing character: There is no b in font nullfont!
Missing character: There is no e in font nullfont!
Missing character: There is no m in font nullfont!
Missing character: There is no o in font nullfont!
Missing character: There is no s in font nullfont!
Missing character: There is no q in font nullfont!
Missing character: There is no u in font nullfont!
Missing character: There is no e in font nullfont!
Missing character: There is no p in font nullfont!
Missing character: There is no a in font nullfont!
Missing character: There is no r in font nullfont!
Missing character: There is no a in font nullfont!
Missing character: There is no c in font nullfont!
Missing character: There is no a in font nullfont!
Missing character: There is no d in font nullfont!
Missing character: There is no a in font nullfont!
Missing character: There is no c in font nullfont!
Missing character: There is no a in font nullfont!
Missing character: There is no p in font nullfont!
Missing character: There is no a in font nullfont!
Missing character: There is no d in font nullfont!
Missing character: There is no e in font nullfont!
Missing character: There is no u in font nullfont!
Missing character: There is no n in font nullfont!
Missing character: There is no a in font nullfont!
Missing character: There is no r in font nullfont!
Missing character: There is no e in font nullfont!
Missing character: There is no d in font nullfont!
Missing character: There is no n in font nullfont!
Missing character: There is no e in font nullfont!
Missing character: There is no u in font nullfont!
Missing character: There is no r in font nullfont!
Missing character: There is no o in font nullfont!
Missing character: There is no n in font nullfont!
Missing character: There is no a in font nullfont!
Missing character: There is no l in font nullfont!
Missing character: There is no , in font nullfont!
Missing character: There is no l in font nullfont!
Missing character: There is no a in font nullfont!
Missing character: There is no s in font nullfont!
Missing character: There is no a in font nullfont!
Missing character: There is no l in font nullfont!
Missing character: There is no i in font nullfont!
Missing character: There is no d in font nullfont!
Missing character: There is no a in font nullfont!
Missing character: There is no s in font nullfont!
Missing character: There is no e in font nullfont!
Missing character: There is no c in font nullfont!
Missing character: There is no a in font nullfont!
Missing character: There is no l in font nullfont!
Missing character: There is no c in font nullfont!
Missing character: There is no u in font nullfont!
Missing character: There is no l in font nullfont!
Missing character: There is no a in font nullfont!
Missing character: There is no d in font nullfont!
Missing character: There is no e in font nullfont!
Missing character: There is no m in font nullfont!
Missing character: There is no a in font nullfont!
Missing character: There is no n in font nullfont!
Missing character: There is no e in font nullfont!
Missing character: There is no r in font nullfont!
Missing character: There is no a in font nullfont!
Missing character: There is no r in font nullfont!
Missing character: There is no e in font nullfont!
Missing character: There is no c in font nullfont!
Missing character: There is no u in font nullfont!
Missing character: There is no r in font nullfont!
Missing character: There is no s in font nullfont!
Missing character: There is no i in font nullfont!
Missing character: There is no v in font nullfont!
Missing character: There is no a in font nullfont!
Missing character: There is no , in font nullfont!
Missing character: There is no d in font nullfont!
Missing character: There is no a in font nullfont!
Missing character: There is no d in font nullfont!
Missing character: There is no o in font nullfont!
Missing character: There is no u in font nullfont!
Missing character: There is no n in font nullfont!
Missing character: There is no v in font nullfont!
Missing character: There is no e in font nullfont!
Missing character: There is no c in font nullfont!
Missing character: There is no t in font nullfont!
Missing character: There is no o in font nullfont!
Missing character: There is no r in font nullfont!
Missing character: There is no d in font nullfont!
Missing character: There is no e in font nullfont!
Missing character: There is no e in font nullfont!
Missing character: There is no n in font nullfont!
Missing character: There is no t in font nullfont!
Missing character: There is no r in font nullfont!
Missing character: There is no a in font nullfont!
Missing character: There is no d in font nullfont!
Missing character: There is no a in font nullfont!
Missing character: There is no l in font nullfont!
Missing character: There is no a in font nullfont!
Missing character: There is no r in font nullfont!
Missing character: There is no e in font nullfont!
Missing character: There is no d in font nullfont!
Missing character: There is no r in font nullfont!
Missing character: There is no e in font nullfont!
Missing character: There is no a in font nullfont!
Missing character: There is no l in font nullfont!
Missing character: There is no i in font nullfont!
Missing character: There is no z in font nullfont!
Missing character: There is no a in font nullfont!
Missing character: There is no l in font nullfont!
Missing character: There is no a in font nullfont!
Missing character: There is no s in font nullfont!
Missing character: There is no s in font nullfont!
Missing character: There is no i in font nullfont!
Missing character: There is no g in font nullfont!
Missing character: There is no u in font nullfont!
Missing character: There is no i in font nullfont!
Missing character: There is no e in font nullfont!
Missing character: There is no n in font nullfont!
Missing character: There is no t in font nullfont!
Missing character: There is no e in font nullfont!
Missing character: There is no s in font nullfont!
Missing character: There is no d in font nullfont!
Missing character: There is no o in font nullfont!
Missing character: There is no s in font nullfont!
Missing character: There is no o in font nullfont!
Missing character: There is no p in font nullfont!
Missing character: There is no e in font nullfont!
Missing character: There is no r in font nullfont!
Missing character: There is no a in font nullfont!
Missing character: There is no c in font nullfont!
Missing character: There is no i in font nullfont!
Missing character: There is no o in font nullfont!
Missing character: There is no n in font nullfont!
Missing character: There is no e in font nullfont!
Missing character: There is no s in font nullfont!
Missing character: There is no : in font nullfont!

Overfull \hbox (20.0pt too wide) in paragraph at lines 184--187
[]
 []


Overfull \hbox (5.00002pt too wide) in paragraph at lines 184--187
\/cmr/m/n/10 ^^So
 []


Overfull \hbox (14.58337pt too wide) in paragraph at lines 184--187
\/cmr/m/n/10 (\OML/cmm/m/it/10 L\/cmr/m/n/10 )$
 []


Overfull \hbox (18.62503pt too wide) in paragraph at lines 184--187
\OT1/cmr/bx/n/10 h[]$
 []


Overfull \hbox (6.06941pt too wide) in paragraph at lines 184--187
\OT1/cmr/bx/n/10 x$
 []


Overfull \hbox (20.0pt too wide) in paragraph at lines 188--188
[] 
 []

Missing character: There is no D in font nullfont!
Missing character: There is no a in font nullfont!
Missing character: There is no d in font nullfont!
Missing character: There is no a in font nullfont!
Missing character: There is no l in font nullfont!
Missing character: There is no a in font nullfont!
Missing character: There is no m in font nullfont!
Missing character: There is no a in font nullfont!
Missing character: There is no t in font nullfont!
Missing character: There is no r in font nullfont!
Missing character: There is no i in font nullfont!
Missing character: There is no z in font nullfont!
Missing character: There is no d in font nullfont!
Missing character: There is no e in font nullfont!
Missing character: There is no p in font nullfont!
Missing character: There is no e in font nullfont!
Missing character: There is no s in font nullfont!
Missing character: There is no o in font nullfont!
Missing character: There is no s in font nullfont!
Missing character: There is no , in font nullfont!
Missing character: There is no e in font nullfont!
Missing character: There is no l in font nullfont!
Missing character: There is no v in font nullfont!
Missing character: There is no e in font nullfont!
Missing character: There is no c in font nullfont!
Missing character: There is no t in font nullfont!
Missing character: There is no o in font nullfont!
Missing character: There is no r in font nullfont!
Missing character: There is no d in font nullfont!
Missing character: There is no e in font nullfont!
Missing character: There is no s in font nullfont!
Missing character: There is no e in font nullfont!
Missing character: There is no s in font nullfont!
Missing character: There is no g in font nullfont!
Missing character: There is no o in font nullfont!
Missing character: There is no s in font nullfont!
Missing character: There is no e in font nullfont!
Missing character: There is no n in font nullfont!
Missing character: There is no l in font nullfont!
Missing character: There is no a in font nullfont!
Missing character: There is no c in font nullfont!
Missing character: There is no a in font nullfont!
Missing character: There is no p in font nullfont!
Missing character: There is no a in font nullfont!
Missing character: There is no y in font nullfont!
Missing character: There is no l in font nullfont!
Missing character: There is no a in font nullfont!
Missing character: There is no s in font nullfont!
Missing character: There is no a in font nullfont!
Missing character: There is no l in font nullfont!
Missing character: There is no i in font nullfont!
Missing character: There is no d in font nullfont!
Missing character: There is no a in font nullfont!
Missing character: There is no d in font nullfont!
Missing character: There is no e in font nullfont!
Missing character: There is no l in font nullfont!
Missing character: There is no a in font nullfont!
Missing character: There is no c in font nullfont!
Missing character: There is no a in font nullfont!
Missing character: There is no p in font nullfont!
Missing character: There is no a in font nullfont!
Missing character: There is no a in font nullfont!
Missing character: There is no n in font nullfont!
Missing character: There is no t in font nullfont!
Missing character: There is no e in font nullfont!
Missing character: There is no r in font nullfont!
Missing character: There is no i in font nullfont!
Missing character: There is no o in font nullfont!
Missing character: There is no r in font nullfont!
Missing character: There is no , in font nullfont!
Missing character: There is no e in font nullfont!
Missing character: There is no n in font nullfont!
Missing character: There is no t in font nullfont!
Missing character: There is no o in font nullfont!
Missing character: There is no n in font nullfont!
Missing character: There is no c in font nullfont!
Missing character: There is no e in font nullfont!
Missing character: There is no s in font nullfont!
Missing character: There is no l in font nullfont!
Missing character: There is no a in font nullfont!
Missing character: There is no p in font nullfont!
Missing character: There is no r in font nullfont!
Missing character: There is no e in font nullfont!
Missing character: There is no a in font nullfont!
Missing character: There is no c in font nullfont!
Missing character: There is no t in font nullfont!
Missing character: There is no i in font nullfont!
Missing character: There is no v in font nullfont!
Missing character: There is no a in font nullfont!
Missing character: There is no c in font nullfont!
Missing character: There is no i in font nullfont!
Missing character: There is no n in font nullfont!
Missing character: There is no e in font nullfont!
Missing character: There is no s in font nullfont!
Missing character: There is no t in font nullfont!
Missing character: There is no d in font nullfont!
Missing character: There is no a in font nullfont!
Missing character: There is no d in font nullfont!
Missing character: There is no a in font nullfont!
Missing character: There is no p in font nullfont!
Missing character: There is no o in font nullfont!
Missing character: There is no r in font nullfont!
Missing character: There is no : in font nullfont!

Overfull \hbox (67.701pt too wide) in paragraph at lines 189--191
\OT1/cmr/bx/n/10 Preactivaci^^Son 
 []


Overfull \hbox (24.28473pt too wide) in paragraph at lines 189--191
\OT1/cmr/bx/n/10 W[]$
 []


Overfull \hbox (20.70834pt too wide) in paragraph at lines 189--191
\OT1/cmr/bx/n/10 b[]\OML/cmm/m/it/10 L\/cmr/m/n/10 )$
 []


Overfull \hbox (6.80557pt too wide) in paragraph at lines 189--191
\OML/cmm/m/it/10 L$
 []


Overfull \hbox (24.59724pt too wide) in paragraph at lines 189--191
\OT1/cmr/bx/n/10 h[]\OML/cmm/m/it/10 L \OMS/cmsy/m/n/10 ^^@
 []


Overfull \hbox (8.88892pt too wide) in paragraph at lines 189--191
\/cmr/m/n/10 1)$
 []


Overfull \hbox (5.00002pt too wide) in paragraph at lines 189--191
\/cmr/m/n/10 ^^So
 []


Overfull \hbox (5.00002pt too wide) in paragraph at lines 189--191
\/cmr/m/n/10 ^^Sa
 []


Overfull \hbox (110.22922pt too wide) detected at line 193
\OT1/cmr/bx/n/10 z[] \/cmr/m/n/10 = \OT1/cmr/bx/n/10 W[]h[] \/cmr/m/n/10 + \OT1
/cmr/bx/n/10 b[]
 []

Missing character: There is no D in font nullfont!
Missing character: There is no a in font nullfont!
Missing character: There is no d in font nullfont!
Missing character: There is no a in font nullfont!
Missing character: There is no u in font nullfont!
Missing character: There is no n in font nullfont!
Missing character: There is no a in font nullfont!
Missing character: There is no f in font nullfont!
Missing character: There is no u in font nullfont!
Missing character: There is no n in font nullfont!
Missing character: There is no c in font nullfont!
Missing character: There is no i in font nullfont!
Missing character: There is no n in font nullfont!
Missing character: There is no d in font nullfont!
Missing character: There is no e in font nullfont!
Missing character: There is no a in font nullfont!
Missing character: There is no c in font nullfont!
Missing character: There is no t in font nullfont!
Missing character: There is no i in font nullfont!
Missing character: There is no v in font nullfont!
Missing character: There is no a in font nullfont!
Missing character: There is no c in font nullfont!
Missing character: There is no i in font nullfont!
Missing character: There is no n in font nullfont!
Missing character: There is no ( in font nullfont!
Missing character: There is no s in font nullfont!
Missing character: There is no i in font nullfont!
Missing character: There is no g in font nullfont!
Missing character: There is no m in font nullfont!
Missing character: There is no o in font nullfont!
Missing character: There is no i in font nullfont!
Missing character: There is no d in font nullfont!
Missing character: There is no e in font nullfont!
Missing character: There is no , in font nullfont!
Missing character: There is no R in font nullfont!
Missing character: There is no e in font nullfont!
Missing character: There is no L in font nullfont!
Missing character: There is no u in font nullfont!
Missing character: There is no , in font nullfont!
Missing character: There is no e in font nullfont!
Missing character: There is no t in font nullfont!
Missing character: There is no c in font nullfont!
Missing character: There is no ) in font nullfont!
Missing character: There is no , in font nullfont!
Missing character: There is no y in font nullfont!
Missing character: There is no l in font nullfont!
Missing character: There is no a in font nullfont!
Missing character: There is no p in font nullfont!
Missing character: There is no r in font nullfont!
Missing character: There is no e in font nullfont!
Missing character: There is no a in font nullfont!
Missing character: There is no c in font nullfont!
Missing character: There is no t in font nullfont!
Missing character: There is no i in font nullfont!
Missing character: There is no v in font nullfont!
Missing character: There is no a in font nullfont!
Missing character: There is no c in font nullfont!
Missing character: There is no i in font nullfont!
Missing character: There is no n in font nullfont!
Missing character: There is no d in font nullfont!
Missing character: There is no e in font nullfont!
Missing character: There is no l in font nullfont!
Missing character: There is no a in font nullfont!
Missing character: There is no c in font nullfont!
Missing character: There is no a in font nullfont!
Missing character: There is no p in font nullfont!
Missing character: There is no a in font nullfont!
Missing character: There is no , in font nullfont!
Missing character: There is no e in font nullfont!
Missing character: There is no n in font nullfont!
Missing character: There is no t in font nullfont!
Missing character: There is no o in font nullfont!
Missing character: There is no n in font nullfont!
Missing character: There is no c in font nullfont!
Missing character: There is no e in font nullfont!
Missing character: There is no s in font nullfont!
Missing character: There is no l in font nullfont!
Missing character: There is no a in font nullfont!
Missing character: There is no a in font nullfont!
Missing character: There is no c in font nullfont!
Missing character: There is no t in font nullfont!
Missing character: There is no i in font nullfont!
Missing character: There is no v in font nullfont!
Missing character: There is no a in font nullfont!
Missing character: There is no c in font nullfont!
Missing character: There is no i in font nullfont!
Missing character: There is no n in font nullfont!
Missing character: There is no e in font nullfont!
Missing character: There is no n in font nullfont!
Missing character: There is no l in font nullfont!
Missing character: There is no a in font nullfont!
Missing character: There is no c in font nullfont!
Missing character: There is no a in font nullfont!
Missing character: There is no p in font nullfont!
Missing character: There is no a in font nullfont!
Missing character: There is no e in font nullfont!
Missing character: There is no s in font nullfont!
Missing character: There is no t in font nullfont!
Missing character: There is no d in font nullfont!
Missing character: There is no a in font nullfont!
Missing character: There is no d in font nullfont!
Missing character: There is no a in font nullfont!
Missing character: There is no p in font nullfont!
Missing character: There is no o in font nullfont!
Missing character: There is no r in font nullfont!
Missing character: There is no : in font nullfont!

Overfull \hbox (52.9372pt too wide) in paragraph at lines 194--196
\OT1/cmr/bx/n/10 Activaci^^Son 
 []


Overfull \hbox (6.0729pt too wide) in paragraph at lines 194--196
\OML/cmm/m/it/10 ^^[$
 []


Overfull \hbox (5.00002pt too wide) in paragraph at lines 194--196
\/cmr/m/n/10 ^^So
 []


Overfull \hbox (5.00002pt too wide) in paragraph at lines 194--196
\/cmr/m/n/10 ^^So
 []


Overfull \hbox (17.34726pt too wide) in paragraph at lines 194--196
\OT1/cmr/bx/n/10 z[]$
 []


Overfull \hbox (5.00002pt too wide) in paragraph at lines 194--196
\/cmr/m/n/10 ^^So
 []


Overfull \hbox (6.80557pt too wide) in paragraph at lines 194--196
\OML/cmm/m/it/10 L$
 []


Overfull \hbox (5.00002pt too wide) in paragraph at lines 194--196
\/cmr/m/n/10 ^^So
 []


Overfull \hbox (6.80557pt too wide) in paragraph at lines 194--196
\OML/cmm/m/it/10 L$
 []


Overfull \hbox (5.00002pt too wide) in paragraph at lines 194--196
\/cmr/m/n/10 ^^Sa
 []


Overfull \hbox (68.9895pt too wide) detected at line 198
\OT1/cmr/bx/n/10 h[] \/cmr/m/n/10 = \OML/cmm/m/it/10 ^^[ []
 []

Missing character: There is no D in font nullfont!
Missing character: There is no e in font nullfont!
Missing character: There is no e in font nullfont!
Missing character: There is no s in font nullfont!
Missing character: There is no t in font nullfont!
Missing character: There is no a in font nullfont!
Missing character: There is no f in font nullfont!
Missing character: There is no o in font nullfont!
Missing character: There is no r in font nullfont!
Missing character: There is no m in font nullfont!
Missing character: There is no a in font nullfont!
Missing character: There is no l in font nullfont!
Missing character: There is no a in font nullfont!
Missing character: There is no s in font nullfont!
Missing character: There is no a in font nullfont!
Missing character: There is no l in font nullfont!
Missing character: There is no i in font nullfont!
Missing character: There is no d in font nullfont!
Missing character: There is no a in font nullfont!
Missing character: There is no d in font nullfont!
Missing character: There is no e in font nullfont!
Missing character: There is no l in font nullfont!
Missing character: There is no a in font nullfont!
Missing character: There is no l in font nullfont!
Missing character: There is no t in font nullfont!
Missing character: There is no i in font nullfont!
Missing character: There is no m in font nullfont!
Missing character: There is no a in font nullfont!
Missing character: There is no c in font nullfont!
Missing character: There is no a in font nullfont!
Missing character: There is no p in font nullfont!
Missing character: There is no a in font nullfont!
Missing character: There is no s in font nullfont!
Missing character: There is no e in font nullfont!
Missing character: There is no c in font nullfont!
Missing character: There is no o in font nullfont!
Missing character: There is no m in font nullfont!
Missing character: There is no p in font nullfont!
Missing character: There is no a in font nullfont!
Missing character: There is no r in font nullfont!
Missing character: There is no a in font nullfont!
Missing character: There is no c in font nullfont!
Missing character: There is no o in font nullfont!
Missing character: There is no n in font nullfont!
Missing character: There is no l in font nullfont!
Missing character: There is no a in font nullfont!
Missing character: There is no e in font nullfont!
Missing character: There is no t in font nullfont!
Missing character: There is no i in font nullfont!
Missing character: There is no q in font nullfont!
Missing character: There is no u in font nullfont!
Missing character: There is no e in font nullfont!
Missing character: There is no t in font nullfont!
Missing character: There is no a in font nullfont!
Missing character: There is no v in font nullfont!
Missing character: There is no e in font nullfont!
Missing character: There is no r in font nullfont!
Missing character: There is no d in font nullfont!
Missing character: There is no a in font nullfont!
Missing character: There is no d in font nullfont!
Missing character: There is no e in font nullfont!
Missing character: There is no r in font nullfont!
Missing character: There is no a in font nullfont!
Missing character: There is no u in font nullfont!
Missing character: There is no t in font nullfont!
Missing character: There is no i in font nullfont!
Missing character: There is no l in font nullfont!
Missing character: There is no i in font nullfont!
Missing character: There is no z in font nullfont!
Missing character: There is no a in font nullfont!
Missing character: There is no n in font nullfont!
Missing character: There is no d in font nullfont!
Missing character: There is no o in font nullfont!
Missing character: There is no a in font nullfont!
Missing character: There is no l in font nullfont!
Missing character: There is no g in font nullfont!
Missing character: There is no u in font nullfont!
Missing character: There is no n in font nullfont!
Missing character: There is no a in font nullfont!
Missing character: There is no f in font nullfont!
Missing character: There is no u in font nullfont!
Missing character: There is no n in font nullfont!
Missing character: There is no c in font nullfont!
Missing character: There is no i in font nullfont!
Missing character: There is no n in font nullfont!
Missing character: There is no d in font nullfont!
Missing character: There is no e in font nullfont!
Missing character: There is no p in font nullfont!
Missing character: There is no r in font nullfont!
Missing character: There is no d in font nullfont!
Missing character: There is no i in font nullfont!
Missing character: There is no d in font nullfont!
Missing character: There is no a in font nullfont!

! LaTeX Error: \begin{document} ended by \end{observation}.

See the LaTeX manual or LaTeX Companion for explanation.
Type  H <return>  for immediate help.
 ...                                              
                                                  
l.201 \end{observation}
                       
Your command was ignored.
Type  I <command> <return>  to replace it with another command,
or  <return>  to continue without it.


Overfull \hbox (5.55557pt too wide) in paragraph at lines 200--202
       \/cmr/m/n/10 ^^Su
 []


Overfull \hbox (5.2616pt too wide) in paragraph at lines 200--202
\OML/cmm/m/it/10 y$
 []


Overfull \hbox (5.00002pt too wide) in paragraph at lines 200--202
\/cmr/m/n/10 ^^So
 []


Overfull \hbox (4.44444pt too wide) in paragraph at lines 200--202
\/cmr/m/n/10 ^^Se
 []


Overfull \hbox (42.05325pt too wide) in paragraph at lines 200--202
\OT1/cmr/bx/n/10 J\/cmr/m/n/10 (\OT1/cmr/bx/n/10 h[]\OML/cmm/m/it/10 ; y\/cmr/m
/n/10 )$
 []


! LaTeX Error: Environment observation undefined.

See the LaTeX manual or LaTeX Companion for explanation.
Type  H <return>  for immediate help.
 ...                                              
                                                  
l.203 \begin{observation}
                         [Minimizaci^^c3^^b3n del error en la capa de salida]\
Your command was ignored.
Type  I <command> <return>  to replace it with another command,
or  <return>  to continue without it.

Missing character: There is no [ in font nullfont!
Missing character: There is no M in font nullfont!
Missing character: There is no i in font nullfont!
Missing character: There is no n in font nullfont!
Missing character: There is no i in font nullfont!
Missing character: There is no m in font nullfont!
Missing character: There is no i in font nullfont!
Missing character: There is no z in font nullfont!
Missing character: There is no a in font nullfont!
Missing character: There is no c in font nullfont!
Missing character: There is no i in font nullfont!
Missing character: There is no n in font nullfont!
Missing character: There is no d in font nullfont!
Missing character: There is no e in font nullfont!
Missing character: There is no l in font nullfont!
Missing character: There is no e in font nullfont!
Missing character: There is no r in font nullfont!
Missing character: There is no r in font nullfont!
Missing character: There is no o in font nullfont!
Missing character: There is no r in font nullfont!
Missing character: There is no e in font nullfont!
Missing character: There is no n in font nullfont!
Missing character: There is no l in font nullfont!
Missing character: There is no a in font nullfont!
Missing character: There is no c in font nullfont!
Missing character: There is no a in font nullfont!
Missing character: There is no p in font nullfont!
Missing character: There is no a in font nullfont!
Missing character: There is no d in font nullfont!
Missing character: There is no e in font nullfont!
Missing character: There is no s in font nullfont!
Missing character: There is no a in font nullfont!
Missing character: There is no l in font nullfont!
Missing character: There is no i in font nullfont!
Missing character: There is no d in font nullfont!
Missing character: There is no a in font nullfont!
Missing character: There is no ] in font nullfont!
Missing character: There is no P in font nullfont!
Missing character: There is no a in font nullfont!
Missing character: There is no r in font nullfont!
Missing character: There is no a in font nullfont!
Missing character: There is no m in font nullfont!
Missing character: There is no i in font nullfont!
Missing character: There is no n in font nullfont!
Missing character: There is no i in font nullfont!
Missing character: There is no m in font nullfont!
Missing character: There is no i in font nullfont!
Missing character: There is no z in font nullfont!
Missing character: There is no a in font nullfont!
Missing character: There is no r in font nullfont!
Missing character: There is no e in font nullfont!
Missing character: There is no l in font nullfont!
Missing character: There is no e in font nullfont!
Missing character: There is no r in font nullfont!
Missing character: There is no r in font nullfont!
Missing character: There is no o in font nullfont!
Missing character: There is no r in font nullfont!
Missing character: There is no e in font nullfont!
Missing character: There is no n in font nullfont!
Missing character: There is no l in font nullfont!
Missing character: There is no a in font nullfont!
Missing character: There is no f in font nullfont!
Missing character: There is no u in font nullfont!
Missing character: There is no n in font nullfont!
Missing character: There is no c in font nullfont!
Missing character: There is no i in font nullfont!
Missing character: There is no n in font nullfont!
Missing character: There is no d in font nullfont!
Missing character: There is no e in font nullfont!
Missing character: There is no p in font nullfont!
Missing character: There is no r in font nullfont!
Missing character: There is no d in font nullfont!
Missing character: There is no i in font nullfont!
Missing character: There is no d in font nullfont!
Missing character: There is no a in font nullfont!
Missing character: There is no u in font nullfont!
Missing character: There is no t in font nullfont!
Missing character: There is no i in font nullfont!
Missing character: There is no l in font nullfont!
Missing character: There is no i in font nullfont!
Missing character: There is no z in font nullfont!
Missing character: There is no a in font nullfont!
Missing character: There is no m in font nullfont!
Missing character: There is no o in font nullfont!
Missing character: There is no s in font nullfont!
Missing character: There is no l in font nullfont!
Missing character: There is no a in font nullfont!
Missing character: There is no d in font nullfont!
Missing character: There is no e in font nullfont!
Missing character: There is no f in font nullfont!
Missing character: There is no i in font nullfont!
Missing character: There is no n in font nullfont!
Missing character: There is no i in font nullfont!
Missing character: There is no c in font nullfont!
Missing character: There is no i in font nullfont!
Missing character: There is no n in font nullfont!
Missing character: There is no 3 in font nullfont!
Missing character: There is no 2 in font nullfont!
Missing character: There is no , in font nullfont!
Missing character: There is no p in font nullfont!
Missing character: There is no o in font nullfont!
Missing character: There is no r in font nullfont!
Missing character: There is no u in font nullfont!
Missing character: There is no n in font nullfont!
Missing character: There is no a in font nullfont!
Missing character: There is no s in font nullfont!
Missing character: There is no e in font nullfont!
Missing character: There is no r in font nullfont!
Missing character: There is no i in font nullfont!
Missing character: There is no e in font nullfont!
Missing character: There is no d in font nullfont!
Missing character: There is no e in font nullfont!
Missing character: There is no p in font nullfont!
Missing character: There is no a in font nullfont!
Missing character: There is no s in font nullfont!
Missing character: There is no o in font nullfont!
Missing character: There is no s in font nullfont!
Missing character: There is no d in font nullfont!
Missing character: There is no a in font nullfont!
Missing character: There is no d in font nullfont!
Missing character: There is no o in font nullfont!
Missing character: There is no s in font nullfont!
Missing character: There is no d in font nullfont!
Missing character: There is no e in font nullfont!
Missing character: There is no l in font nullfont!
Missing character: There is no a in font nullfont!
Missing character: There is no s in font nullfont!
Missing character: There is no i in font nullfont!
Missing character: There is no g in font nullfont!
Missing character: There is no u in font nullfont!
Missing character: There is no i in font nullfont!
Missing character: There is no e in font nullfont!
Missing character: There is no n in font nullfont!
Missing character: There is no t in font nullfont!
Missing character: There is no e in font nullfont!
Missing character: There is no m in font nullfont!
Missing character: There is no a in font nullfont!
Missing character: There is no n in font nullfont!
Missing character: There is no e in font nullfont!
Missing character: There is no r in font nullfont!
Missing character: There is no a in font nullfont!
Missing character: There is no : in font nullfont!

Overfull \hbox (25.00002pt too wide) in paragraph at lines 203--205
[]\/cmr/m/n/10 ^^So
 []


Overfull \hbox (5.00002pt too wide) in paragraph at lines 203--205
\/cmr/m/n/10 ^^So
 []


Overfull \hbox (4.44444pt too wide) in paragraph at lines 203--205
\/cmr/m/n/10 ^^Se
 []


Overfull \hbox (5.00002pt too wide) in paragraph at lines 203--205
\/cmr/m/n/10 ^^So
 []

Missing character: There is no S in font nullfont!
Missing character: There is no e in font nullfont!
Missing character: There is no a in font nullfont!
Missing character: There is no e in font nullfont!
Missing character: There is no l in font nullfont!
Missing character: There is no g in font nullfont!
Missing character: There is no r in font nullfont!
Missing character: There is no a in font nullfont!
Missing character: There is no d in font nullfont!
Missing character: There is no i in font nullfont!
Missing character: There is no e in font nullfont!
Missing character: There is no n in font nullfont!
Missing character: There is no t in font nullfont!
Missing character: There is no e in font nullfont!
Missing character: There is no d in font nullfont!
Missing character: There is no e in font nullfont!
Missing character: There is no l in font nullfont!
Missing character: There is no a in font nullfont!
Missing character: There is no f in font nullfont!
Missing character: There is no u in font nullfont!
Missing character: There is no n in font nullfont!
Missing character: There is no c in font nullfont!
Missing character: There is no i in font nullfont!
Missing character: There is no n in font nullfont!
Missing character: There is no d in font nullfont!
Missing character: There is no e in font nullfont!
Missing character: There is no p in font nullfont!
Missing character: There is no r in font nullfont!
Missing character: There is no d in font nullfont!
Missing character: There is no i in font nullfont!
Missing character: There is no d in font nullfont!
Missing character: There is no a in font nullfont!
Missing character: There is no c in font nullfont!
Missing character: There is no o in font nullfont!
Missing character: There is no n in font nullfont!
Missing character: There is no r in font nullfont!
Missing character: There is no e in font nullfont!
Missing character: There is no s in font nullfont!
Missing character: There is no p in font nullfont!
Missing character: There is no e in font nullfont!
Missing character: There is no c in font nullfont!
Missing character: There is no t in font nullfont!
Missing character: There is no o in font nullfont!
Missing character: There is no a in font nullfont!
Missing character: There is no l in font nullfont!
Missing character: There is no a in font nullfont!
Missing character: There is no s in font nullfont!
Missing character: There is no a in font nullfont!
Missing character: There is no l in font nullfont!
Missing character: There is no i in font nullfont!
Missing character: There is no d in font nullfont!
Missing character: There is no a in font nullfont!
Missing character: There is no d in font nullfont!
Missing character: There is no e in font nullfont!
Missing character: There is no l in font nullfont!
Missing character: There is no a in font nullfont!
Missing character: There is no r in font nullfont!
Missing character: There is no e in font nullfont!
Missing character: There is no d in font nullfont!
Missing character: There is no , in font nullfont!
Missing character: There is no , in font nullfont!
Missing character: There is no l in font nullfont!
Missing character: There is no a in font nullfont!
Missing character: There is no d in font nullfont!
Missing character: There is no e in font nullfont!
Missing character: There is no r in font nullfont!
Missing character: There is no i in font nullfont!
Missing character: There is no v in font nullfont!
Missing character: There is no a in font nullfont!
Missing character: There is no d in font nullfont!
Missing character: There is no a in font nullfont!
Missing character: There is no d in font nullfont!
Missing character: There is no e in font nullfont!
Missing character: There is no l in font nullfont!
Missing character: There is no a in font nullfont!
Missing character: There is no f in font nullfont!
Missing character: There is no u in font nullfont!
Missing character: There is no n in font nullfont!
Missing character: There is no c in font nullfont!
Missing character: There is no i in font nullfont!
Missing character: There is no n in font nullfont!
Missing character: There is no d in font nullfont!
Missing character: There is no e in font nullfont!
Missing character: There is no a in font nullfont!
Missing character: There is no c in font nullfont!
Missing character: There is no t in font nullfont!
Missing character: There is no i in font nullfont!
Missing character: There is no v in font nullfont!
Missing character: There is no a in font nullfont!
Missing character: There is no c in font nullfont!
Missing character: There is no i in font nullfont!
Missing character: There is no n in font nullfont!
Missing character: There is no d in font nullfont!
Missing character: There is no e in font nullfont!
Missing character: There is no l in font nullfont!
Missing character: There is no a in font nullfont!
Missing character: There is no l in font nullfont!
Missing character: There is no t in font nullfont!
Missing character: There is no i in font nullfont!
Missing character: There is no m in font nullfont!
Missing character: There is no a in font nullfont!
Missing character: There is no c in font nullfont!
Missing character: There is no a in font nullfont!
Missing character: There is no p in font nullfont!
Missing character: There is no a in font nullfont!
Missing character: There is no , in font nullfont!
Missing character: There is no e in font nullfont!
Missing character: There is no n in font nullfont!
Missing character: There is no t in font nullfont!
Missing character: There is no o in font nullfont!
Missing character: There is no n in font nullfont!
Missing character: There is no c in font nullfont!
Missing character: There is no e in font nullfont!
Missing character: There is no s in font nullfont!
Missing character: There is no e in font nullfont!
Missing character: There is no l in font nullfont!
Missing character: There is no e in font nullfont!
Missing character: There is no r in font nullfont!
Missing character: There is no r in font nullfont!
Missing character: There is no o in font nullfont!
Missing character: There is no r in font nullfont!
Missing character: There is no e in font nullfont!
Missing character: There is no n in font nullfont!
Missing character: There is no l in font nullfont!
Missing character: There is no a in font nullfont!
Missing character: There is no c in font nullfont!
Missing character: There is no a in font nullfont!
Missing character: There is no p in font nullfont!
Missing character: There is no a in font nullfont!
Missing character: There is no d in font nullfont!
Missing character: There is no e in font nullfont!
Missing character: There is no s in font nullfont!
Missing character: There is no a in font nullfont!
Missing character: There is no l in font nullfont!
Missing character: There is no i in font nullfont!
Missing character: There is no d in font nullfont!
Missing character: There is no a in font nullfont!
Missing character: There is no e in font nullfont!
Missing character: There is no s in font nullfont!
Missing character: There is no t in font nullfont!
Missing character: There is no d in font nullfont!
Missing character: There is no a in font nullfont!
Missing character: There is no d in font nullfont!
Missing character: There is no o in font nullfont!
Missing character: There is no p in font nullfont!
Missing character: There is no o in font nullfont!
Missing character: There is no r in font nullfont!
Missing character: There is no : in font nullfont!

Overfull \hbox (27.51378pt too wide) in paragraph at lines 206--208
\OT1/cmr/bx/n/10 Error
 []


Overfull \hbox (11.65967pt too wide) in paragraph at lines 206--208
\OT1/cmr/bx/n/10 en
 []


Overfull \hbox (8.78465pt too wide) in paragraph at lines 206--208
\OT1/cmr/bx/n/10 la
 []


Overfull \hbox (22.68039pt too wide) in paragraph at lines 206--208
\OT1/cmr/bx/n/10 capa
 []


Overfull \hbox (11.65967pt too wide) in paragraph at lines 206--208
\OT1/cmr/bx/n/10 de
 []


Overfull \hbox (17.15404pt too wide) in paragraph at lines 206--208
\OT1/cmr/bx/n/10 sal-
 []


Overfull \hbox (15.17351pt too wide) in paragraph at lines 206--208
\OT1/cmr/bx/n/10 ida 
 []


Overfull \hbox (22.82335pt too wide) in paragraph at lines 206--208
[]$
 []


Overfull \hbox (5.00002pt too wide) in paragraph at lines 206--208
\/cmr/m/n/10 ^^So
 []


Overfull \hbox (4.44444pt too wide) in paragraph at lines 206--208
\/cmr/m/n/10 ^^Se
 []


Overfull \hbox (34.00352pt too wide) in paragraph at lines 206--208
\OML/cmm/m/it/10 ^^[[]\/cmr/m/n/10 (\OT1/cmr/bx/n/10 z[]\/cmr/m/n/10 )$
 []


Overfull \hbox (5.00002pt too wide) in paragraph at lines 206--208
\/cmr/m/n/10 ^^So
 []


Overfull \hbox (5.00002pt too wide) in paragraph at lines 206--208
\/cmr/m/n/10 ^^So
 []


Overfull \hbox (5.55557pt too wide) in paragraph at lines 206--208
\/cmr/m/n/10 ^^Su
 []


Overfull \hbox (5.00002pt too wide) in paragraph at lines 206--208
\/cmr/m/n/10 ^^Sa
 []


Overfull \hbox (132.98749pt too wide) detected at line 210
\OML/cmm/m/it/10 ^^N[] \/cmr/m/n/10 = [] = [] \OMS/cmsy/m/n/10 ^^A \OML/cmm/m/i
t/10 ^^[[]\/cmr/m/n/10 (\OML/cmm/m/it/10 z[]\/cmr/m/n/10 )
 []

Missing character: There is no S in font nullfont!
Missing character: There is no e in font nullfont!
Missing character: There is no a in font nullfont!
Missing character: There is no e in font nullfont!
Missing character: There is no l in font nullfont!
Missing character: There is no e in font nullfont!
Missing character: There is no r in font nullfont!
Missing character: There is no r in font nullfont!
Missing character: There is no o in font nullfont!
Missing character: There is no r in font nullfont!
Missing character: There is no d in font nullfont!
Missing character: There is no e in font nullfont!
Missing character: There is no l in font nullfont!
Missing character: There is no a in font nullfont!
Missing character: There is no c in font nullfont!
Missing character: There is no a in font nullfont!
Missing character: There is no p in font nullfont!
Missing character: There is no a in font nullfont!
Missing character: There is no s in font nullfont!
Missing character: There is no i in font nullfont!
Missing character: There is no g in font nullfont!
Missing character: There is no u in font nullfont!
Missing character: There is no i in font nullfont!
Missing character: There is no e in font nullfont!
Missing character: There is no n in font nullfont!
Missing character: There is no t in font nullfont!
Missing character: There is no e in font nullfont!
Missing character: There is no y in font nullfont!
Missing character: There is no l in font nullfont!
Missing character: There is no a in font nullfont!
Missing character: There is no d in font nullfont!
Missing character: There is no e in font nullfont!
Missing character: There is no r in font nullfont!
Missing character: There is no i in font nullfont!
Missing character: There is no v in font nullfont!
Missing character: There is no a in font nullfont!
Missing character: There is no d in font nullfont!
Missing character: There is no a in font nullfont!
Missing character: There is no d in font nullfont!
Missing character: There is no e in font nullfont!
Missing character: There is no l in font nullfont!
Missing character: There is no a in font nullfont!
Missing character: There is no f in font nullfont!
Missing character: There is no u in font nullfont!
Missing character: There is no n in font nullfont!
Missing character: There is no c in font nullfont!
Missing character: There is no i in font nullfont!
Missing character: There is no n in font nullfont!
Missing character: There is no d in font nullfont!
Missing character: There is no e in font nullfont!
Missing character: There is no a in font nullfont!
Missing character: There is no c in font nullfont!
Missing character: There is no t in font nullfont!
Missing character: There is no i in font nullfont!
Missing character: There is no v in font nullfont!
Missing character: There is no a in font nullfont!
Missing character: There is no c in font nullfont!
Missing character: There is no i in font nullfont!
Missing character: There is no n in font nullfont!
Missing character: There is no d in font nullfont!
Missing character: There is no e in font nullfont!
Missing character: There is no l in font nullfont!
Missing character: There is no a in font nullfont!
Missing character: There is no c in font nullfont!
Missing character: There is no a in font nullfont!
Missing character: There is no p in font nullfont!
Missing character: There is no a in font nullfont!
Missing character: There is no L in font nullfont!
Missing character: There is no , in font nullfont!
Missing character: There is no e in font nullfont!
Missing character: There is no n in font nullfont!
Missing character: There is no t in font nullfont!
Missing character: There is no o in font nullfont!
Missing character: There is no n in font nullfont!
Missing character: There is no c in font nullfont!
Missing character: There is no e in font nullfont!
Missing character: There is no s in font nullfont!
Missing character: There is no l in font nullfont!
Missing character: There is no a in font nullfont!
Missing character: There is no p in font nullfont!
Missing character: There is no r in font nullfont!
Missing character: There is no o in font nullfont!
Missing character: There is no p in font nullfont!
Missing character: There is no a in font nullfont!
Missing character: There is no g in font nullfont!
Missing character: There is no a in font nullfont!
Missing character: There is no c in font nullfont!
Missing character: There is no i in font nullfont!
Missing character: There is no n in font nullfont!
Missing character: There is no d in font nullfont!
Missing character: There is no e in font nullfont!
Missing character: There is no l in font nullfont!
Missing character: There is no e in font nullfont!
Missing character: There is no r in font nullfont!
Missing character: There is no r in font nullfont!
Missing character: There is no o in font nullfont!
Missing character: There is no r in font nullfont!
Missing character: There is no s in font nullfont!
Missing character: There is no e in font nullfont!
Missing character: There is no d in font nullfont!
Missing character: There is no a in font nullfont!
Missing character: There is no m in font nullfont!
Missing character: There is no e in font nullfont!
Missing character: There is no d in font nullfont!
Missing character: There is no i in font nullfont!
Missing character: There is no a in font nullfont!
Missing character: There is no n in font nullfont!
Missing character: There is no t in font nullfont!
Missing character: There is no e in font nullfont!
Missing character: There is no l in font nullfont!
Missing character: There is no a in font nullfont!
Missing character: There is no s in font nullfont!
Missing character: There is no i in font nullfont!
Missing character: There is no g in font nullfont!
Missing character: There is no u in font nullfont!
Missing character: There is no i in font nullfont!
Missing character: There is no e in font nullfont!
Missing character: There is no n in font nullfont!
Missing character: There is no t in font nullfont!
Missing character: There is no e in font nullfont!
Missing character: There is no e in font nullfont!
Missing character: There is no x in font nullfont!
Missing character: There is no p in font nullfont!
Missing character: There is no r in font nullfont!
Missing character: There is no e in font nullfont!
Missing character: There is no s in font nullfont!
Missing character: There is no i in font nullfont!
Missing character: There is no n in font nullfont!
Missing character: There is no : in font nullfont!

Overfull \hbox (62.11075pt too wide) in paragraph at lines 211--213
\OT1/cmr/bx/n/10 Propagaci^^Son
 []


Overfull \hbox (14.8541pt too wide) in paragraph at lines 211--213
\OT1/cmr/bx/n/10 del
 []


Overfull \hbox (13.84023pt too wide) in paragraph at lines 211--213
\OT1/cmr/bx/n/10 er-
 []


Overfull \hbox (15.22217pt too wide) in paragraph at lines 211--213
\OT1/cmr/bx/n/10 ror
 []


Overfull \hbox (25.87482pt too wide) in paragraph at lines 211--213
\OT1/cmr/bx/n/10 hac^^S^^Pa
 []


Overfull \hbox (24.92482pt too wide) in paragraph at lines 211--213
\OT1/cmr/bx/n/10 atr^^Sas 
 []


Overfull \hbox (27.18413pt too wide) in paragraph at lines 211--213
\OML/cmm/m/it/10 ^^N[]$
 []


Overfull \hbox (33.98274pt too wide) in paragraph at lines 211--213
\OML/cmm/m/it/10 ^^[[]\/cmr/m/n/10 (\OML/cmm/m/it/10 z[]\/cmr/m/n/10 )$
 []


Overfull \hbox (5.00002pt too wide) in paragraph at lines 211--213
\/cmr/m/n/10 ^^So
 []


Overfull \hbox (5.00002pt too wide) in paragraph at lines 211--213
\/cmr/m/n/10 ^^So
 []


Overfull \hbox (5.00002pt too wide) in paragraph at lines 211--213
\/cmr/m/n/10 ^^So
 []


Overfull \hbox (5.00002pt too wide) in paragraph at lines 211--213
\/cmr/m/n/10 ^^So 
 []


Overfull \hbox (149.52557pt too wide) detected at line 215
\OML/cmm/m/it/10 ^^N[] \/cmr/m/n/10 = [][] \OML/cmm/m/it/10 ^^N[] \OMS/cmsy/m/n
/10 ^^A \OML/cmm/m/it/10 ^^[[]\/cmr/m/n/10 (\OML/cmm/m/it/10 z[]L\/cmr/m/n/10 )
)
 []

Missing character: There is no P in font nullfont!
Missing character: There is no a in font nullfont!
Missing character: There is no r in font nullfont!
Missing character: There is no a in font nullfont!
Missing character: There is no c in font nullfont!
Missing character: There is no a in font nullfont!
Missing character: There is no l in font nullfont!
Missing character: There is no c in font nullfont!
Missing character: There is no u in font nullfont!
Missing character: There is no l in font nullfont!
Missing character: There is no a in font nullfont!
Missing character: There is no r in font nullfont!
Missing character: There is no l in font nullfont!
Missing character: There is no o in font nullfont!
Missing character: There is no s in font nullfont!
Missing character: There is no g in font nullfont!
Missing character: There is no r in font nullfont!
Missing character: There is no a in font nullfont!
Missing character: There is no d in font nullfont!
Missing character: There is no i in font nullfont!
Missing character: There is no e in font nullfont!
Missing character: There is no n in font nullfont!
Missing character: There is no t in font nullfont!
Missing character: There is no e in font nullfont!
Missing character: There is no s in font nullfont!
Missing character: There is no d in font nullfont!
Missing character: There is no e in font nullfont!
Missing character: There is no l in font nullfont!
Missing character: There is no o in font nullfont!
Missing character: There is no s in font nullfont!
Missing character: There is no p in font nullfont!
Missing character: There is no a in font nullfont!
Missing character: There is no r in font nullfont!
Missing character: There is no a in font nullfont!
Missing character: There is no m in font nullfont!
Missing character: There is no e in font nullfont!
Missing character: There is no t in font nullfont!
Missing character: There is no r in font nullfont!
Missing character: There is no o in font nullfont!
Missing character: There is no s in font nullfont!
Missing character: There is no , in font nullfont!
Missing character: There is no v in font nullfont!
Missing character: There is no e in font nullfont!
Missing character: There is no m in font nullfont!
Missing character: There is no o in font nullfont!
Missing character: There is no s in font nullfont!
Missing character: There is no q in font nullfont!
Missing character: There is no u in font nullfont!
Missing character: There is no e in font nullfont!
Missing character: There is no s in font nullfont!
Missing character: There is no e in font nullfont!
Missing character: There is no r in font nullfont!
Missing character: There is no e in font nullfont!
Missing character: There is no a in font nullfont!
Missing character: There is no l in font nullfont!
Missing character: There is no i in font nullfont!
Missing character: There is no z in font nullfont!
Missing character: There is no a in font nullfont!
Missing character: There is no d in font nullfont!
Missing character: There is no e in font nullfont!
Missing character: There is no l in font nullfont!
Missing character: There is no a in font nullfont!
Missing character: There is no s in font nullfont!
Missing character: There is no i in font nullfont!
Missing character: There is no g in font nullfont!
Missing character: There is no u in font nullfont!
Missing character: There is no i in font nullfont!
Missing character: There is no e in font nullfont!
Missing character: There is no n in font nullfont!
Missing character: There is no t in font nullfont!
Missing character: There is no e in font nullfont!
Missing character: There is no f in font nullfont!
Missing character: There is no o in font nullfont!
Missing character: There is no r in font nullfont!
Missing character: There is no m in font nullfont!
Missing character: There is no a in font nullfont!
Missing character: There is no : in font nullfont!

Overfull \hbox (50.03445pt too wide) in paragraph at lines 216--218
\OT1/cmr/bx/n/10 Gradiente
 []


Overfull \hbox (11.65967pt too wide) in paragraph at lines 216--218
\OT1/cmr/bx/n/10 de
 []


Overfull \hbox (13.48047pt too wide) in paragraph at lines 216--218
\OT1/cmr/bx/n/10 los
 []


Overfull \hbox (56.65384pt too wide) in paragraph at lines 216--218
\OT1/cmr/bx/n/10 par^^Sametros 
 []

Missing character: There is no S in font nullfont!
Missing character: There is no e in font nullfont!
Missing character: There is no a in font nullfont!
Missing character: There is no l in font nullfont!
Missing character: There is no a in font nullfont!
Missing character: There is no s in font nullfont!
Missing character: There is no a in font nullfont!
Missing character: There is no l in font nullfont!
Missing character: There is no i in font nullfont!
Missing character: There is no d in font nullfont!
Missing character: There is no a in font nullfont!
Missing character: There is no d in font nullfont!
Missing character: There is no e in font nullfont!
Missing character: There is no l in font nullfont!
Missing character: There is no a in font nullfont!
Missing character: There is no c in font nullfont!
Missing character: There is no a in font nullfont!
Missing character: There is no p in font nullfont!
Missing character: There is no a in font nullfont!
Missing character: There is no a in font nullfont!
Missing character: There is no n in font nullfont!
Missing character: There is no t in font nullfont!
Missing character: There is no e in font nullfont!
Missing character: There is no r in font nullfont!
Missing character: There is no i in font nullfont!
Missing character: There is no o in font nullfont!
Missing character: There is no r in font nullfont!
Missing character: There is no , in font nullfont!
Missing character: There is no e in font nullfont!
Missing character: There is no n in font nullfont!
Missing character: There is no t in font nullfont!
Missing character: There is no o in font nullfont!
Missing character: There is no n in font nullfont!
Missing character: There is no c in font nullfont!
Missing character: There is no e in font nullfont!
Missing character: There is no s in font nullfont!
Missing character: There is no e in font nullfont!
Missing character: There is no l in font nullfont!
Missing character: There is no g in font nullfont!
Missing character: There is no r in font nullfont!
Missing character: There is no a in font nullfont!
Missing character: There is no d in font nullfont!
Missing character: There is no i in font nullfont!
Missing character: There is no e in font nullfont!
Missing character: There is no n in font nullfont!
Missing character: There is no t in font nullfont!
Missing character: There is no e in font nullfont!
Missing character: There is no d in font nullfont!
Missing character: There is no e in font nullfont!
Missing character: There is no l in font nullfont!
Missing character: There is no o in font nullfont!
Missing character: There is no s in font nullfont!
Missing character: There is no p in font nullfont!
Missing character: There is no e in font nullfont!
Missing character: There is no s in font nullfont!
Missing character: There is no o in font nullfont!
Missing character: There is no s in font nullfont!
Missing character: There is no e in font nullfont!
Missing character: There is no s in font nullfont!
Missing character: There is no t in font nullfont!
Missing character: There is no d in font nullfont!
Missing character: There is no a in font nullfont!
Missing character: There is no d in font nullfont!
Missing character: There is no o in font nullfont!
Missing character: There is no p in font nullfont!
Missing character: There is no o in font nullfont!
Missing character: There is no r in font nullfont!
Missing character: There is no : in font nullfont!

Overfull \hbox (28.2339pt too wide) in paragraph at lines 219--220
\OML/cmm/m/it/10 h[]$
 []


Overfull \hbox (5.00002pt too wide) in paragraph at lines 219--220
\/cmr/m/n/10 ^^Sa
 []


Overfull \hbox (111.72171pt too wide) detected at line 222
[] \/cmr/m/n/10 = \OML/cmm/m/it/10 ^^N[] \OMS/cmsy/m/n/10 ^^A [][]
 []

Missing character: There is no Y in font nullfont!
Missing character: There is no p in font nullfont!
Missing character: There is no a in font nullfont!
Missing character: There is no r in font nullfont!
Missing character: There is no a in font nullfont!
Missing character: There is no l in font nullfont!
Missing character: There is no o in font nullfont!
Missing character: There is no s in font nullfont!
Missing character: There is no s in font nullfont!
Missing character: There is no e in font nullfont!
Missing character: There is no s in font nullfont!
Missing character: There is no g in font nullfont!
Missing character: There is no o in font nullfont!
Missing character: There is no s in font nullfont!
Missing character: There is no s in font nullfont!
Missing character: There is no e in font nullfont!
Missing character: There is no c in font nullfont!
Missing character: There is no a in font nullfont!
Missing character: There is no l in font nullfont!
Missing character: There is no c in font nullfont!
Missing character: There is no u in font nullfont!
Missing character: There is no l in font nullfont!
Missing character: There is no a in font nullfont!
Missing character: There is no d in font nullfont!
Missing character: There is no e in font nullfont!
Missing character: There is no l in font nullfont!
Missing character: There is no a in font nullfont!
Missing character: There is no s in font nullfont!
Missing character: There is no i in font nullfont!
Missing character: There is no g in font nullfont!
Missing character: There is no u in font nullfont!
Missing character: There is no i in font nullfont!
Missing character: There is no e in font nullfont!
Missing character: There is no n in font nullfont!
Missing character: There is no t in font nullfont!
Missing character: There is no e in font nullfont!
Missing character: There is no f in font nullfont!
Missing character: There is no o in font nullfont!
Missing character: There is no r in font nullfont!
Missing character: There is no m in font nullfont!
Missing character: There is no a in font nullfont!
Missing character: There is no : in font nullfont!

Overfull \hbox (55.18471pt too wide) detected at line 226
[] \/cmr/m/n/10 = \OML/cmm/m/it/10 ^^N[]
 []

Missing character: There is no U in font nullfont!
Missing character: There is no n in font nullfont!
Missing character: There is no a in font nullfont!
Missing character: There is no v in font nullfont!
Missing character: There is no e in font nullfont!
Missing character: There is no z in font nullfont!
Missing character: There is no q in font nullfont!
Missing character: There is no u in font nullfont!
Missing character: There is no e in font nullfont!
Missing character: There is no s in font nullfont!
Missing character: There is no e in font nullfont!
Missing character: There is no t in font nullfont!
Missing character: There is no i in font nullfont!
Missing character: There is no e in font nullfont!
Missing character: There is no n in font nullfont!
Missing character: There is no e in font nullfont!
Missing character: There is no n in font nullfont!
Missing character: There is no l in font nullfont!
Missing character: There is no o in font nullfont!
Missing character: There is no s in font nullfont!
Missing character: There is no p in font nullfont!
Missing character: There is no e in font nullfont!
Missing character: There is no s in font nullfont!
Missing character: There is no o in font nullfont!
Missing character: There is no s in font nullfont!
Missing character: There is no y in font nullfont!
Missing character: There is no s in font nullfont!
Missing character: There is no e in font nullfont!
Missing character: There is no s in font nullfont!
Missing character: There is no g in font nullfont!
Missing character: There is no o in font nullfont!
Missing character: There is no s in font nullfont!
Missing character: There is no c in font nullfont!
Missing character: There is no a in font nullfont!
Missing character: There is no l in font nullfont!
Missing character: There is no c in font nullfont!
Missing character: There is no u in font nullfont!
Missing character: There is no l in font nullfont!
Missing character: There is no a in font nullfont!
Missing character: There is no d in font nullfont!
Missing character: There is no o in font nullfont!
Missing character: There is no s in font nullfont!
Missing character: There is no d in font nullfont!
Missing character: There is no e in font nullfont!
Missing character: There is no l in font nullfont!
Missing character: There is no a in font nullfont!
Missing character: There is no r in font nullfont!
Missing character: There is no e in font nullfont!
Missing character: There is no d in font nullfont!
Missing character: There is no , in font nullfont!
Missing character: There is no s in font nullfont!
Missing character: There is no e in font nullfont!
Missing character: There is no a in font nullfont!
Missing character: There is no c in font nullfont!
Missing character: There is no t in font nullfont!
Missing character: There is no u in font nullfont!
Missing character: There is no a in font nullfont!
Missing character: There is no l in font nullfont!
Missing character: There is no i in font nullfont!
Missing character: There is no z in font nullfont!
Missing character: There is no a in font nullfont!
Missing character: There is no n in font nullfont!
Missing character: There is no u in font nullfont!
Missing character: There is no t in font nullfont!
Missing character: There is no i in font nullfont!
Missing character: There is no l in font nullfont!
Missing character: There is no i in font nullfont!
Missing character: There is no z in font nullfont!
Missing character: There is no a in font nullfont!
Missing character: There is no n in font nullfont!
Missing character: There is no d in font nullfont!
Missing character: There is no o in font nullfont!
Missing character: There is no u in font nullfont!
Missing character: There is no n in font nullfont!
Missing character: There is no m in font nullfont!
Missing character: There is no t in font nullfont!
Missing character: There is no o in font nullfont!
Missing character: There is no d in font nullfont!
Missing character: There is no o in font nullfont!
Missing character: There is no d in font nullfont!
Missing character: There is no e in font nullfont!
Missing character: There is no o in font nullfont!
Missing character: There is no p in font nullfont!
Missing character: There is no t in font nullfont!
Missing character: There is no i in font nullfont!
Missing character: There is no m in font nullfont!
Missing character: There is no i in font nullfont!
Missing character: There is no z in font nullfont!
Missing character: There is no a in font nullfont!
Missing character: There is no c in font nullfont!
Missing character: There is no i in font nullfont!
Missing character: There is no n in font nullfont!
Missing character: There is no y in font nullfont!
Missing character: There is no a in font nullfont!
Missing character: There is no m in font nullfont!
Missing character: There is no e in font nullfont!
Missing character: There is no n in font nullfont!
Missing character: There is no c in font nullfont!
Missing character: There is no i in font nullfont!
Missing character: There is no o in font nullfont!
Missing character: There is no n in font nullfont!
Missing character: There is no a in font nullfont!
Missing character: There is no d in font nullfont!
Missing character: There is no o in font nullfont!
Missing character: There is no a in font nullfont!
Missing character: There is no n in font nullfont!
Missing character: There is no t in font nullfont!
Missing character: There is no e in font nullfont!
Missing character: There is no r in font nullfont!
Missing character: There is no i in font nullfont!
Missing character: There is no o in font nullfont!
Missing character: There is no r in font nullfont!
Missing character: There is no m in font nullfont!
Missing character: There is no e in font nullfont!
Missing character: There is no n in font nullfont!
Missing character: There is no t in font nullfont!
Missing character: There is no e in font nullfont!
Missing character: There is no l in font nullfont!
Missing character: There is no l in font nullfont!
Missing character: There is no a in font nullfont!
Missing character: There is no m in font nullfont!
Missing character: There is no a in font nullfont!
Missing character: There is no d in font nullfont!
Missing character: There is no o in font nullfont!
Missing character: There is no d in font nullfont!
Missing character: There is no e in font nullfont!
Missing character: There is no s in font nullfont!
Missing character: There is no c in font nullfont!
Missing character: There is no e in font nullfont!
Missing character: There is no n in font nullfont!
Missing character: There is no s in font nullfont!
Missing character: There is no o in font nullfont!
Missing character: There is no d in font nullfont!
Missing character: There is no e in font nullfont!
Missing character: There is no l in font nullfont!
Missing character: There is no g in font nullfont!
Missing character: There is no r in font nullfont!
Missing character: There is no a in font nullfont!
Missing character: There is no d in font nullfont!
Missing character: There is no i in font nullfont!
Missing character: There is no e in font nullfont!
Missing character: There is no n in font nullfont!
Missing character: There is no t in font nullfont!
Missing character: There is no e in font nullfont!
Missing character: There is no , in font nullfont!
Missing character: There is no d in font nullfont!
Missing character: There is no e in font nullfont!
Missing character: There is no e in font nullfont!
Missing character: There is no s in font nullfont!
Missing character: There is no t in font nullfont!
Missing character: There is no a in font nullfont!
Missing character: There is no f in font nullfont!
Missing character: There is no o in font nullfont!
Missing character: There is no r in font nullfont!
Missing character: There is no m in font nullfont!
Missing character: There is no a in font nullfont!
Missing character: There is no l in font nullfont!
Missing character: There is no a in font nullfont!
Missing character: There is no a in font nullfont!
Missing character: There is no c in font nullfont!
Missing character: There is no t in font nullfont!
Missing character: There is no u in font nullfont!
Missing character: There is no a in font nullfont!
Missing character: There is no l in font nullfont!
Missing character: There is no i in font nullfont!
Missing character: There is no z in font nullfont!
Missing character: There is no a in font nullfont!
Missing character: There is no c in font nullfont!
Missing character: There is no i in font nullfont!
Missing character: There is no n in font nullfont!
Missing character: There is no e in font nullfont!
Missing character: There is no s in font nullfont!
Missing character: There is no t in font nullfont!
Missing character: There is no d in font nullfont!
Missing character: There is no a in font nullfont!
Missing character: There is no d in font nullfont!
Missing character: There is no a in font nullfont!
Missing character: There is no p in font nullfont!
Missing character: There is no o in font nullfont!
Missing character: There is no r in font nullfont!
Missing character: There is no : in font nullfont!

Overfull \hbox (67.79126pt too wide) in paragraph at lines 229--231
\OT1/cmr/bx/n/10 Actualizaci^^Son
 []


Overfull \hbox (11.65967pt too wide) in paragraph at lines 229--231
\OT1/cmr/bx/n/10 de
 []


Overfull \hbox (13.48047pt too wide) in paragraph at lines 229--231
\OT1/cmr/bx/n/10 los
 []


Overfull \hbox (56.65384pt too wide) in paragraph at lines 229--231
\OT1/cmr/bx/n/10 par^^Sametros 
 []


Overfull \hbox (4.44444pt too wide) in paragraph at lines 229--231
\/cmr/m/n/10 ^^Se
 []


Overfull \hbox (5.00002pt too wide) in paragraph at lines 229--231
\/cmr/m/n/10 ^^So
 []


Overfull \hbox (5.00002pt too wide) in paragraph at lines 229--231
\/cmr/m/n/10 ^^So
 []


Overfull \hbox (5.00002pt too wide) in paragraph at lines 229--231
\/cmr/m/n/10 ^^Sa
 []

Missing character: There is no : in font nullfont!

Overfull \hbox (27.63455pt too wide) in paragraph at lines 232--233
\OT1/cmr/bx/n/10 Pesos 
 []


Overfull \hbox (103.90823pt too wide) detected at line 235
\OML/cmm/m/it/10 W[] \/cmr/m/n/10 = \OML/cmm/m/it/10 W[] \OMS/cmsy/m/n/10 ^^@ \
OML/cmm/m/it/10 ^^Q[]
 []

Missing character: There is no : in font nullfont!

Overfull \hbox (21.50124pt too wide) in paragraph at lines 237--238
\OT1/cmr/bx/n/10 Bias 
 []


Overfull \hbox (84.28317pt too wide) detected at line 240
\OML/cmm/m/it/10 b[] \/cmr/m/n/10 = \OML/cmm/m/it/10 b[] \OMS/cmsy/m/n/10 ^^@ \
OML/cmm/m/it/10 ^^Q[]
 []


! LaTeX Error: \begin{document} ended by \end{observation}.

See the LaTeX manual or LaTeX Companion for explanation.
Type  H <return>  for immediate help.
 ...                                              
                                                  
l.246 \end{observation}
                       
Your command was ignored.
Type  I <command> <return>  to replace it with another command,
or  <return>  to continue without it.

Missing character: There is no C in font nullfont!
Missing character: There is no o in font nullfont!
Missing character: There is no n in font nullfont!
Missing character: There is no l in font nullfont!
Missing character: There is no o in font nullfont!
Missing character: There is no o in font nullfont!
Missing character: There is no b in font nullfont!
Missing character: There is no s in font nullfont!
Missing character: There is no e in font nullfont!
Missing character: There is no r in font nullfont!
Missing character: There is no v in font nullfont!
Missing character: There is no a in font nullfont!
Missing character: There is no d in font nullfont!
Missing character: There is no o in font nullfont!
Missing character: There is no a in font nullfont!
Missing character: There is no n in font nullfont!
Missing character: There is no t in font nullfont!
Missing character: There is no e in font nullfont!
Missing character: There is no r in font nullfont!
Missing character: There is no i in font nullfont!
Missing character: There is no o in font nullfont!
Missing character: There is no r in font nullfont!
Missing character: There is no m in font nullfont!
Missing character: There is no e in font nullfont!
Missing character: There is no n in font nullfont!
Missing character: There is no t in font nullfont!
Missing character: There is no e in font nullfont!
Missing character: There is no , in font nullfont!
Missing character: There is no p in font nullfont!
Missing character: There is no o in font nullfont!
Missing character: There is no d in font nullfont!
Missing character: There is no e in font nullfont!
Missing character: There is no m in font nullfont!
Missing character: There is no o in font nullfont!
Missing character: There is no s in font nullfont!
Missing character: There is no d in font nullfont!
Missing character: There is no e in font nullfont!
Missing character: There is no f in font nullfont!
Missing character: There is no i in font nullfont!
Missing character: There is no n in font nullfont!
Missing character: There is no i in font nullfont!
Missing character: There is no r in font nullfont!
Missing character: There is no e in font nullfont!
Missing character: There is no l in font nullfont!
Missing character: There is no a in font nullfont!
Missing character: There is no l in font nullfont!
Missing character: There is no g in font nullfont!
Missing character: There is no o in font nullfont!
Missing character: There is no r in font nullfont!
Missing character: There is no i in font nullfont!
Missing character: There is no t in font nullfont!
Missing character: There is no m in font nullfont!
Missing character: There is no o in font nullfont!
Missing character: There is no e in font nullfont!
Missing character: There is no n in font nullfont!
Missing character: There is no u in font nullfont!
Missing character: There is no n in font nullfont!
Missing character: There is no c in font nullfont!
Missing character: There is no i in font nullfont!
Missing character: There is no a in font nullfont!
Missing character: There is no d in font nullfont!
Missing character: There is no o in font nullfont!
Missing character: There is no e in font nullfont!
Missing character: There is no n in font nullfont!
Missing character: There is no e in font nullfont!
Missing character: There is no l in font nullfont!
Missing character: There is no s in font nullfont!
Missing character: There is no i in font nullfont!
Missing character: There is no g in font nullfont!
Missing character: There is no u in font nullfont!
Missing character: There is no i in font nullfont!
Missing character: There is no e in font nullfont!
Missing character: There is no n in font nullfont!
Missing character: There is no t in font nullfont!
Missing character: There is no e in font nullfont!
Missing character: There is no p in font nullfont!
Missing character: There is no s in font nullfont!
Missing character: There is no e in font nullfont!
Missing character: There is no u in font nullfont!
Missing character: There is no d in font nullfont!
Missing character: There is no o in font nullfont!
Missing character: There is no c in font nullfont!
Missing character: There is no d in font nullfont!
Missing character: There is no i in font nullfont!
Missing character: There is no g in font nullfont!
Missing character: There is no o in font nullfont!
Missing character: There is no : in font nullfont!

Overfull \hbox (20.0pt too wide) in paragraph at lines 247--248
[]
 []


Overfull \hbox (26.67345pt too wide) in paragraph at lines 247--248
\OT1/cmr/bx/n/10 back-
 []


Overfull \hbox (27.09709pt too wide) in paragraph at lines 247--248
\OT1/cmr/bx/n/10 prop-
 []


Overfull \hbox (9.42354pt too wide) in paragraph at lines 247--248
\OT1/cmr/bx/n/10 a-
 []


Overfull \hbox (15.17351pt too wide) in paragraph at lines 247--248
\OT1/cmr/bx/n/10 ga-
 []


Overfull \hbox (19.80545pt too wide) in paragraph at lines 247--248
\OT1/cmr/bx/n/10 tion
 []


Overfull \hbox (5.00002pt too wide) in paragraph at lines 247--248
\/cmr/m/n/10 ^^So 
 []


! LaTeX Error: Environment algorithm undefined.

See the LaTeX manual or LaTeX Companion for explanation.
Type  H <return>  for immediate help.
 ...                                              
                                                  
l.249 \begin{algorithm}
                       
Your command was ignored.
Type  I <command> <return>  to replace it with another command,
or  <return>  to continue without it.


! LaTeX Error: \caption outside float.

See the LaTeX manual or LaTeX Companion for explanation.
Type  H <return>  for immediate help.
 ...                                              
                                                  
l.250 \caption
              {Algoritmo Backpropagation}
You're in trouble here.  Try typing  <return>  to proceed.
If that doesn't work, type  X <return>  to quit.

Missing character: There is no A in font nullfont!
Missing character: There is no l in font nullfont!
Missing character: There is no g in font nullfont!
Missing character: There is no o in font nullfont!
Missing character: There is no r in font nullfont!
Missing character: There is no i in font nullfont!
Missing character: There is no t in font nullfont!
Missing character: There is no m in font nullfont!
Missing character: There is no o in font nullfont!
Missing character: There is no B in font nullfont!
Missing character: There is no a in font nullfont!
Missing character: There is no c in font nullfont!
Missing character: There is no k in font nullfont!
Missing character: There is no p in font nullfont!
Missing character: There is no r in font nullfont!
Missing character: There is no o in font nullfont!
Missing character: There is no p in font nullfont!
Missing character: There is no a in font nullfont!
Missing character: There is no g in font nullfont!
Missing character: There is no a in font nullfont!
Missing character: There is no t in font nullfont!
Missing character: There is no i in font nullfont!
Missing character: There is no o in font nullfont!
Missing character: There is no n in font nullfont!

! LaTeX Error: Environment algorithmic undefined.

See the LaTeX manual or LaTeX Companion for explanation.
Type  H <return>  for immediate help.
 ...                                              
                                                  
l.251 \begin{algorithmic}
                         [1]
Your command was ignored.
Type  I <command> <return>  to replace it with another command,
or  <return>  to continue without it.

Missing character: There is no [ in font nullfont!
Missing character: There is no 1 in font nullfont!
Missing character: There is no ] in font nullfont!
! Undefined control sequence.
l.252     \State
                 \textbf{Initialize} Inicializamos pesos $W^{[l]}$ y bias $b...
The control sequence at the end of the top line
of your error message was never \def'ed. If you have
misspelled it (e.g., `\hobx'), type `I' and the correct
spelling (e.g., `I\hbox'). Otherwise just continue,
and I'll forget about whatever was undefined.

Missing character: There is no I in font nullfont!
Missing character: There is no n in font nullfont!
Missing character: There is no i in font nullfont!
Missing character: There is no c in font nullfont!
Missing character: There is no i in font nullfont!
Missing character: There is no a in font nullfont!
Missing character: There is no l in font nullfont!
Missing character: There is no i in font nullfont!
Missing character: There is no z in font nullfont!
Missing character: There is no a in font nullfont!
Missing character: There is no m in font nullfont!
Missing character: There is no o in font nullfont!
Missing character: There is no s in font nullfont!
Missing character: There is no p in font nullfont!
Missing character: There is no e in font nullfont!
Missing character: There is no s in font nullfont!
Missing character: There is no o in font nullfont!
Missing character: There is no s in font nullfont!
Missing character: There is no y in font nullfont!
Missing character: There is no b in font nullfont!
Missing character: There is no i in font nullfont!
Missing character: There is no a in font nullfont!
Missing character: There is no s in font nullfont!
Missing character: There is no d in font nullfont!
Missing character: There is no e in font nullfont!
Missing character: There is no m in font nullfont!
Missing character: There is no a in font nullfont!
Missing character: There is no n in font nullfont!
Missing character: There is no e in font nullfont!
Missing character: There is no r in font nullfont!
Missing character: There is no a in font nullfont!
Missing character: There is no a in font nullfont!
Missing character: There is no l in font nullfont!
Missing character: There is no e in font nullfont!
Missing character: There is no a in font nullfont!
Missing character: There is no t in font nullfont!
Missing character: There is no o in font nullfont!
Missing character: There is no r in font nullfont!
Missing character: There is no i in font nullfont!
Missing character: There is no a in font nullfont!
Missing character: There is no p in font nullfont!
Missing character: There is no a in font nullfont!
Missing character: There is no r in font nullfont!
Missing character: There is no a in font nullfont!
Missing character: There is no c in font nullfont!
Missing character: There is no a in font nullfont!
Missing character: There is no d in font nullfont!
Missing character: There is no a in font nullfont!
Missing character: There is no c in font nullfont!
Missing character: There is no a in font nullfont!
Missing character: There is no p in font nullfont!
Missing character: There is no a in font nullfont!

Overfull \hbox (20.0pt too wide) in paragraph at lines 250--253
[]
 []


Overfull \hbox (17.77768pt too wide) in paragraph at lines 250--253
\OT1/cmr/bx/n/10 Ini-
 []


Overfull \hbox (20.28459pt too wide) in paragraph at lines 250--253
\OT1/cmr/bx/n/10 tial-
 []


Overfull \hbox (13.57632pt too wide) in paragraph at lines 250--253
\OT1/cmr/bx/n/10 ize
 []


Overfull \hbox (18.4306pt too wide) in paragraph at lines 250--253
\OML/cmm/m/it/10 W[]$
 []


Overfull \hbox (11.88892pt too wide) in paragraph at lines 250--253
\OML/cmm/m/it/10 b[]$
 []


Overfull \hbox (13.73608pt too wide) in paragraph at lines 250--253
\OML/cmm/m/it/10 l \/cmr/m/n/10 =
 []


Overfull \hbox (34.02765pt too wide) in paragraph at lines 250--253
\/cmr/m/n/10 1\OML/cmm/m/it/10 ; [] ; L$ 
 []

! Undefined control sequence.
l.254     \For
              {cada ^^c3^^a9poca}
The control sequence at the end of the top line
of your error message was never \def'ed. If you have
misspelled it (e.g., `\hobx'), type `I' and the correct
spelling (e.g., `I\hbox'). Otherwise just continue,
and I'll forget about whatever was undefined.

Missing character: There is no c in font nullfont!
Missing character: There is no a in font nullfont!
Missing character: There is no d in font nullfont!
Missing character: There is no a in font nullfont!
Missing character: There is no p in font nullfont!
Missing character: There is no o in font nullfont!
Missing character: There is no c in font nullfont!
Missing character: There is no a in font nullfont!
! Undefined control sequence.
l.255         \For
                  {cada ejemplo de entrenamiento $(x, y)$}
The control sequence at the end of the top line
of your error message was never \def'ed. If you have
misspelled it (e.g., `\hobx'), type `I' and the correct
spelling (e.g., `I\hbox'). Otherwise just continue,
and I'll forget about whatever was undefined.

Missing character: There is no c in font nullfont!
Missing character: There is no a in font nullfont!
Missing character: There is no d in font nullfont!
Missing character: There is no a in font nullfont!
Missing character: There is no e in font nullfont!
Missing character: There is no j in font nullfont!
Missing character: There is no e in font nullfont!
Missing character: There is no m in font nullfont!
Missing character: There is no p in font nullfont!
Missing character: There is no l in font nullfont!
Missing character: There is no o in font nullfont!
Missing character: There is no d in font nullfont!
Missing character: There is no e in font nullfont!
Missing character: There is no e in font nullfont!
Missing character: There is no n in font nullfont!
Missing character: There is no t in font nullfont!
Missing character: There is no r in font nullfont!
Missing character: There is no e in font nullfont!
Missing character: There is no n in font nullfont!
Missing character: There is no a in font nullfont!
Missing character: There is no m in font nullfont!
Missing character: There is no i in font nullfont!
Missing character: There is no e in font nullfont!
Missing character: There is no n in font nullfont!
Missing character: There is no t in font nullfont!
Missing character: There is no o in font nullfont!

Overfull \hbox (20.0pt too wide) in paragraph at lines 254--256
[]
 []


Overfull \hbox (4.44444pt too wide) in paragraph at lines 254--256
\/cmr/m/n/10 ^^Se
 []


Overfull \hbox (23.19908pt too wide) in paragraph at lines 254--256
\/cmr/m/n/10 (\OML/cmm/m/it/10 x; y\/cmr/m/n/10 )$ 
 []

! Undefined control sequence.
l.257             \State
                         \textbf{Propagaci^^c3^^b3n hac^^c3^^ada adelante}:
The control sequence at the end of the top line
of your error message was never \def'ed. If you have
misspelled it (e.g., `\hobx'), type `I' and the correct
spelling (e.g., `I\hbox'). Otherwise just continue,
and I'll forget about whatever was undefined.

Missing character: There is no : in font nullfont!
! Undefined control sequence.
l.258             \State
                         Asignamos $a^{[0]} = x$
The control sequence at the end of the top line
of your error message was never \def'ed. If you have
misspelled it (e.g., `\hobx'), type `I' and the correct
spelling (e.g., `I\hbox'). Otherwise just continue,
and I'll forget about whatever was undefined.

Missing character: There is no A in font nullfont!
Missing character: There is no s in font nullfont!
Missing character: There is no i in font nullfont!
Missing character: There is no g in font nullfont!
Missing character: There is no n in font nullfont!
Missing character: There is no a in font nullfont!
Missing character: There is no m in font nullfont!
Missing character: There is no o in font nullfont!
Missing character: There is no s in font nullfont!
! Undefined control sequence.
l.259             \For
                      {each layer $l = 1, \dots, L$}
The control sequence at the end of the top line
of your error message was never \def'ed. If you have
misspelled it (e.g., `\hobx'), type `I' and the correct
spelling (e.g., `I\hbox'). Otherwise just continue,
and I'll forget about whatever was undefined.

Missing character: There is no e in font nullfont!
Missing character: There is no a in font nullfont!
Missing character: There is no c in font nullfont!
Missing character: There is no h in font nullfont!
Missing character: There is no l in font nullfont!
Missing character: There is no a in font nullfont!
Missing character: There is no y in font nullfont!
Missing character: There is no e in font nullfont!
Missing character: There is no r in font nullfont!
! Undefined control sequence.
l.260                 \State
                             $z^{[l]} = W^{[l]} a^{[l-1]} + b^{[l]}$
The control sequence at the end of the top line
of your error message was never \def'ed. If you have
misspelled it (e.g., `\hobx'), type `I' and the correct
spelling (e.g., `I\hbox'). Otherwise just continue,
and I'll forget about whatever was undefined.

! Undefined control sequence.
l.261                 \State
                             $a^{[l]} = g(z^{[l]})$
The control sequence at the end of the top line
of your error message was never \def'ed. If you have
misspelled it (e.g., `\hobx'), type `I' and the correct
spelling (e.g., `I\hbox'). Otherwise just continue,
and I'll forget about whatever was undefined.

! Undefined control sequence.
l.262             \EndFor
                         
The control sequence at the end of the top line
of your error message was never \def'ed. If you have
misspelled it (e.g., `\hobx'), type `I' and the correct
spelling (e.g., `I\hbox'). Otherwise just continue,
and I'll forget about whatever was undefined.


Overfull \hbox (82.11075pt too wide) in paragraph at lines 257--263
[]\OT1/cmr/bx/n/10 Propagaci^^Son
 []


Overfull \hbox (25.87482pt too wide) in paragraph at lines 257--263
\OT1/cmr/bx/n/10 hac^^S^^Pa
 []


Overfull \hbox (21.0832pt too wide) in paragraph at lines 257--263
\OT1/cmr/bx/n/10 ade-
 []


Overfull \hbox (24.59708pt too wide) in paragraph at lines 257--263
\OT1/cmr/bx/n/10 lante
 []


Overfull \hbox (24.85533pt too wide) in paragraph at lines 257--263
\OML/cmm/m/it/10 a[] \/cmr/m/n/10 =
 []


Overfull \hbox (5.71527pt too wide) in paragraph at lines 257--263
\OML/cmm/m/it/10 x$
 []


Overfull \hbox (13.73608pt too wide) in paragraph at lines 257--263
\OML/cmm/m/it/10 l \/cmr/m/n/10 =
 []


Overfull \hbox (34.02765pt too wide) in paragraph at lines 257--263
\/cmr/m/n/10 1\OML/cmm/m/it/10 ; [] ; L$
 []


Overfull \hbox (23.24307pt too wide) in paragraph at lines 257--263
\OML/cmm/m/it/10 z[] \/cmr/m/n/10 =
 []


Overfull \hbox (49.3277pt too wide) in paragraph at lines 257--263
\OML/cmm/m/it/10 W[]a[] \/cmr/m/n/10 +
 []


Overfull \hbox (11.88892pt too wide) in paragraph at lines 257--263
\OML/cmm/m/it/10 b[]$
 []


Overfull \hbox (23.43866pt too wide) in paragraph at lines 257--263
\OML/cmm/m/it/10 a[] \/cmr/m/n/10 =
 []


Overfull \hbox (25.59383pt too wide) in paragraph at lines 257--263
\OML/cmm/m/it/10 g\/cmr/m/n/10 (\OML/cmm/m/it/10 z[]\/cmr/m/n/10 )$ 
 []

! Undefined control sequence.
l.264             \State
                         \textbf{Calculamos la p^^c3^^a9rdida} $J(a^{[L]}, y)$
The control sequence at the end of the top line
of your error message was never \def'ed. If you have
misspelled it (e.g., `\hobx'), type `I' and the correct
spelling (e.g., `I\hbox'). Otherwise just continue,
and I'll forget about whatever was undefined.


Overfull \hbox (77.24408pt too wide) in paragraph at lines 264--265
[]\OT1/cmr/bx/n/10 Calculamos
 []


Overfull \hbox (8.78465pt too wide) in paragraph at lines 264--265
\OT1/cmr/bx/n/10 la
 []


Overfull \hbox (37.95813pt too wide) in paragraph at lines 264--265
\OT1/cmr/bx/n/10 p^^Serdida
 []


Overfull \hbox (39.79059pt too wide) in paragraph at lines 264--265
\OML/cmm/m/it/10 J\/cmr/m/n/10 (\OML/cmm/m/it/10 a[]; y\/cmr/m/n/10 )$ 
 []

! Undefined control sequence.
l.266             \State
                         \textbf{Backward Pass}:
The control sequence at the end of the top line
of your error message was never \def'ed. If you have
misspelled it (e.g., `\hobx'), type `I' and the correct
spelling (e.g., `I\hbox'). Otherwise just continue,
and I'll forget about whatever was undefined.

Missing character: There is no : in font nullfont!
! Undefined control sequence.
l.267             \State
                         Calculamos el error para cada capa de salida:
The control sequence at the end of the top line
of your error message was never \def'ed. If you have
misspelled it (e.g., `\hobx'), type `I' and the correct
spelling (e.g., `I\hbox'). Otherwise just continue,
and I'll forget about whatever was undefined.

Missing character: There is no C in font nullfont!
Missing character: There is no a in font nullfont!
Missing character: There is no l in font nullfont!
Missing character: There is no c in font nullfont!
Missing character: There is no u in font nullfont!
Missing character: There is no l in font nullfont!
Missing character: There is no a in font nullfont!
Missing character: There is no m in font nullfont!
Missing character: There is no o in font nullfont!
Missing character: There is no s in font nullfont!
Missing character: There is no e in font nullfont!
Missing character: There is no l in font nullfont!
Missing character: There is no e in font nullfont!
Missing character: There is no r in font nullfont!
Missing character: There is no r in font nullfont!
Missing character: There is no o in font nullfont!
Missing character: There is no r in font nullfont!
Missing character: There is no p in font nullfont!
Missing character: There is no a in font nullfont!
Missing character: There is no r in font nullfont!
Missing character: There is no a in font nullfont!
Missing character: There is no c in font nullfont!
Missing character: There is no a in font nullfont!
Missing character: There is no d in font nullfont!
Missing character: There is no a in font nullfont!
Missing character: There is no c in font nullfont!
Missing character: There is no a in font nullfont!
Missing character: There is no p in font nullfont!
Missing character: There is no a in font nullfont!
Missing character: There is no d in font nullfont!
Missing character: There is no e in font nullfont!
Missing character: There is no s in font nullfont!
Missing character: There is no a in font nullfont!
Missing character: There is no l in font nullfont!
Missing character: There is no i in font nullfont!
Missing character: There is no d in font nullfont!
Missing character: There is no a in font nullfont!
Missing character: There is no : in font nullfont!
! Undefined control sequence.
l.268             \State
                         $\delta^{[L]} = \frac{\partial J}{\partial a^{[L]}}...
The control sequence at the end of the top line
of your error message was never \def'ed. If you have
misspelled it (e.g., `\hobx'), type `I' and the correct
spelling (e.g., `I\hbox'). Otherwise just continue,
and I'll forget about whatever was undefined.


Overfull \hbox (69.33304pt too wide) in paragraph at lines 266--269
[]\OT1/cmr/bx/n/10 Backward
 []


Overfull \hbox (22.204pt too wide) in paragraph at lines 266--269
\OT1/cmr/bx/n/10 Pass
 []


Overfull \hbox (25.89236pt too wide) in paragraph at lines 266--269
\OML/cmm/m/it/10 ^^N[] \/cmr/m/n/10 =
 []


Overfull \hbox (23.52213pt too wide) in paragraph at lines 266--269
[] \OMS/cmsy/m/n/10 ^^A
 []


Overfull \hbox (31.31607pt too wide) in paragraph at lines 266--269
\OML/cmm/m/it/10 g[]\/cmr/m/n/10 (\OML/cmm/m/it/10 z[]\/cmr/m/n/10 )$ 
 []

! Undefined control sequence.
l.270             \For
                      {cada capa $l = L-1, \dots, 1$}
The control sequence at the end of the top line
of your error message was never \def'ed. If you have
misspelled it (e.g., `\hobx'), type `I' and the correct
spelling (e.g., `I\hbox'). Otherwise just continue,
and I'll forget about whatever was undefined.

Missing character: There is no c in font nullfont!
Missing character: There is no a in font nullfont!
Missing character: There is no d in font nullfont!
Missing character: There is no a in font nullfont!
Missing character: There is no c in font nullfont!
Missing character: There is no a in font nullfont!
Missing character: There is no p in font nullfont!
Missing character: There is no a in font nullfont!
! Undefined control sequence.
l.271                 \State
                             Propagaci^^c3^^b3n del error hac^^c3^^ada atr^^...
The control sequence at the end of the top line
of your error message was never \def'ed. If you have
misspelled it (e.g., `\hobx'), type `I' and the correct
spelling (e.g., `I\hbox'). Otherwise just continue,
and I'll forget about whatever was undefined.

Missing character: There is no P in font nullfont!
Missing character: There is no r in font nullfont!
Missing character: There is no o in font nullfont!
Missing character: There is no p in font nullfont!
Missing character: There is no a in font nullfont!
Missing character: There is no g in font nullfont!
Missing character: There is no a in font nullfont!
Missing character: There is no c in font nullfont!
Missing character: There is no i in font nullfont!
Missing character: There is no n in font nullfont!
Missing character: There is no d in font nullfont!
Missing character: There is no e in font nullfont!
Missing character: There is no l in font nullfont!
Missing character: There is no e in font nullfont!
Missing character: There is no r in font nullfont!
Missing character: There is no r in font nullfont!
Missing character: There is no o in font nullfont!
Missing character: There is no r in font nullfont!
Missing character: There is no h in font nullfont!
Missing character: There is no a in font nullfont!
Missing character: There is no c in font nullfont!
Missing character: There is no a in font nullfont!
Missing character: There is no a in font nullfont!
Missing character: There is no t in font nullfont!
Missing character: There is no r in font nullfont!
Missing character: There is no s in font nullfont!
Missing character: There is no : in font nullfont!
! Undefined control sequence.
l.272                 \State
                             $\delta^{[l]} = (W^{[l+1]})^\top \delta^{[l+1]}...
The control sequence at the end of the top line
of your error message was never \def'ed. If you have
misspelled it (e.g., `\hobx'), type `I' and the correct
spelling (e.g., `I\hbox'). Otherwise just continue,
and I'll forget about whatever was undefined.

! Undefined control sequence.
l.273                 \State
                             Calculamos los gradientes:
The control sequence at the end of the top line
of your error message was never \def'ed. If you have
misspelled it (e.g., `\hobx'), type `I' and the correct
spelling (e.g., `I\hbox'). Otherwise just continue,
and I'll forget about whatever was undefined.

Missing character: There is no C in font nullfont!
Missing character: There is no a in font nullfont!
Missing character: There is no l in font nullfont!
Missing character: There is no c in font nullfont!
Missing character: There is no u in font nullfont!
Missing character: There is no l in font nullfont!
Missing character: There is no a in font nullfont!
Missing character: There is no m in font nullfont!
Missing character: There is no o in font nullfont!
Missing character: There is no s in font nullfont!
Missing character: There is no l in font nullfont!
Missing character: There is no o in font nullfont!
Missing character: There is no s in font nullfont!
Missing character: There is no g in font nullfont!
Missing character: There is no r in font nullfont!
Missing character: There is no a in font nullfont!
Missing character: There is no d in font nullfont!
Missing character: There is no i in font nullfont!
Missing character: There is no e in font nullfont!
Missing character: There is no n in font nullfont!
Missing character: There is no t in font nullfont!
Missing character: There is no e in font nullfont!
Missing character: There is no s in font nullfont!
Missing character: There is no : in font nullfont!
! Undefined control sequence.
l.274                 \State
                             $\frac{\partial J}{\partial W^{[l]}} = \delta^{...
The control sequence at the end of the top line
of your error message was never \def'ed. If you have
misspelled it (e.g., `\hobx'), type `I' and the correct
spelling (e.g., `I\hbox'). Otherwise just continue,
and I'll forget about whatever was undefined.

! Undefined control sequence.
l.275                 \State
                             $\frac{\partial J}{\partial b^{[l]}} = \delta^{...
The control sequence at the end of the top line
of your error message was never \def'ed. If you have
misspelled it (e.g., `\hobx'), type `I' and the correct
spelling (e.g., `I\hbox'). Otherwise just continue,
and I'll forget about whatever was undefined.

! Undefined control sequence.
l.276             \EndFor
                         
The control sequence at the end of the top line
of your error message was never \def'ed. If you have
misspelled it (e.g., `\hobx'), type `I' and the correct
spelling (e.g., `I\hbox'). Otherwise just continue,
and I'll forget about whatever was undefined.


Overfull \hbox (20.0pt too wide) in paragraph at lines 270--277
[]
 []


Overfull \hbox (13.73608pt too wide) in paragraph at lines 270--277
\OML/cmm/m/it/10 l \/cmr/m/n/10 =
 []


Overfull \hbox (14.58337pt too wide) in paragraph at lines 270--277
\OML/cmm/m/it/10 L \OMS/cmsy/m/n/10 ^^@
 []


Overfull \hbox (32.22209pt too wide) in paragraph at lines 270--277
\/cmr/m/n/10 1\OML/cmm/m/it/10 ; [] ; \/cmr/m/n/10 1$
 []


Overfull \hbox (5.00002pt too wide) in paragraph at lines 270--277
\/cmr/m/n/10 ^^So
 []


Overfull \hbox (2.77779pt too wide) in paragraph at lines 270--277
\/cmr/m/n/10 ^^S^^P
 []


Overfull \hbox (5.00002pt too wide) in paragraph at lines 270--277
\/cmr/m/n/10 ^^Sa
 []


Overfull \hbox (22.97568pt too wide) in paragraph at lines 270--277
\OML/cmm/m/it/10 ^^N[] \/cmr/m/n/10 =
 []


Overfull \hbox (68.40646pt too wide) in paragraph at lines 270--277
\/cmr/m/n/10 (\OML/cmm/m/it/10 W[]\/cmr/m/n/10 )[]\OML/cmm/m/it/10 ^^N[] \OMS/c
msy/m/n/10 ^^A
 []


Overfull \hbox (28.39938pt too wide) in paragraph at lines 270--277
\OML/cmm/m/it/10 g[]\/cmr/m/n/10 (\OML/cmm/m/it/10 z[]\/cmr/m/n/10 )$
 []


Overfull \hbox (33.18326pt too wide) in paragraph at lines 270--277
[] \/cmr/m/n/10 =
 []


Overfull \hbox (15.19795pt too wide) in paragraph at lines 270--277
\OML/cmm/m/it/10 ^^N[] \OMS/cmsy/m/n/10 ^^A
 []


Overfull \hbox (37.64711pt too wide) in paragraph at lines 270--277
\/cmr/m/n/10 (\OML/cmm/m/it/10 a[]\/cmr/m/n/10 )[]$
 []


Overfull \hbox (28.10268pt too wide) in paragraph at lines 270--277
[] \/cmr/m/n/10 =
 []


Overfull \hbox (12.42017pt too wide) in paragraph at lines 270--277
\OML/cmm/m/it/10 ^^N[]$ 
 []

! Undefined control sequence.
l.278             \State
                         \textbf{Actualizaci^^c3^^b3n de par^^c3^^a1metros} ...
The control sequence at the end of the top line
of your error message was never \def'ed. If you have
misspelled it (e.g., `\hobx'), type `I' and the correct
spelling (e.g., `I\hbox'). Otherwise just continue,
and I'll forget about whatever was undefined.

Missing character: There is no ( in font nullfont!
Missing character: There is no D in font nullfont!
Missing character: There is no e in font nullfont!
Missing character: There is no s in font nullfont!
Missing character: There is no c in font nullfont!
Missing character: There is no e in font nullfont!
Missing character: There is no n in font nullfont!
Missing character: There is no s in font nullfont!
Missing character: There is no o in font nullfont!
Missing character: There is no d in font nullfont!
Missing character: There is no e in font nullfont!
Missing character: There is no l in font nullfont!
Missing character: There is no g in font nullfont!
Missing character: There is no r in font nullfont!
Missing character: There is no a in font nullfont!
Missing character: There is no d in font nullfont!
Missing character: There is no i in font nullfont!
Missing character: There is no e in font nullfont!
Missing character: There is no n in font nullfont!
Missing character: There is no t in font nullfont!
Missing character: There is no e in font nullfont!
Missing character: There is no ) in font nullfont!
Missing character: There is no : in font nullfont!
! Undefined control sequence.
l.279             \For
                      {each layer $l = 1, \dots, L$}
The control sequence at the end of the top line
of your error message was never \def'ed. If you have
misspelled it (e.g., `\hobx'), type `I' and the correct
spelling (e.g., `I\hbox'). Otherwise just continue,
and I'll forget about whatever was undefined.

Missing character: There is no e in font nullfont!
Missing character: There is no a in font nullfont!
Missing character: There is no c in font nullfont!
Missing character: There is no h in font nullfont!
Missing character: There is no l in font nullfont!
Missing character: There is no a in font nullfont!
Missing character: There is no y in font nullfont!
Missing character: There is no e in font nullfont!
Missing character: There is no r in font nullfont!
! Undefined control sequence.
l.280                 \State
                             $W^{[l]} = W^{[l]} - \eta \cdot \frac{\partial ...
The control sequence at the end of the top line
of your error message was never \def'ed. If you have
misspelled it (e.g., `\hobx'), type `I' and the correct
spelling (e.g., `I\hbox'). Otherwise just continue,
and I'll forget about whatever was undefined.

! Undefined control sequence.
l.281                 \State
                             $b^{[l]} = b^{[l]} - \eta \cdot \frac{\partial ...
The control sequence at the end of the top line
of your error message was never \def'ed. If you have
misspelled it (e.g., `\hobx'), type `I' and the correct
spelling (e.g., `I\hbox'). Otherwise just continue,
and I'll forget about whatever was undefined.

! Undefined control sequence.
l.282             \EndFor
                         
The control sequence at the end of the top line
of your error message was never \def'ed. If you have
misspelled it (e.g., `\hobx'), type `I' and the correct
spelling (e.g., `I\hbox'). Otherwise just continue,
and I'll forget about whatever was undefined.


Overfull \hbox (87.79126pt too wide) in paragraph at lines 278--283
[]\OT1/cmr/bx/n/10 Actualizaci^^Son
 []


Overfull \hbox (11.65967pt too wide) in paragraph at lines 278--283
\OT1/cmr/bx/n/10 de
 []


Overfull \hbox (56.65384pt too wide) in paragraph at lines 278--283
\OT1/cmr/bx/n/10 par^^Sametros
 []


Overfull \hbox (13.73608pt too wide) in paragraph at lines 278--283
\OML/cmm/m/it/10 l \/cmr/m/n/10 =
 []


Overfull \hbox (34.02765pt too wide) in paragraph at lines 278--283
\/cmr/m/n/10 1\OML/cmm/m/it/10 ; [] ; L$
 []


Overfull \hbox (28.98611pt too wide) in paragraph at lines 278--283
\OML/cmm/m/it/10 W[] \/cmr/m/n/10 =
 []


Overfull \hbox (26.2084pt too wide) in paragraph at lines 278--283
\OML/cmm/m/it/10 W[] \OMS/cmsy/m/n/10 ^^@
 []


Overfull \hbox (8.10187pt too wide) in paragraph at lines 278--283
\OML/cmm/m/it/10 ^^Q \OMS/cmsy/m/n/10 ^^A
 []


Overfull \hbox (22.62775pt too wide) in paragraph at lines 278--283
[]$
 []


Overfull \hbox (22.44443pt too wide) in paragraph at lines 278--283
\OML/cmm/m/it/10 b[] \/cmr/m/n/10 =
 []


Overfull \hbox (19.66672pt too wide) in paragraph at lines 278--283
\OML/cmm/m/it/10 b[] \OMS/cmsy/m/n/10 ^^@
 []


Overfull \hbox (8.10187pt too wide) in paragraph at lines 278--283
\OML/cmm/m/it/10 ^^Q \OMS/cmsy/m/n/10 ^^A
 []


Overfull \hbox (17.54716pt too wide) in paragraph at lines 278--283
[]$ 
 []

! Undefined control sequence.
l.284         \EndFor
                     
The control sequence at the end of the top line
of your error message was never \def'ed. If you have
misspelled it (e.g., `\hobx'), type `I' and the correct
spelling (e.g., `I\hbox'). Otherwise just continue,
and I'll forget about whatever was undefined.

! Undefined control sequence.
l.285     \EndFor
                 
The control sequence at the end of the top line
of your error message was never \def'ed. If you have
misspelled it (e.g., `\hobx'), type `I' and the correct
spelling (e.g., `I\hbox'). Otherwise just continue,
and I'll forget about whatever was undefined.


! LaTeX Error: \begin{document} ended by \end{algorithmic}.

See the LaTeX manual or LaTeX Companion for explanation.
Type  H <return>  for immediate help.
 ...                                              
                                                  
l.287 \end{algorithmic}
                       
Your command was ignored.
Type  I <command> <return>  to replace it with another command,
or  <return>  to continue without it.


! LaTeX Error: \begin{document} ended by \end{algorithm}.

See the LaTeX manual or LaTeX Companion for explanation.
Type  H <return>  for immediate help.
 ...                                              
                                                  
l.288 \end{algorithm}
                     
Your command was ignored.
Type  I <command> <return>  to replace it with another command,
or  <return>  to continue without it.

Missing character: There is no A in font nullfont!
Missing character: There is no s in font nullfont!
Missing character: There is no , in font nullfont!
Missing character: There is no h in font nullfont!
Missing character: There is no e in font nullfont!
Missing character: There is no m in font nullfont!
Missing character: There is no o in font nullfont!
Missing character: There is no s in font nullfont!
Missing character: There is no d in font nullfont!
Missing character: There is no e in font nullfont!
Missing character: There is no f in font nullfont!
Missing character: There is no i in font nullfont!
Missing character: There is no n in font nullfont!
Missing character: There is no i in font nullfont!
Missing character: There is no d in font nullfont!
Missing character: There is no o in font nullfont!
Missing character: There is no l in font nullfont!
Missing character: There is no o in font nullfont!
Missing character: There is no s in font nullfont!
Missing character: There is no c in font nullfont!
Missing character: There is no o in font nullfont!
Missing character: There is no m in font nullfont!
Missing character: There is no p in font nullfont!
Missing character: There is no o in font nullfont!
Missing character: There is no n in font nullfont!
Missing character: There is no e in font nullfont!
Missing character: There is no n in font nullfont!
Missing character: There is no t in font nullfont!
Missing character: There is no e in font nullfont!
Missing character: There is no s in font nullfont!
Missing character: There is no d in font nullfont!
Missing character: There is no e in font nullfont!
Missing character: There is no u in font nullfont!
Missing character: There is no n in font nullfont!
Missing character: There is no a in font nullfont!
Missing character: There is no r in font nullfont!
Missing character: There is no e in font nullfont!
Missing character: There is no d in font nullfont!
Missing character: There is no n in font nullfont!
Missing character: There is no e in font nullfont!
Missing character: There is no u in font nullfont!
Missing character: There is no r in font nullfont!
Missing character: There is no o in font nullfont!
Missing character: There is no n in font nullfont!
Missing character: There is no a in font nullfont!
Missing character: There is no l in font nullfont!
Missing character: There is no , in font nullfont!
Missing character: There is no s in font nullfont!
Missing character: There is no u in font nullfont!
Missing character: There is no f in font nullfont!
Missing character: There is no o in font nullfont!
Missing character: There is no r in font nullfont!
Missing character: There is no m in font nullfont!
Missing character: There is no a in font nullfont!
Missing character: There is no d in font nullfont!
Missing character: There is no e in font nullfont!
Missing character: There is no o in font nullfont!
Missing character: There is no p in font nullfont!
Missing character: There is no t in font nullfont!
Missing character: There is no i in font nullfont!
Missing character: There is no m in font nullfont!
Missing character: There is no i in font nullfont!
Missing character: There is no z in font nullfont!
Missing character: There is no a in font nullfont!
Missing character: There is no c in font nullfont!
Missing character: There is no i in font nullfont!
Missing character: There is no n in font nullfont!
Missing character: There is no y in font nullfont!
Missing character: There is no s in font nullfont!
Missing character: There is no u in font nullfont!
Missing character: There is no e in font nullfont!
Missing character: There is no n in font nullfont!
Missing character: There is no t in font nullfont!
Missing character: There is no r in font nullfont!
Missing character: There is no e in font nullfont!
Missing character: There is no n in font nullfont!
Missing character: There is no a in font nullfont!
Missing character: There is no m in font nullfont!
Missing character: There is no i in font nullfont!
Missing character: There is no e in font nullfont!
Missing character: There is no n in font nullfont!
Missing character: There is no t in font nullfont!
Missing character: There is no o in font nullfont!
Missing character: There is no . in font nullfont!

Overfull \hbox (22.77779pt too wide) in paragraph at lines 289--290
[]\/cmr/m/n/10 ^^S^^P
 []


Overfull \hbox (5.00002pt too wide) in paragraph at lines 289--290
\/cmr/m/n/10 ^^So
 []


! LaTeX Error: The font size command \normalsize is not defined:
               there is probably something wrong with the class file.

See the LaTeX manual or LaTeX Companion for explanation.
Type  H <return>  for immediate help.
 ...                                              
                                                  
l.290 \newpage
              
Your command was ignored.
Type  I <command> <return>  to replace it with another command,
or  <return>  to continue without it.

[2
! Undefined control sequence.
<write> \newlabel{alg:cap}{{}{\thepage 
                                       }}
l.290 \newpage
              
The control sequence at the end of the top line
of your error message was never \def'ed. If you have
misspelled it (e.g., `\hobx'), type `I' and the correct
spelling (e.g., `I\hbox'). Otherwise just continue,
and I'll forget about whatever was undefined.

\newlabel{alg:cap}{{}{}}
]
! Undefined control sequence.
l.291 \subsection
                 {Redes convolucionales CNN}
The control sequence at the end of the top line
of your error message was never \def'ed. If you have
misspelled it (e.g., `\hobx'), type `I' and the correct
spelling (e.g., `I\hbox'). Otherwise just continue,
and I'll forget about whatever was undefined.

Missing character: There is no R in font nullfont!
Missing character: There is no e in font nullfont!
Missing character: There is no d in font nullfont!
Missing character: There is no e in font nullfont!
Missing character: There is no s in font nullfont!
Missing character: There is no c in font nullfont!
Missing character: There is no o in font nullfont!
Missing character: There is no n in font nullfont!
Missing character: There is no v in font nullfont!
Missing character: There is no o in font nullfont!
Missing character: There is no l in font nullfont!
Missing character: There is no u in font nullfont!
Missing character: There is no c in font nullfont!
Missing character: There is no i in font nullfont!
Missing character: There is no o in font nullfont!
Missing character: There is no n in font nullfont!
Missing character: There is no a in font nullfont!
Missing character: There is no l in font nullfont!
Missing character: There is no e in font nullfont!
Missing character: There is no s in font nullfont!
Missing character: There is no C in font nullfont!
Missing character: There is no N in font nullfont!
Missing character: There is no N in font nullfont!
Missing character: There is no L in font nullfont!
Missing character: There is no a in font nullfont!
Missing character: There is no s in font nullfont!
Missing character: There is no s in font nullfont!
Missing character: There is no o in font nullfont!
Missing character: There is no n in font nullfont!
Missing character: There is no u in font nullfont!
Missing character: There is no n in font nullfont!
Missing character: There is no a in font nullfont!
Missing character: There is no c in font nullfont!
Missing character: There is no l in font nullfont!
Missing character: There is no a in font nullfont!
Missing character: There is no s in font nullfont!
Missing character: There is no e in font nullfont!
Missing character: There is no e in font nullfont!
Missing character: There is no s in font nullfont!
Missing character: There is no p in font nullfont!
Missing character: There is no e in font nullfont!
Missing character: There is no c in font nullfont!
Missing character: There is no i in font nullfont!
Missing character: There is no a in font nullfont!
Missing character: There is no l in font nullfont!
Missing character: There is no i in font nullfont!
Missing character: There is no z in font nullfont!
Missing character: There is no a in font nullfont!
Missing character: There is no d in font nullfont!
Missing character: There is no a in font nullfont!
Missing character: There is no d in font nullfont!
Missing character: There is no e in font nullfont!
Missing character: There is no r in font nullfont!
Missing character: There is no e in font nullfont!
Missing character: There is no d in font nullfont!
Missing character: There is no e in font nullfont!
Missing character: There is no s in font nullfont!
Missing character: There is no n in font nullfont!
Missing character: There is no e in font nullfont!
Missing character: There is no u in font nullfont!
Missing character: There is no r in font nullfont!
Missing character: There is no o in font nullfont!
Missing character: There is no n in font nullfont!
Missing character: There is no a in font nullfont!
Missing character: There is no l in font nullfont!
Missing character: There is no e in font nullfont!
Missing character: There is no s in font nullfont!
Missing character: There is no d in font nullfont!
Missing character: There is no i in font nullfont!
Missing character: There is no s in font nullfont!
Missing character: There is no e in font nullfont!
Missing character: There is no a in font nullfont!
Missing character: There is no d in font nullfont!
Missing character: There is no a in font nullfont!
Missing character: There is no s in font nullfont!
Missing character: There is no p in font nullfont!
Missing character: There is no a in font nullfont!
Missing character: There is no r in font nullfont!
Missing character: There is no a in font nullfont!
Missing character: There is no p in font nullfont!
Missing character: There is no r in font nullfont!
Missing character: There is no o in font nullfont!
Missing character: There is no c in font nullfont!
Missing character: There is no e in font nullfont!
Missing character: There is no s in font nullfont!
Missing character: There is no a in font nullfont!
Missing character: There is no r in font nullfont!
Missing character: There is no d in font nullfont!
Missing character: There is no a in font nullfont!
Missing character: There is no t in font nullfont!
Missing character: There is no o in font nullfont!
Missing character: There is no s in font nullfont!
Missing character: There is no q in font nullfont!
Missing character: There is no u in font nullfont!
Missing character: There is no e in font nullfont!
Missing character: There is no p in font nullfont!
Missing character: There is no o in font nullfont!
Missing character: There is no s in font nullfont!
Missing character: There is no e in font nullfont!
Missing character: There is no e in font nullfont!
Missing character: There is no n in font nullfont!
Missing character: There is no u in font nullfont!
Missing character: There is no n in font nullfont!
Missing character: There is no a in font nullfont!
Missing character: There is no e in font nullfont!
Missing character: There is no s in font nullfont!
Missing character: There is no t in font nullfont!
Missing character: There is no r in font nullfont!
Missing character: There is no u in font nullfont!
Missing character: There is no c in font nullfont!
Missing character: There is no t in font nullfont!
Missing character: There is no u in font nullfont!
Missing character: There is no r in font nullfont!
Missing character: There is no a in font nullfont!
Missing character: There is no d in font nullfont!
Missing character: There is no e in font nullfont!
Missing character: There is no m in font nullfont!
Missing character: There is no a in font nullfont!
Missing character: There is no l in font nullfont!
Missing character: There is no l in font nullfont!
Missing character: There is no a in font nullfont!
Missing character: There is no o in font nullfont!
Missing character: There is no g in font nullfont!
Missing character: There is no r in font nullfont!
Missing character: There is no i in font nullfont!
Missing character: There is no l in font nullfont!
Missing character: There is no l in font nullfont!
Missing character: There is no a in font nullfont!
Missing character: There is no , in font nullfont!
Missing character: There is no c in font nullfont!
Missing character: There is no o in font nullfont!
Missing character: There is no m in font nullfont!
Missing character: There is no o in font nullfont!
Missing character: There is no i in font nullfont!
Missing character: There is no m in font nullfont!
Missing character: There is no g in font nullfont!
Missing character: There is no e in font nullfont!
Missing character: There is no n in font nullfont!
Missing character: There is no e in font nullfont!
Missing character: There is no s in font nullfont!
Missing character: There is no y in font nullfont!
Missing character: There is no s in font nullfont!
Missing character: There is no e in font nullfont!
Missing character: There is no r in font nullfont!
Missing character: There is no i in font nullfont!
Missing character: There is no e in font nullfont!
Missing character: There is no s in font nullfont!
Missing character: There is no d in font nullfont!
Missing character: There is no e in font nullfont!
Missing character: There is no t in font nullfont!
Missing character: There is no i in font nullfont!
Missing character: There is no e in font nullfont!
Missing character: There is no m in font nullfont!
Missing character: There is no p in font nullfont!
Missing character: There is no o in font nullfont!
Missing character: There is no . in font nullfont!
Missing character: There is no E in font nullfont!
Missing character: There is no s in font nullfont!
Missing character: There is no t in font nullfont!
Missing character: There is no a in font nullfont!
Missing character: There is no s in font nullfont!
Missing character: There is no r in font nullfont!
Missing character: There is no e in font nullfont!
Missing character: There is no d in font nullfont!
Missing character: There is no e in font nullfont!
Missing character: There is no s in font nullfont!
Missing character: There is no s in font nullfont!
Missing character: There is no e in font nullfont!
Missing character: There is no e in font nullfont!
Missing character: There is no m in font nullfont!
Missing character: There is no p in font nullfont!
Missing character: There is no l in font nullfont!
Missing character: There is no e in font nullfont!
Missing character: There is no a in font nullfont!
Missing character: There is no n in font nullfont!
Missing character: There is no c in font nullfont!
Missing character: There is no o in font nullfont!
Missing character: There is no m in font nullfont!
Missing character: There is no n in font nullfont!
Missing character: There is no m in font nullfont!
Missing character: There is no e in font nullfont!
Missing character: There is no n in font nullfont!
Missing character: There is no t in font nullfont!
Missing character: There is no e in font nullfont!
Missing character: There is no e in font nullfont!
Missing character: There is no n in font nullfont!
Missing character: There is no t in font nullfont!
Missing character: There is no a in font nullfont!
Missing character: There is no r in font nullfont!
Missing character: There is no e in font nullfont!
Missing character: There is no a in font nullfont!
Missing character: There is no s in font nullfont!
Missing character: There is no d in font nullfont!
Missing character: There is no e in font nullfont!
Missing character: There is no p in font nullfont!
Missing character: There is no r in font nullfont!
Missing character: There is no o in font nullfont!
Missing character: There is no c in font nullfont!
Missing character: There is no e in font nullfont!
Missing character: There is no s in font nullfont!
Missing character: There is no a in font nullfont!
Missing character: There is no m in font nullfont!
Missing character: There is no i in font nullfont!
Missing character: There is no e in font nullfont!
Missing character: There is no n in font nullfont!
Missing character: There is no t in font nullfont!
Missing character: There is no o in font nullfont!
Missing character: There is no d in font nullfont!
Missing character: There is no e in font nullfont!
Missing character: There is no i in font nullfont!
Missing character: There is no m in font nullfont!
Missing character: There is no g in font nullfont!
Missing character: There is no e in font nullfont!
Missing character: There is no n in font nullfont!
Missing character: There is no e in font nullfont!
Missing character: There is no s in font nullfont!
Missing character: There is no , in font nullfont!
Missing character: There is no d in font nullfont!
Missing character: There is no o in font nullfont!
Missing character: There is no n in font nullfont!
Missing character: There is no d in font nullfont!
Missing character: There is no e in font nullfont!
Missing character: There is no l in font nullfont!
Missing character: There is no o in font nullfont!
Missing character: There is no s in font nullfont!
Missing character: There is no d in font nullfont!
Missing character: There is no a in font nullfont!
Missing character: There is no t in font nullfont!
Missing character: There is no o in font nullfont!
Missing character: There is no s in font nullfont!
Missing character: There is no s in font nullfont!
Missing character: There is no e in font nullfont!
Missing character: There is no o in font nullfont!
Missing character: There is no r in font nullfont!
Missing character: There is no g in font nullfont!
Missing character: There is no a in font nullfont!
Missing character: There is no n in font nullfont!
Missing character: There is no i in font nullfont!
Missing character: There is no z in font nullfont!
Missing character: There is no a in font nullfont!
Missing character: There is no n in font nullfont!
Missing character: There is no e in font nullfont!
Missing character: There is no n in font nullfont!
Missing character: There is no u in font nullfont!
Missing character: There is no n in font nullfont!
Missing character: There is no a in font nullfont!
Missing character: There is no m in font nullfont!
Missing character: There is no a in font nullfont!
Missing character: There is no l in font nullfont!
Missing character: There is no l in font nullfont!
Missing character: There is no a in font nullfont!
Missing character: There is no b in font nullfont!
Missing character: There is no i in font nullfont!
Missing character: There is no d in font nullfont!
Missing character: There is no i in font nullfont!
Missing character: There is no m in font nullfont!
Missing character: There is no e in font nullfont!
Missing character: There is no n in font nullfont!
Missing character: There is no s in font nullfont!
Missing character: There is no i in font nullfont!
Missing character: There is no o in font nullfont!
Missing character: There is no n in font nullfont!
Missing character: There is no a in font nullfont!
Missing character: There is no l in font nullfont!
Missing character: There is no , in font nullfont!
Missing character: There is no o in font nullfont!
Missing character: There is no e in font nullfont!
Missing character: There is no n in font nullfont!
Missing character: There is no e in font nullfont!
Missing character: There is no l in font nullfont!
Missing character: There is no c in font nullfont!
Missing character: There is no a in font nullfont!
Missing character: There is no s in font nullfont!
Missing character: There is no o in font nullfont!
Missing character: There is no d in font nullfont!
Missing character: There is no e in font nullfont!
Missing character: There is no l in font nullfont!
Missing character: There is no a in font nullfont!
Missing character: There is no s in font nullfont!
Missing character: There is no s in font nullfont!
Missing character: There is no e in font nullfont!
Missing character: There is no r in font nullfont!
Missing character: There is no i in font nullfont!
Missing character: There is no e in font nullfont!
Missing character: There is no s in font nullfont!
Missing character: There is no t in font nullfont!
Missing character: There is no e in font nullfont!
Missing character: There is no m in font nullfont!
Missing character: There is no p in font nullfont!
Missing character: There is no o in font nullfont!
Missing character: There is no r in font nullfont!
Missing character: There is no a in font nullfont!
Missing character: There is no l in font nullfont!
Missing character: There is no e in font nullfont!
Missing character: There is no s in font nullfont!
Missing character: There is no , in font nullfont!
Missing character: There is no q in font nullfont!
Missing character: There is no u in font nullfont!
Missing character: There is no e in font nullfont!
Missing character: There is no p in font nullfont!
Missing character: There is no u in font nullfont!
Missing character: There is no e in font nullfont!
Missing character: There is no d in font nullfont!
Missing character: There is no e in font nullfont!
Missing character: There is no n in font nullfont!
Missing character: There is no r in font nullfont!
Missing character: There is no e in font nullfont!
Missing character: There is no p in font nullfont!
Missing character: There is no r in font nullfont!
Missing character: There is no e in font nullfont!
Missing character: There is no s in font nullfont!
Missing character: There is no e in font nullfont!
Missing character: There is no n in font nullfont!
Missing character: There is no t in font nullfont!
Missing character: There is no a in font nullfont!
Missing character: There is no r in font nullfont!
Missing character: There is no s in font nullfont!
Missing character: There is no e in font nullfont!
Missing character: There is no c in font nullfont!
Missing character: There is no o in font nullfont!
Missing character: There is no m in font nullfont!
Missing character: There is no o in font nullfont!
Missing character: There is no u in font nullfont!
Missing character: There is no n in font nullfont!
Missing character: There is no a in font nullfont!
Missing character: There is no m in font nullfont!
Missing character: There is no a in font nullfont!
Missing character: There is no l in font nullfont!
Missing character: There is no l in font nullfont!
Missing character: There is no a in font nullfont!
Missing character: There is no u in font nullfont!
Missing character: There is no n in font nullfont!
Missing character: There is no i in font nullfont!
Missing character: There is no d in font nullfont!
Missing character: There is no i in font nullfont!
Missing character: There is no m in font nullfont!
Missing character: There is no e in font nullfont!
Missing character: There is no n in font nullfont!
Missing character: There is no s in font nullfont!
Missing character: There is no i in font nullfont!
Missing character: There is no o in font nullfont!
Missing character: There is no n in font nullfont!
Missing character: There is no a in font nullfont!
Missing character: There is no l in font nullfont!
Missing character: There is no c in font nullfont!
Missing character: There is no o in font nullfont!
Missing character: There is no n in font nullfont!
Missing character: There is no m in font nullfont!
Missing character: There is no u in font nullfont!
Missing character: There is no e in font nullfont!
Missing character: There is no s in font nullfont!
Missing character: There is no t in font nullfont!
Missing character: There is no r in font nullfont!
Missing character: There is no a in font nullfont!
Missing character: There is no s in font nullfont!
Missing character: There is no t in font nullfont!
Missing character: There is no o in font nullfont!
Missing character: There is no m in font nullfont!
Missing character: There is no a in font nullfont!
Missing character: There is no d in font nullfont!
Missing character: There is no a in font nullfont!
Missing character: There is no s in font nullfont!
Missing character: There is no a in font nullfont!
Missing character: There is no l in font nullfont!
Missing character: There is no o in font nullfont!
Missing character: There is no l in font nullfont!
Missing character: There is no a in font nullfont!
Missing character: There is no r in font nullfont!
Missing character: There is no g in font nullfont!
Missing character: There is no o in font nullfont!
Missing character: There is no d in font nullfont!
Missing character: There is no e in font nullfont!
Missing character: There is no i in font nullfont!
Missing character: There is no n in font nullfont!
Missing character: There is no t in font nullfont!
Missing character: There is no e in font nullfont!
Missing character: There is no r in font nullfont!
Missing character: There is no v in font nullfont!
Missing character: There is no a in font nullfont!
Missing character: There is no l in font nullfont!
Missing character: There is no o in font nullfont!
Missing character: There is no s in font nullfont!
Missing character: There is no d in font nullfont!
Missing character: There is no e in font nullfont!
Missing character: There is no t in font nullfont!
Missing character: There is no i in font nullfont!
Missing character: There is no e in font nullfont!
Missing character: There is no m in font nullfont!
Missing character: There is no p in font nullfont!
Missing character: There is no o in font nullfont!
Missing character: There is no . in font nullfont!

Overfull \hbox (20.0pt too wide) in paragraph at lines 291--293
[]
 []


Overfull \hbox (13.84023pt too wide) in paragraph at lines 291--293
\OT1/cmr/bx/n/10 re-
 []


Overfull \hbox (16.19574pt too wide) in paragraph at lines 291--293
\OT1/cmr/bx/n/10 des
 []


Overfull \hbox (21.88184pt too wide) in paragraph at lines 291--293
\OT1/cmr/bx/n/10 neu-
 []


Overfull \hbox (35.46646pt too wide) in paragraph at lines 291--293
\OT1/cmr/bx/n/10 ronales
 []


Overfull \hbox (21.08322pt too wide) in paragraph at lines 291--293
\OT1/cmr/bx/n/10 con-
 []


Overfull \hbox (24.91653pt too wide) in paragraph at lines 291--293
\OT1/cmr/bx/n/10 volu-
 []


Overfull \hbox (39.03587pt too wide) in paragraph at lines 291--293
\OT1/cmr/bx/n/10 cionales
 []


Overfull \hbox (35.24982pt too wide) in paragraph at lines 291--293
\OT1/cmr/bx/n/10 (CNN)
 []


Overfull \hbox (5.55557pt too wide) in paragraph at lines 291--293
\/cmr/m/n/10 ~n
 []


Overfull \hbox (5.00002pt too wide) in paragraph at lines 291--293
\/cmr/m/n/10 ^^Sa
 []


Overfull \hbox (5.55557pt too wide) in paragraph at lines 291--293
\/cmr/m/n/10 ^^Su
 []


Overfull \hbox (5.00002pt too wide) in paragraph at lines 291--293
\/cmr/m/n/10 ^^Sa
 []

Missing character: There is no A in font nullfont!
Missing character: There is no d in font nullfont!
Missing character: There is no i in font nullfont!
Missing character: There is no f in font nullfont!
Missing character: There is no e in font nullfont!
Missing character: There is no r in font nullfont!
Missing character: There is no e in font nullfont!
Missing character: There is no n in font nullfont!
Missing character: There is no c in font nullfont!
Missing character: There is no i in font nullfont!
Missing character: There is no a in font nullfont!
Missing character: There is no d in font nullfont!
Missing character: There is no e in font nullfont!
Missing character: There is no l in font nullfont!
Missing character: There is no a in font nullfont!
Missing character: There is no s in font nullfont!
Missing character: There is no r in font nullfont!
Missing character: There is no e in font nullfont!
Missing character: There is no d in font nullfont!
Missing character: There is no e in font nullfont!
Missing character: There is no s in font nullfont!
Missing character: There is no n in font nullfont!
Missing character: There is no e in font nullfont!
Missing character: There is no u in font nullfont!
Missing character: There is no r in font nullfont!
Missing character: There is no o in font nullfont!
Missing character: There is no n in font nullfont!
Missing character: There is no a in font nullfont!
Missing character: There is no l in font nullfont!
Missing character: There is no e in font nullfont!
Missing character: There is no s in font nullfont!
Missing character: There is no t in font nullfont!
Missing character: There is no r in font nullfont!
Missing character: There is no a in font nullfont!
Missing character: There is no d in font nullfont!
Missing character: There is no i in font nullfont!
Missing character: There is no c in font nullfont!
Missing character: There is no i in font nullfont!
Missing character: There is no o in font nullfont!
Missing character: There is no n in font nullfont!
Missing character: There is no a in font nullfont!
Missing character: There is no l in font nullfont!
Missing character: There is no e in font nullfont!
Missing character: There is no s in font nullfont!
Missing character: There is no , in font nullfont!
Missing character: There is no d in font nullfont!
Missing character: There is no o in font nullfont!
Missing character: There is no n in font nullfont!
Missing character: There is no d in font nullfont!
Missing character: There is no e in font nullfont!
Missing character: There is no s in font nullfont!
Missing character: There is no e in font nullfont!
Missing character: There is no u in font nullfont!
Missing character: There is no t in font nullfont!
Missing character: There is no i in font nullfont!
Missing character: There is no l in font nullfont!
Missing character: There is no i in font nullfont!
Missing character: There is no z in font nullfont!
Missing character: There is no a in font nullfont!
Missing character: There is no l in font nullfont!
Missing character: There is no a in font nullfont!
Missing character: There is no m in font nullfont!
Missing character: There is no u in font nullfont!
Missing character: There is no l in font nullfont!
Missing character: There is no t in font nullfont!
Missing character: There is no i in font nullfont!
Missing character: There is no p in font nullfont!
Missing character: There is no l in font nullfont!
Missing character: There is no i in font nullfont!
Missing character: There is no c in font nullfont!
Missing character: There is no a in font nullfont!
Missing character: There is no c in font nullfont!
Missing character: There is no i in font nullfont!
Missing character: There is no n in font nullfont!
Missing character: There is no g in font nullfont!
Missing character: There is no e in font nullfont!
Missing character: There is no n in font nullfont!
Missing character: There is no e in font nullfont!
Missing character: There is no r in font nullfont!
Missing character: There is no a in font nullfont!
Missing character: There is no l in font nullfont!
Missing character: There is no d in font nullfont!
Missing character: There is no e in font nullfont!
Missing character: There is no m in font nullfont!
Missing character: There is no a in font nullfont!
Missing character: There is no t in font nullfont!
Missing character: There is no r in font nullfont!
Missing character: There is no i in font nullfont!
Missing character: There is no c in font nullfont!
Missing character: There is no e in font nullfont!
Missing character: There is no s in font nullfont!
Missing character: There is no , in font nullfont!
Missing character: There is no l in font nullfont!
Missing character: There is no a in font nullfont!
Missing character: There is no s in font nullfont!
Missing character: There is no C in font nullfont!
Missing character: There is no N in font nullfont!
Missing character: There is no N in font nullfont!
Missing character: There is no a in font nullfont!
Missing character: There is no p in font nullfont!
Missing character: There is no l in font nullfont!
Missing character: There is no i in font nullfont!
Missing character: There is no c in font nullfont!
Missing character: There is no a in font nullfont!
Missing character: There is no n in font nullfont!
Missing character: There is no l in font nullfont!
Missing character: There is no a in font nullfont!
Missing character: There is no o in font nullfont!
Missing character: There is no p in font nullfont!
Missing character: There is no e in font nullfont!
Missing character: There is no r in font nullfont!
Missing character: There is no a in font nullfont!
Missing character: There is no c in font nullfont!
Missing character: There is no i in font nullfont!
Missing character: There is no n in font nullfont!
Missing character: There is no d in font nullfont!
Missing character: There is no e in font nullfont!
Missing character: There is no c in font nullfont!
Missing character: There is no o in font nullfont!
Missing character: There is no n in font nullfont!
Missing character: There is no v in font nullfont!
Missing character: There is no o in font nullfont!
Missing character: There is no l in font nullfont!
Missing character: There is no u in font nullfont!
Missing character: There is no c in font nullfont!
Missing character: There is no i in font nullfont!
Missing character: There is no n in font nullfont!
Missing character: There is no e in font nullfont!
Missing character: There is no n in font nullfont!
Missing character: There is no a in font nullfont!
Missing character: There is no l in font nullfont!
Missing character: There is no m in font nullfont!
Missing character: There is no e in font nullfont!
Missing character: There is no n in font nullfont!
Missing character: There is no o in font nullfont!
Missing character: There is no s in font nullfont!
Missing character: There is no u in font nullfont!
Missing character: There is no n in font nullfont!
Missing character: There is no a in font nullfont!
Missing character: There is no d in font nullfont!
Missing character: There is no e in font nullfont!
Missing character: There is no s in font nullfont!
Missing character: There is no u in font nullfont!
Missing character: There is no s in font nullfont!
Missing character: There is no c in font nullfont!
Missing character: There is no a in font nullfont!
Missing character: There is no p in font nullfont!
Missing character: There is no a in font nullfont!
Missing character: There is no s in font nullfont!
Missing character: There is no . in font nullfont!
Missing character: There is no E in font nullfont!
Missing character: There is no s in font nullfont!
Missing character: There is no t in font nullfont!
Missing character: There is no o in font nullfont!
Missing character: There is no l in font nullfont!
Missing character: There is no e in font nullfont!
Missing character: There is no s in font nullfont!
Missing character: There is no p in font nullfont!
Missing character: There is no e in font nullfont!
Missing character: There is no r in font nullfont!
Missing character: There is no m in font nullfont!
Missing character: There is no i in font nullfont!
Missing character: There is no t in font nullfont!
Missing character: There is no e in font nullfont!
Missing character: There is no e in font nullfont!
Missing character: There is no x in font nullfont!
Missing character: There is no t in font nullfont!
Missing character: There is no r in font nullfont!
Missing character: There is no a in font nullfont!
Missing character: There is no e in font nullfont!
Missing character: There is no r in font nullfont!
Missing character: There is no a in font nullfont!
Missing character: There is no u in font nullfont!
Missing character: There is no t in font nullfont!
Missing character: There is no o in font nullfont!
Missing character: There is no m in font nullfont!
Missing character: There is no t in font nullfont!
Missing character: There is no i in font nullfont!
Missing character: There is no c in font nullfont!
Missing character: There is no a in font nullfont!
Missing character: There is no m in font nullfont!
Missing character: There is no e in font nullfont!
Missing character: There is no n in font nullfont!
Missing character: There is no t in font nullfont!
Missing character: There is no e in font nullfont!
Missing character: There is no c in font nullfont!
Missing character: There is no a in font nullfont!
Missing character: There is no r in font nullfont!
Missing character: There is no a in font nullfont!
Missing character: There is no c in font nullfont!
Missing character: There is no t in font nullfont!
Missing character: There is no e in font nullfont!
Missing character: There is no r in font nullfont!
Missing character: There is no s in font nullfont!
Missing character: There is no t in font nullfont!
Missing character: There is no i in font nullfont!
Missing character: There is no c in font nullfont!
Missing character: There is no a in font nullfont!
Missing character: There is no s in font nullfont!
Missing character: There is no l in font nullfont!
Missing character: There is no o in font nullfont!
Missing character: There is no c in font nullfont!
Missing character: There is no a in font nullfont!
Missing character: There is no l in font nullfont!
Missing character: There is no e in font nullfont!
Missing character: There is no s in font nullfont!
Missing character: There is no d in font nullfont!
Missing character: There is no e in font nullfont!
Missing character: There is no l in font nullfont!
Missing character: There is no o in font nullfont!
Missing character: There is no s in font nullfont!
Missing character: There is no d in font nullfont!
Missing character: There is no a in font nullfont!
Missing character: There is no t in font nullfont!
Missing character: There is no o in font nullfont!
Missing character: There is no s in font nullfont!
Missing character: There is no , in font nullfont!
Missing character: There is no c in font nullfont!
Missing character: There is no o in font nullfont!
Missing character: There is no m in font nullfont!
Missing character: There is no o in font nullfont!
Missing character: There is no b in font nullfont!
Missing character: There is no o in font nullfont!
Missing character: There is no r in font nullfont!
Missing character: There is no d in font nullfont!
Missing character: There is no e in font nullfont!
Missing character: There is no s in font nullfont!
Missing character: There is no , in font nullfont!
Missing character: There is no t in font nullfont!
Missing character: There is no e in font nullfont!
Missing character: There is no x in font nullfont!
Missing character: There is no t in font nullfont!
Missing character: There is no u in font nullfont!
Missing character: There is no r in font nullfont!
Missing character: There is no a in font nullfont!
Missing character: There is no s in font nullfont!
Missing character: There is no o in font nullfont!
Missing character: There is no p in font nullfont!
Missing character: There is no a in font nullfont!
Missing character: There is no t in font nullfont!
Missing character: There is no r in font nullfont!
Missing character: There is no o in font nullfont!
Missing character: There is no n in font nullfont!
Missing character: There is no e in font nullfont!
Missing character: There is no s in font nullfont!
Missing character: There is no , in font nullfont!
Missing character: There is no l in font nullfont!
Missing character: There is no o in font nullfont!
Missing character: There is no q in font nullfont!
Missing character: There is no u in font nullfont!
Missing character: There is no e in font nullfont!
Missing character: There is no m in font nullfont!
Missing character: There is no e in font nullfont!
Missing character: There is no j in font nullfont!
Missing character: There is no o in font nullfont!
Missing character: There is no r in font nullfont!
Missing character: There is no a in font nullfont!
Missing character: There is no s in font nullfont!
Missing character: There is no i in font nullfont!
Missing character: There is no g in font nullfont!
Missing character: There is no n in font nullfont!
Missing character: There is no i in font nullfont!
Missing character: There is no f in font nullfont!
Missing character: There is no i in font nullfont!
Missing character: There is no c in font nullfont!
Missing character: There is no a in font nullfont!
Missing character: There is no t in font nullfont!
Missing character: There is no i in font nullfont!
Missing character: There is no v in font nullfont!
Missing character: There is no a in font nullfont!
Missing character: There is no m in font nullfont!
Missing character: There is no e in font nullfont!
Missing character: There is no n in font nullfont!
Missing character: There is no t in font nullfont!
Missing character: There is no e in font nullfont!
Missing character: There is no s in font nullfont!
Missing character: There is no u in font nullfont!
Missing character: There is no c in font nullfont!
Missing character: There is no a in font nullfont!
Missing character: There is no p in font nullfont!
Missing character: There is no a in font nullfont!
Missing character: There is no c in font nullfont!
Missing character: There is no i in font nullfont!
Missing character: There is no d in font nullfont!
Missing character: There is no a in font nullfont!
Missing character: There is no d in font nullfont!
Missing character: There is no p in font nullfont!
Missing character: There is no a in font nullfont!
Missing character: There is no r in font nullfont!
Missing character: There is no a in font nullfont!
Missing character: There is no p in font nullfont!
Missing character: There is no r in font nullfont!
Missing character: There is no o in font nullfont!
Missing character: There is no c in font nullfont!
Missing character: There is no e in font nullfont!
Missing character: There is no s in font nullfont!
Missing character: There is no a in font nullfont!
Missing character: There is no r in font nullfont!
Missing character: There is no d in font nullfont!
Missing character: There is no a in font nullfont!
Missing character: There is no t in font nullfont!
Missing character: There is no o in font nullfont!
Missing character: There is no s in font nullfont!
Missing character: There is no c in font nullfont!
Missing character: There is no o in font nullfont!
Missing character: There is no n in font nullfont!
Missing character: There is no u in font nullfont!
Missing character: There is no n in font nullfont!
Missing character: There is no a in font nullfont!
Missing character: There is no e in font nullfont!
Missing character: There is no s in font nullfont!
Missing character: There is no t in font nullfont!
Missing character: There is no r in font nullfont!
Missing character: There is no u in font nullfont!
Missing character: There is no c in font nullfont!
Missing character: There is no t in font nullfont!
Missing character: There is no u in font nullfont!
Missing character: There is no r in font nullfont!
Missing character: There is no a in font nullfont!
Missing character: There is no e in font nullfont!
Missing character: There is no s in font nullfont!
Missing character: There is no p in font nullfont!
Missing character: There is no a in font nullfont!
Missing character: There is no c in font nullfont!
Missing character: There is no i in font nullfont!
Missing character: There is no a in font nullfont!
Missing character: There is no l in font nullfont!
Missing character: There is no c in font nullfont!
Missing character: There is no l in font nullfont!
Missing character: There is no a in font nullfont!
Missing character: There is no r in font nullfont!
Missing character: There is no a in font nullfont!
Missing character: There is no . in font nullfont!

Overfull \hbox (20.0pt too wide) in paragraph at lines 294--295
[]
 []


Overfull \hbox (5.00002pt too wide) in paragraph at lines 294--295
\/cmr/m/n/10 ^^So
 []


Overfull \hbox (5.00002pt too wide) in paragraph at lines 294--295
\/cmr/m/n/10 ^^So
 []


Overfull \hbox (5.00002pt too wide) in paragraph at lines 294--295
\/cmr/m/n/10 ^^So
 []


Overfull \hbox (5.00002pt too wide) in paragraph at lines 294--295
\/cmr/m/n/10 ^^Sa
 []


Overfull \hbox (2.77779pt too wide) in paragraph at lines 294--295
\/cmr/m/n/10 ^^S^^P
 []

Missing character: There is no E in font nullfont!
Missing character: There is no s in font nullfont!
Missing character: There is no t in font nullfont!
Missing character: There is no u in font nullfont!
Missing character: There is no d in font nullfont!
Missing character: There is no i in font nullfont!
Missing character: There is no a in font nullfont!
Missing character: There is no r in font nullfont!
Missing character: There is no l in font nullfont!
Missing character: There is no a in font nullfont!
Missing character: There is no s in font nullfont!
Missing character: There is no C in font nullfont!
Missing character: There is no N in font nullfont!
Missing character: There is no N in font nullfont!
Missing character: There is no e in font nullfont!
Missing character: There is no s in font nullfont!
Missing character: There is no f in font nullfont!
Missing character: There is no u in font nullfont!
Missing character: There is no n in font nullfont!
Missing character: There is no d in font nullfont!
Missing character: There is no a in font nullfont!
Missing character: There is no m in font nullfont!
Missing character: There is no e in font nullfont!
Missing character: There is no n in font nullfont!
Missing character: There is no t in font nullfont!
Missing character: There is no a in font nullfont!
Missing character: There is no l in font nullfont!
Missing character: There is no c in font nullfont!
Missing character: There is no o in font nullfont!
Missing character: There is no m in font nullfont!
Missing character: There is no o in font nullfont!
Missing character: There is no a in font nullfont!
Missing character: There is no n in font nullfont!
Missing character: There is no t in font nullfont!
Missing character: There is no e in font nullfont!
Missing character: There is no c in font nullfont!
Missing character: There is no e in font nullfont!
Missing character: There is no d in font nullfont!
Missing character: There is no e in font nullfont!
Missing character: There is no n in font nullfont!
Missing character: There is no t in font nullfont!
Missing character: There is no e in font nullfont!
Missing character: There is no p in font nullfont!
Missing character: There is no a in font nullfont!
Missing character: There is no r in font nullfont!
Missing character: There is no a in font nullfont!
Missing character: There is no e in font nullfont!
Missing character: There is no n in font nullfont!
Missing character: There is no t in font nullfont!
Missing character: There is no e in font nullfont!
Missing character: There is no n in font nullfont!
Missing character: There is no d in font nullfont!
Missing character: There is no e in font nullfont!
Missing character: There is no r in font nullfont!
Missing character: There is no l in font nullfont!
Missing character: There is no a in font nullfont!
Missing character: There is no s in font nullfont!
Missing character: There is no r in font nullfont!
Missing character: There is no e in font nullfont!
Missing character: There is no d in font nullfont!
Missing character: There is no e in font nullfont!
Missing character: There is no s in font nullfont!
Missing character: There is no g in font nullfont!
Missing character: There is no r in font nullfont!
Missing character: There is no f in font nullfont!
Missing character: There is no i in font nullfont!
Missing character: There is no c in font nullfont!
Missing character: There is no a in font nullfont!
Missing character: There is no s in font nullfont!
Missing character: There is no c in font nullfont!
Missing character: There is no o in font nullfont!
Missing character: There is no n in font nullfont!
Missing character: There is no v in font nullfont!
Missing character: There is no o in font nullfont!
Missing character: There is no l in font nullfont!
Missing character: There is no u in font nullfont!
Missing character: There is no c in font nullfont!
Missing character: There is no i in font nullfont!
Missing character: There is no o in font nullfont!
Missing character: There is no n in font nullfont!
Missing character: There is no a in font nullfont!
Missing character: There is no l in font nullfont!
Missing character: There is no e in font nullfont!
Missing character: There is no s in font nullfont!
Missing character: There is no ( in font nullfont!
Missing character: There is no G in font nullfont!
Missing character: There is no C in font nullfont!
Missing character: There is no N in font nullfont!
Missing character: There is no ) in font nullfont!
Missing character: There is no , in font nullfont!
Missing character: There is no y in font nullfont!
Missing character: There is no a in font nullfont!
Missing character: There is no q in font nullfont!
Missing character: There is no u in font nullfont!
Missing character: There is no e in font nullfont!
Missing character: There is no c in font nullfont!
Missing character: There is no o in font nullfont!
Missing character: There is no m in font nullfont!
Missing character: There is no p in font nullfont!
Missing character: There is no a in font nullfont!
Missing character: There is no r in font nullfont!
Missing character: There is no t in font nullfont!
Missing character: There is no e in font nullfont!
Missing character: There is no n in font nullfont!
Missing character: There is no l in font nullfont!
Missing character: There is no a in font nullfont!
Missing character: There is no i in font nullfont!
Missing character: There is no d in font nullfont!
Missing character: There is no e in font nullfont!
Missing character: There is no a in font nullfont!
Missing character: There is no c in font nullfont!
Missing character: There is no e in font nullfont!
Missing character: There is no n in font nullfont!
Missing character: There is no t in font nullfont!
Missing character: There is no r in font nullfont!
Missing character: There is no a in font nullfont!
Missing character: There is no l in font nullfont!
Missing character: There is no d in font nullfont!
Missing character: There is no e in font nullfont!
Missing character: There is no l in font nullfont!
Missing character: There is no a in font nullfont!
Missing character: There is no c in font nullfont!
Missing character: There is no o in font nullfont!
Missing character: There is no n in font nullfont!
Missing character: There is no v in font nullfont!
Missing character: There is no o in font nullfont!
Missing character: There is no l in font nullfont!
Missing character: There is no u in font nullfont!
Missing character: There is no c in font nullfont!
Missing character: There is no i in font nullfont!
Missing character: There is no n in font nullfont!
Missing character: There is no , in font nullfont!
Missing character: There is no p in font nullfont!
Missing character: There is no e in font nullfont!
Missing character: There is no r in font nullfont!
Missing character: There is no o in font nullfont!
Missing character: There is no a in font nullfont!
Missing character: There is no p in font nullfont!
Missing character: There is no l in font nullfont!
Missing character: There is no i in font nullfont!
Missing character: There is no c in font nullfont!
Missing character: There is no a in font nullfont!
Missing character: There is no d in font nullfont!
Missing character: There is no a in font nullfont!
Missing character: There is no s in font nullfont!
Missing character: There is no a in font nullfont!
Missing character: There is no e in font nullfont!
Missing character: There is no s in font nullfont!
Missing character: There is no t in font nullfont!
Missing character: There is no r in font nullfont!
Missing character: There is no u in font nullfont!
Missing character: There is no c in font nullfont!
Missing character: There is no t in font nullfont!
Missing character: There is no u in font nullfont!
Missing character: There is no r in font nullfont!
Missing character: There is no a in font nullfont!
Missing character: There is no s in font nullfont!
Missing character: There is no d in font nullfont!
Missing character: There is no e in font nullfont!
Missing character: There is no d in font nullfont!
Missing character: There is no a in font nullfont!
Missing character: There is no t in font nullfont!
Missing character: There is no o in font nullfont!
Missing character: There is no s in font nullfont!
Missing character: There is no m in font nullfont!
Missing character: There is no s in font nullfont!
Missing character: There is no c in font nullfont!
Missing character: There is no o in font nullfont!
Missing character: There is no m in font nullfont!
Missing character: There is no p in font nullfont!
Missing character: There is no l in font nullfont!
Missing character: There is no e in font nullfont!
Missing character: There is no j in font nullfont!
Missing character: There is no a in font nullfont!
Missing character: There is no s in font nullfont!
Missing character: There is no , in font nullfont!
Missing character: There is no c in font nullfont!
Missing character: There is no o in font nullfont!
Missing character: There is no m in font nullfont!
Missing character: There is no o in font nullfont!
Missing character: There is no l in font nullfont!
Missing character: There is no o in font nullfont!
Missing character: There is no s in font nullfont!
Missing character: There is no g in font nullfont!
Missing character: There is no r in font nullfont!
Missing character: There is no a in font nullfont!
Missing character: There is no f in font nullfont!
Missing character: There is no o in font nullfont!
Missing character: There is no s in font nullfont!
Missing character: There is no . in font nullfont!
Missing character: There is no E in font nullfont!
Missing character: There is no n in font nullfont!
Missing character: There is no e in font nullfont!
Missing character: There is no s in font nullfont!
Missing character: There is no t in font nullfont!
Missing character: There is no a in font nullfont!
Missing character: There is no s in font nullfont!
Missing character: There is no e in font nullfont!
Missing character: There is no c in font nullfont!
Missing character: There is no c in font nullfont!
Missing character: There is no i in font nullfont!
Missing character: There is no n in font nullfont!
Missing character: There is no , in font nullfont!
Missing character: There is no e in font nullfont!
Missing character: There is no x in font nullfont!
Missing character: There is no p in font nullfont!
Missing character: There is no l in font nullfont!
Missing character: There is no o in font nullfont!
Missing character: There is no r in font nullfont!
Missing character: There is no a in font nullfont!
Missing character: There is no r in font nullfont!
Missing character: There is no e in font nullfont!
Missing character: There is no m in font nullfont!
Missing character: There is no o in font nullfont!
Missing character: There is no s in font nullfont!
Missing character: There is no l in font nullfont!
Missing character: There is no a in font nullfont!
Missing character: There is no i in font nullfont!
Missing character: There is no m in font nullfont!
Missing character: There is no p in font nullfont!
Missing character: There is no o in font nullfont!
Missing character: There is no r in font nullfont!
Missing character: There is no t in font nullfont!
Missing character: There is no a in font nullfont!
Missing character: There is no n in font nullfont!
Missing character: There is no c in font nullfont!
Missing character: There is no i in font nullfont!
Missing character: There is no a in font nullfont!
Missing character: There is no d in font nullfont!
Missing character: There is no e in font nullfont!
Missing character: There is no l in font nullfont!
Missing character: There is no a in font nullfont!
Missing character: There is no s in font nullfont!
Missing character: There is no C in font nullfont!
Missing character: There is no N in font nullfont!
Missing character: There is no N in font nullfont!
Missing character: There is no c in font nullfont!
Missing character: There is no o in font nullfont!
Missing character: There is no m in font nullfont!
Missing character: There is no o in font nullfont!
Missing character: There is no b in font nullfont!
Missing character: There is no a in font nullfont!
Missing character: There is no s in font nullfont!
Missing character: There is no e in font nullfont!
Missing character: There is no t in font nullfont!
Missing character: There is no e in font nullfont!
Missing character: There is no r in font nullfont!
Missing character: There is no i in font nullfont!
Missing character: There is no c in font nullfont!
Missing character: There is no a in font nullfont!
Missing character: There is no , in font nullfont!
Missing character: There is no p in font nullfont!
Missing character: There is no r in font nullfont!
Missing character: There is no o in font nullfont!
Missing character: There is no f in font nullfont!
Missing character: There is no u in font nullfont!
Missing character: There is no n in font nullfont!
Missing character: There is no d in font nullfont!
Missing character: There is no i in font nullfont!
Missing character: There is no z in font nullfont!
Missing character: There is no a in font nullfont!
Missing character: There is no n in font nullfont!
Missing character: There is no d in font nullfont!
Missing character: There is no o in font nullfont!
Missing character: There is no e in font nullfont!
Missing character: There is no n in font nullfont!
Missing character: There is no s in font nullfont!
Missing character: There is no u in font nullfont!
Missing character: There is no a in font nullfont!
Missing character: There is no r in font nullfont!
Missing character: There is no q in font nullfont!
Missing character: There is no u in font nullfont!
Missing character: There is no i in font nullfont!
Missing character: There is no t in font nullfont!
Missing character: There is no e in font nullfont!
Missing character: There is no c in font nullfont!
Missing character: There is no t in font nullfont!
Missing character: There is no u in font nullfont!
Missing character: There is no r in font nullfont!
Missing character: There is no a in font nullfont!
Missing character: There is no y in font nullfont!
Missing character: There is no e in font nullfont!
Missing character: There is no n in font nullfont!
Missing character: There is no l in font nullfont!
Missing character: There is no a in font nullfont!
Missing character: There is no s in font nullfont!
Missing character: There is no m in font nullfont!
Missing character: There is no a in font nullfont!
Missing character: There is no t in font nullfont!
Missing character: There is no e in font nullfont!
Missing character: There is no m in font nullfont!
Missing character: There is no t in font nullfont!
Missing character: There is no i in font nullfont!
Missing character: There is no c in font nullfont!
Missing character: There is no a in font nullfont!
Missing character: There is no s in font nullfont!
Missing character: There is no q in font nullfont!
Missing character: There is no u in font nullfont!
Missing character: There is no e in font nullfont!
Missing character: There is no s in font nullfont!
Missing character: There is no u in font nullfont!
Missing character: There is no b in font nullfont!
Missing character: There is no y in font nullfont!
Missing character: There is no a in font nullfont!
Missing character: There is no c in font nullfont!
Missing character: There is no e in font nullfont!
Missing character: There is no n in font nullfont!
Missing character: There is no a in font nullfont!
Missing character: There is no e in font nullfont!
Missing character: There is no s in font nullfont!
Missing character: There is no t in font nullfont!
Missing character: There is no e in font nullfont!
Missing character: There is no t in font nullfont!
Missing character: There is no i in font nullfont!
Missing character: There is no p in font nullfont!
Missing character: There is no o in font nullfont!
Missing character: There is no p in font nullfont!
Missing character: There is no a in font nullfont!
Missing character: There is no r in font nullfont!
Missing character: There is no t in font nullfont!
Missing character: There is no i in font nullfont!
Missing character: There is no c in font nullfont!
Missing character: There is no u in font nullfont!
Missing character: There is no l in font nullfont!
Missing character: There is no a in font nullfont!
Missing character: There is no r in font nullfont!
Missing character: There is no d in font nullfont!
Missing character: There is no e in font nullfont!
Missing character: There is no r in font nullfont!
Missing character: There is no e in font nullfont!
Missing character: There is no d in font nullfont!
Missing character: There is no e in font nullfont!
Missing character: There is no s in font nullfont!
Missing character: There is no . in font nullfont!
Missing character: There is no L in font nullfont!
Missing character: There is no a in font nullfont!
Missing character: There is no m in font nullfont!
Missing character: There is no a in font nullfont!
Missing character: There is no y in font nullfont!
Missing character: There is no o in font nullfont!
Missing character: There is no r in font nullfont!
Missing character: There is no a in font nullfont!
Missing character: There is no d in font nullfont!
Missing character: There is no e in font nullfont!
Missing character: There is no l in font nullfont!
Missing character: There is no a in font nullfont!
Missing character: There is no s in font nullfont!
Missing character: There is no d in font nullfont!
Missing character: There is no e in font nullfont!
Missing character: There is no f in font nullfont!
Missing character: There is no i in font nullfont!
Missing character: There is no n in font nullfont!
Missing character: There is no i in font nullfont!
Missing character: There is no c in font nullfont!
Missing character: There is no i in font nullfont!
Missing character: There is no o in font nullfont!
Missing character: There is no n in font nullfont!
Missing character: There is no e in font nullfont!
Missing character: There is no s in font nullfont!
Missing character: There is no f in font nullfont!
Missing character: There is no u in font nullfont!
Missing character: There is no e in font nullfont!
Missing character: There is no r in font nullfont!
Missing character: There is no o in font nullfont!
Missing character: There is no n in font nullfont!
Missing character: There is no o in font nullfont!
Missing character: There is no b in font nullfont!
Missing character: There is no t in font nullfont!
Missing character: There is no e in font nullfont!
Missing character: There is no n in font nullfont!
Missing character: There is no i in font nullfont!
Missing character: There is no d in font nullfont!
Missing character: There is no a in font nullfont!
Missing character: There is no s in font nullfont!
Missing character: There is no d in font nullfont!
Missing character: There is no e in font nullfont!
Missing character: There is no l in font nullfont!
Missing character: There is no l in font nullfont!
Missing character: There is no i in font nullfont!
Missing character: There is no b in font nullfont!
Missing character: There is no r in font nullfont!
Missing character: There is no o in font nullfont!
Missing character: There is no [ in font nullfont!
\citation{Goodfellow-et-al-2016}
! Undefined control sequence.
<write> ...: Citation `\@citeb ' on page \thepage 
                                                  \space undefined\on@line .^^J
l.296 ...as del libro \cite{Goodfellow-et-al-2016}
                                                  .
The control sequence at the end of the top line
of your error message was never \def'ed. If you have
misspelled it (e.g., `\hobx'), type `I' and the correct
spelling (e.g., `I\hbox'). Otherwise just continue,
and I'll forget about whatever was undefined.


LaTeX Warning: Citation `Goodfellow-et-al-2016' on page  undefined on input lin
e 296.

Missing character: There is no ] in font nullfont!
Missing character: There is no . in font nullfont!

! LaTeX Error: Environment definition undefined.

See the LaTeX manual or LaTeX Companion for explanation.
Type  H <return>  for immediate help.
 ...                                              
                                                  
l.297 \begin{definition}
                        [Convoluci^^c3^^b3n]
Your command was ignored.
Type  I <command> <return>  to replace it with another command,
or  <return>  to continue without it.

Missing character: There is no [ in font nullfont!
Missing character: There is no C in font nullfont!
Missing character: There is no o in font nullfont!
Missing character: There is no n in font nullfont!
Missing character: There is no v in font nullfont!
Missing character: There is no o in font nullfont!
Missing character: There is no l in font nullfont!
Missing character: There is no u in font nullfont!
Missing character: There is no c in font nullfont!
Missing character: There is no i in font nullfont!
Missing character: There is no n in font nullfont!
Missing character: There is no ] in font nullfont!
Missing character: There is no S in font nullfont!
Missing character: There is no e in font nullfont!
Missing character: There is no a in font nullfont!
Missing character: There is no n in font nullfont!
Missing character: There is no : in font nullfont!
! Undefined control sequence.
<recently read> \mathbb 
                        
l.298 Sean $x,w$ : $\mathbb
                           {R} \longrightarrow \mathbb{R}$ dos funciones. La...
The control sequence at the end of the top line
of your error message was never \def'ed. If you have
misspelled it (e.g., `\hobx'), type `I' and the correct
spelling (e.g., `I\hbox'). Otherwise just continue,
and I'll forget about whatever was undefined.

! Undefined control sequence.
l.298 ...,w$ : $\mathbb{R} \longrightarrow \mathbb
                                                  {R}$ dos funciones. La con...
The control sequence at the end of the top line
of your error message was never \def'ed. If you have
misspelled it (e.g., `\hobx'), type `I' and the correct
spelling (e.g., `I\hbox'). Otherwise just continue,
and I'll forget about whatever was undefined.

Missing character: There is no d in font nullfont!
Missing character: There is no o in font nullfont!
Missing character: There is no s in font nullfont!
Missing character: There is no f in font nullfont!
Missing character: There is no u in font nullfont!
Missing character: There is no n in font nullfont!
Missing character: There is no c in font nullfont!
Missing character: There is no i in font nullfont!
Missing character: There is no o in font nullfont!
Missing character: There is no n in font nullfont!
Missing character: There is no e in font nullfont!
Missing character: There is no s in font nullfont!
Missing character: There is no . in font nullfont!
Missing character: There is no L in font nullfont!
Missing character: There is no a in font nullfont!
Missing character: There is no c in font nullfont!
Missing character: There is no o in font nullfont!
Missing character: There is no n in font nullfont!
Missing character: There is no v in font nullfont!
Missing character: There is no o in font nullfont!
Missing character: There is no l in font nullfont!
Missing character: There is no u in font nullfont!
Missing character: There is no c in font nullfont!
Missing character: There is no i in font nullfont!
Missing character: There is no n in font nullfont!
Missing character: There is no d in font nullfont!
Missing character: There is no e in font nullfont!
Missing character: There is no y in font nullfont!
Missing character: There is no d in font nullfont!
Missing character: There is no e in font nullfont!
Missing character: There is no n in font nullfont!
Missing character: There is no o in font nullfont!
Missing character: There is no t in font nullfont!
Missing character: There is no a in font nullfont!
Missing character: There is no d in font nullfont!
Missing character: There is no a in font nullfont!
Missing character: There is no p in font nullfont!
Missing character: There is no o in font nullfont!
Missing character: There is no r in font nullfont!
Missing character: There is no : in font nullfont!
Missing character: There is no e in font nullfont!
Missing character: There is no s in font nullfont!
Missing character: There is no u in font nullfont!
Missing character: There is no n in font nullfont!
Missing character: There is no a in font nullfont!
Missing character: There is no o in font nullfont!
Missing character: There is no p in font nullfont!
Missing character: There is no e in font nullfont!
Missing character: There is no r in font nullfont!
Missing character: There is no a in font nullfont!
Missing character: There is no c in font nullfont!
Missing character: There is no i in font nullfont!
Missing character: There is no n in font nullfont!
Missing character: There is no b in font nullfont!
Missing character: There is no i in font nullfont!
Missing character: There is no n in font nullfont!
Missing character: There is no a in font nullfont!
Missing character: There is no r in font nullfont!
Missing character: There is no i in font nullfont!
Missing character: There is no a in font nullfont!
Missing character: There is no q in font nullfont!
Missing character: There is no u in font nullfont!
Missing character: There is no e in font nullfont!
Missing character: There is no p in font nullfont!
Missing character: There is no r in font nullfont!
Missing character: There is no o in font nullfont!
Missing character: There is no d in font nullfont!
Missing character: There is no u in font nullfont!
Missing character: There is no c in font nullfont!
Missing character: There is no e in font nullfont!
Missing character: There is no u in font nullfont!
Missing character: There is no n in font nullfont!
Missing character: There is no a in font nullfont!
Missing character: There is no n in font nullfont!
Missing character: There is no u in font nullfont!
Missing character: There is no e in font nullfont!
Missing character: There is no v in font nullfont!
Missing character: There is no a in font nullfont!
Missing character: There is no f in font nullfont!
Missing character: There is no u in font nullfont!
Missing character: There is no n in font nullfont!
Missing character: There is no c in font nullfont!
Missing character: There is no i in font nullfont!
Missing character: There is no n in font nullfont!
Missing character: There is no d in font nullfont!
Missing character: There is no a in font nullfont!
Missing character: There is no d in font nullfont!
Missing character: There is no a in font nullfont!
Missing character: There is no p in font nullfont!
Missing character: There is no o in font nullfont!
Missing character: There is no r in font nullfont!
Missing character: There is no : in font nullfont!

Overfull \hbox (20.0pt too wide) in paragraph at lines 296--299
[]
 []


Overfull \hbox (5.00002pt too wide) in paragraph at lines 296--299
\/cmr/m/n/10 ^^Sa
 []


Overfull \hbox (5.00002pt too wide) in paragraph at lines 296--299
\/cmr/m/n/10 ^^So
 []


Overfull \hbox (5.00002pt too wide) in paragraph at lines 296--299
\/cmr/m/n/10 ^^Sa
 []


Overfull \hbox (5.00002pt too wide) in paragraph at lines 296--299
\/cmr/m/n/10 ^^So
 []


Overfull \hbox (5.00002pt too wide) in paragraph at lines 296--299
\/cmr/m/n/10 ^^So
 []


Overfull \hbox (5.00002pt too wide) in paragraph at lines 296--299
\/cmr/m/n/10 ^^Sa
 []


Overfull \hbox (2.77779pt too wide) in paragraph at lines 296--299
\/cmr/m/n/10 ^^S^^P
 []


Overfull \hbox (5.43053pt too wide) in paragraph at lines 296--299
[]
 []


Overfull \hbox (5.00002pt too wide) in paragraph at lines 296--299
\/cmr/m/n/10 ^^So
 []


Overfull \hbox (17.58794pt too wide) in paragraph at lines 296--299
\OML/cmm/m/it/10 x; w$
 []


Overfull \hbox (26.55905pt too wide) in paragraph at lines 296--299
\OML/cmm/m/it/10 R [][]\OMS/cmsy/m/n/10 !
 []


Overfull \hbox (7.67015pt too wide) in paragraph at lines 296--299
\OML/cmm/m/it/10 R$
 []


Overfull \hbox (5.00002pt too wide) in paragraph at lines 296--299
\/cmr/m/n/10 ^^So
 []


Overfull \hbox (5.71527pt too wide) in paragraph at lines 296--299
\OML/cmm/m/it/10 x$
 []


Overfull \hbox (7.42825pt too wide) in paragraph at lines 296--299
\OML/cmm/m/it/10 w$
 []


Overfull \hbox (14.60419pt too wide) in paragraph at lines 296--299
\/cmr/m/n/10 (\OML/cmm/m/it/10 x \OMS/cmsy/m/n/10 ^^C
 []


Overfull \hbox (22.70607pt too wide) in paragraph at lines 296--299
\OML/cmm/m/it/10 w\/cmr/m/n/10 )(\OML/cmm/m/it/10 t\/cmr/m/n/10 )$
 []


Overfull \hbox (5.00002pt too wide) in paragraph at lines 296--299
\/cmr/m/n/10 ^^So
 []


Overfull \hbox (5.00002pt too wide) in paragraph at lines 296--299
\/cmr/m/n/10 ^^So
 []


Overfull \hbox (152.87033pt too wide) detected at line 301
\OML/cmm/m/it/10 s\/cmr/m/n/10 (\OML/cmm/m/it/10 t\/cmr/m/n/10 ) = (\OML/cmm/m/
it/10 x \OMS/cmsy/m/n/10 ^^C \OML/cmm/m/it/10 w\/cmr/m/n/10 )(\OML/cmm/m/it/10 
t\/cmr/m/n/10 ) = [] \OML/cmm/m/it/10 x\/cmr/m/n/10 (\OML/cmm/m/it/10 a\/cmr/m/
n/10 )\OML/cmm/m/it/10 w\/cmr/m/n/10 (\OML/cmm/m/it/10 t \OMS/cmsy/m/n/10 ^^@ \
OML/cmm/m/it/10 a\/cmr/m/n/10 )\OML/cmm/m/it/10 da
 []


! LaTeX Error: \begin{document} ended by \end{definition}.

See the LaTeX manual or LaTeX Companion for explanation.
Type  H <return>  for immediate help.
 ...                                              
                                                  
l.303 \end{definition}
                      
Your command was ignored.
Type  I <command> <return>  to replace it with another command,
or  <return>  to continue without it.

Missing character: There is no E in font nullfont!
Missing character: There is no n in font nullfont!
Missing character: There is no e in font nullfont!
Missing character: There is no l in font nullfont!
Missing character: There is no c in font nullfont!
Missing character: There is no o in font nullfont!
Missing character: There is no n in font nullfont!
Missing character: There is no t in font nullfont!
Missing character: There is no e in font nullfont!
Missing character: There is no x in font nullfont!
Missing character: There is no t in font nullfont!
Missing character: There is no o in font nullfont!
Missing character: There is no d in font nullfont!
Missing character: There is no e in font nullfont!
Missing character: There is no l in font nullfont!
Missing character: There is no a in font nullfont!
Missing character: There is no s in font nullfont!
Missing character: There is no r in font nullfont!
Missing character: There is no e in font nullfont!
Missing character: There is no d in font nullfont!
Missing character: There is no e in font nullfont!
Missing character: There is no s in font nullfont!
Missing character: There is no n in font nullfont!
Missing character: There is no e in font nullfont!
Missing character: There is no u in font nullfont!
Missing character: There is no r in font nullfont!
Missing character: There is no o in font nullfont!
Missing character: There is no n in font nullfont!
Missing character: There is no a in font nullfont!
Missing character: There is no l in font nullfont!
Missing character: There is no e in font nullfont!
Missing character: There is no s in font nullfont!
Missing character: There is no c in font nullfont!
Missing character: There is no o in font nullfont!
Missing character: There is no n in font nullfont!
Missing character: There is no v in font nullfont!
Missing character: There is no o in font nullfont!
Missing character: There is no l in font nullfont!
Missing character: There is no u in font nullfont!
Missing character: There is no c in font nullfont!
Missing character: There is no i in font nullfont!
Missing character: There is no o in font nullfont!
Missing character: There is no n in font nullfont!
Missing character: There is no a in font nullfont!
Missing character: There is no l in font nullfont!
Missing character: There is no e in font nullfont!
Missing character: There is no s in font nullfont!
Missing character: There is no , in font nullfont!
Missing character: There is no e in font nullfont!
Missing character: There is no l in font nullfont!
Missing character: There is no p in font nullfont!
Missing character: There is no r in font nullfont!
Missing character: There is no i in font nullfont!
Missing character: There is no m in font nullfont!
Missing character: There is no e in font nullfont!
Missing character: There is no r in font nullfont!
Missing character: There is no t in font nullfont!
Missing character: There is no r in font nullfont!
Missing character: There is no m in font nullfont!
Missing character: There is no i in font nullfont!
Missing character: There is no n in font nullfont!
Missing character: There is no o in font nullfont!
Missing character: There is no ( in font nullfont!
Missing character: There is no l in font nullfont!
Missing character: There is no a in font nullfont!
Missing character: There is no f in font nullfont!
Missing character: There is no u in font nullfont!
Missing character: There is no n in font nullfont!
Missing character: There is no c in font nullfont!
Missing character: There is no i in font nullfont!
Missing character: There is no n in font nullfont!
Missing character: There is no ) in font nullfont!
Missing character: There is no s in font nullfont!
Missing character: There is no e in font nullfont!
Missing character: There is no r in font nullfont!
Missing character: There is no e in font nullfont!
Missing character: There is no f in font nullfont!
Missing character: There is no i in font nullfont!
Missing character: There is no e in font nullfont!
Missing character: There is no r in font nullfont!
Missing character: There is no e in font nullfont!
Missing character: There is no a in font nullfont!
Missing character: There is no l in font nullfont!
Missing character: There is no a in font nullfont!
Missing character: There is no e in font nullfont!
Missing character: There is no n in font nullfont!
Missing character: There is no t in font nullfont!
Missing character: There is no r in font nullfont!
Missing character: There is no a in font nullfont!
Missing character: There is no d in font nullfont!
Missing character: There is no a in font nullfont!
Missing character: There is no , in font nullfont!
Missing character: There is no y in font nullfont!
Missing character: There is no e in font nullfont!
Missing character: There is no l in font nullfont!
Missing character: There is no s in font nullfont!
Missing character: There is no e in font nullfont!
Missing character: There is no g in font nullfont!
Missing character: There is no u in font nullfont!
Missing character: There is no n in font nullfont!
Missing character: There is no d in font nullfont!
Missing character: There is no o in font nullfont!
Missing character: There is no t in font nullfont!
Missing character: There is no r in font nullfont!
Missing character: There is no m in font nullfont!
Missing character: There is no i in font nullfont!
Missing character: There is no n in font nullfont!
Missing character: There is no o in font nullfont!
Missing character: There is no ( in font nullfont!
Missing character: There is no l in font nullfont!
Missing character: There is no a in font nullfont!
Missing character: There is no f in font nullfont!
Missing character: There is no u in font nullfont!
Missing character: There is no n in font nullfont!
Missing character: There is no c in font nullfont!
Missing character: There is no i in font nullfont!
Missing character: There is no n in font nullfont!
Missing character: There is no ) in font nullfont!
Missing character: There is no e in font nullfont!
Missing character: There is no s in font nullfont!
Missing character: There is no e in font nullfont!
Missing character: There is no l in font nullfont!
Missing character: There is no k in font nullfont!
Missing character: There is no e in font nullfont!
Missing character: There is no r in font nullfont!
Missing character: There is no n in font nullfont!
Missing character: There is no e in font nullfont!
Missing character: There is no l in font nullfont!
Missing character: There is no o in font nullfont!
Missing character: There is no f in font nullfont!
Missing character: There is no i in font nullfont!
Missing character: There is no l in font nullfont!
Missing character: There is no t in font nullfont!
Missing character: There is no r in font nullfont!
Missing character: There is no o in font nullfont!
Missing character: There is no . in font nullfont!
Missing character: There is no D in font nullfont!
Missing character: There is no a in font nullfont!
Missing character: There is no d in font nullfont!
Missing character: There is no o in font nullfont!
Missing character: There is no q in font nullfont!
Missing character: There is no u in font nullfont!
Missing character: There is no e in font nullfont!
Missing character: There is no e in font nullfont!
Missing character: There is no n in font nullfont!
Missing character: There is no m in font nullfont!
Missing character: There is no u in font nullfont!
Missing character: There is no c in font nullfont!
Missing character: There is no h in font nullfont!
Missing character: There is no o in font nullfont!
Missing character: There is no s in font nullfont!
Missing character: There is no e in font nullfont!
Missing character: There is no s in font nullfont!
Missing character: There is no c in font nullfont!
Missing character: There is no e in font nullfont!
Missing character: There is no n in font nullfont!
Missing character: There is no a in font nullfont!
Missing character: There is no r in font nullfont!
Missing character: There is no i in font nullfont!
Missing character: There is no o in font nullfont!
Missing character: There is no s in font nullfont!
Missing character: There is no , in font nullfont!
Missing character: There is no e in font nullfont!
Missing character: There is no l in font nullfont!
Missing character: There is no t in font nullfont!
Missing character: There is no i in font nullfont!
Missing character: There is no p in font nullfont!
Missing character: There is no o in font nullfont!
Missing character: There is no d in font nullfont!
Missing character: There is no e in font nullfont!
Missing character: There is no d in font nullfont!
Missing character: There is no a in font nullfont!
Missing character: There is no t in font nullfont!
Missing character: There is no o in font nullfont!
Missing character: There is no s in font nullfont!
Missing character: There is no e in font nullfont!
Missing character: There is no s in font nullfont!
Missing character: There is no d in font nullfont!
Missing character: There is no i in font nullfont!
Missing character: There is no s in font nullfont!
Missing character: There is no c in font nullfont!
Missing character: There is no r in font nullfont!
Missing character: There is no e in font nullfont!
Missing character: There is no t in font nullfont!
Missing character: There is no o in font nullfont!
Missing character: There is no , in font nullfont!
Missing character: There is no s in font nullfont!
Missing character: There is no e in font nullfont!
Missing character: There is no m in font nullfont!
Missing character: There is no a in font nullfont!
Missing character: There is no n in font nullfont!
Missing character: There is no e in font nullfont!
Missing character: There is no j in font nullfont!
Missing character: There is no a in font nullfont!
Missing character: There is no o in font nullfont!
Missing character: There is no t in font nullfont!
Missing character: There is no r in font nullfont!
Missing character: There is no o in font nullfont!
Missing character: There is no t in font nullfont!
Missing character: There is no i in font nullfont!
Missing character: There is no p in font nullfont!
Missing character: There is no o in font nullfont!
Missing character: There is no d in font nullfont!
Missing character: There is no e in font nullfont!
Missing character: There is no c in font nullfont!
Missing character: There is no o in font nullfont!
Missing character: There is no n in font nullfont!
Missing character: There is no v in font nullfont!
Missing character: There is no o in font nullfont!
Missing character: There is no l in font nullfont!
Missing character: There is no u in font nullfont!
Missing character: There is no c in font nullfont!
Missing character: There is no i in font nullfont!
Missing character: There is no n in font nullfont!
Missing character: There is no , in font nullfont!
Missing character: There is no l in font nullfont!
Missing character: There is no l in font nullfont!
Missing character: There is no a in font nullfont!
Missing character: There is no m in font nullfont!
Missing character: There is no d in font nullfont!
Missing character: There is no a in font nullfont!
Missing character: There is no c in font nullfont!
Missing character: There is no o in font nullfont!
Missing character: There is no n in font nullfont!
Missing character: There is no v in font nullfont!
Missing character: There is no o in font nullfont!
Missing character: There is no l in font nullfont!
Missing character: There is no u in font nullfont!
Missing character: There is no c in font nullfont!
Missing character: There is no i in font nullfont!
Missing character: There is no n in font nullfont!
Missing character: There is no d in font nullfont!
Missing character: There is no i in font nullfont!
Missing character: There is no c in font nullfont!
Missing character: There is no r in font nullfont!
Missing character: There is no e in font nullfont!
Missing character: There is no t in font nullfont!
Missing character: There is no a in font nullfont!
Missing character: There is no . in font nullfont!

! LaTeX Error: Environment definition undefined.

See the LaTeX manual or LaTeX Companion for explanation.
Type  H <return>  for immediate help.
 ...                                              
                                                  
l.306 \begin{definition}
                        [Convoluci^^c3^^b3n discreta]
Your command was ignored.
Type  I <command> <return>  to replace it with another command,
or  <return>  to continue without it.

Missing character: There is no [ in font nullfont!
Missing character: There is no C in font nullfont!
Missing character: There is no o in font nullfont!
Missing character: There is no n in font nullfont!
Missing character: There is no v in font nullfont!
Missing character: There is no o in font nullfont!
Missing character: There is no l in font nullfont!
Missing character: There is no u in font nullfont!
Missing character: There is no c in font nullfont!
Missing character: There is no i in font nullfont!
Missing character: There is no n in font nullfont!
Missing character: There is no d in font nullfont!
Missing character: There is no i in font nullfont!
Missing character: There is no s in font nullfont!
Missing character: There is no c in font nullfont!
Missing character: There is no r in font nullfont!
Missing character: There is no e in font nullfont!
Missing character: There is no t in font nullfont!
Missing character: There is no a in font nullfont!
Missing character: There is no ] in font nullfont!
Missing character: There is no S in font nullfont!
Missing character: There is no e in font nullfont!
Missing character: There is no a in font nullfont!
Missing character: There is no n in font nullfont!
Missing character: There is no , in font nullfont!
Missing character: There is no d in font nullfont!
Missing character: There is no o in font nullfont!
Missing character: There is no s in font nullfont!
Missing character: There is no s in font nullfont!
Missing character: There is no u in font nullfont!
Missing character: There is no c in font nullfont!
Missing character: There is no e in font nullfont!
Missing character: There is no s in font nullfont!
Missing character: There is no i in font nullfont!
Missing character: There is no o in font nullfont!
Missing character: There is no n in font nullfont!
Missing character: There is no e in font nullfont!
Missing character: There is no s in font nullfont!
Missing character: There is no , in font nullfont!
Missing character: There is no l in font nullfont!
Missing character: There is no a in font nullfont!
Missing character: There is no c in font nullfont!
Missing character: There is no o in font nullfont!
Missing character: There is no n in font nullfont!
Missing character: There is no v in font nullfont!
Missing character: There is no o in font nullfont!
Missing character: There is no l in font nullfont!
Missing character: There is no u in font nullfont!
Missing character: There is no c in font nullfont!
Missing character: There is no i in font nullfont!
Missing character: There is no n in font nullfont!
Missing character: There is no d in font nullfont!
Missing character: There is no i in font nullfont!
Missing character: There is no s in font nullfont!
Missing character: There is no c in font nullfont!
Missing character: There is no r in font nullfont!
Missing character: There is no e in font nullfont!
Missing character: There is no t in font nullfont!
Missing character: There is no a in font nullfont!
Missing character: There is no , in font nullfont!
Missing character: There is no s in font nullfont!
Missing character: There is no e in font nullfont!
Missing character: There is no d in font nullfont!
Missing character: There is no e in font nullfont!
Missing character: There is no f in font nullfont!
Missing character: There is no i in font nullfont!
Missing character: There is no n in font nullfont!
Missing character: There is no e in font nullfont!
Missing character: There is no c in font nullfont!
Missing character: There is no o in font nullfont!
Missing character: There is no m in font nullfont!
Missing character: There is no o in font nullfont!
Missing character: There is no : in font nullfont!

Overfull \hbox (20.0pt too wide) in paragraph at lines 304--308
[]
 []


Overfull \hbox (4.44444pt too wide) in paragraph at lines 304--308
\/cmr/m/n/10 ^^Se
 []


Overfull \hbox (5.00002pt too wide) in paragraph at lines 304--308
\/cmr/m/n/10 ^^So
 []


Overfull \hbox (5.71527pt too wide) in paragraph at lines 304--308
\OML/cmm/m/it/10 x$
 []


Overfull \hbox (4.44444pt too wide) in paragraph at lines 304--308
\/cmr/m/n/10 ^^Se
 []


Overfull \hbox (5.00002pt too wide) in paragraph at lines 304--308
\/cmr/m/n/10 ^^So
 []


Overfull \hbox (7.42825pt too wide) in paragraph at lines 304--308
\OML/cmm/m/it/10 w$
 []


Overfull \hbox (5.00002pt too wide) in paragraph at lines 304--308
\/cmr/m/n/10 ^^So
 []


Overfull \hbox (5.00002pt too wide) in paragraph at lines 304--308
\/cmr/m/n/10 ^^So
 []


Overfull \hbox (5.00002pt too wide) in paragraph at lines 304--308
\/cmr/m/n/10 ^^So
 []


Overfull \hbox (40.70383pt too wide) in paragraph at lines 304--308
\OML/cmm/m/it/10 x\/cmr/m/n/10 (\OML/cmm/m/it/10 n\/cmr/m/n/10 )$$\OML/cmm/m/it
/10 w\/cmr/m/n/10 (\OML/cmm/m/it/10 n\/cmr/m/n/10 )$
 []


Overfull \hbox (5.00002pt too wide) in paragraph at lines 304--308
\/cmr/m/n/10 ^^So
 []


Overfull \hbox (133.16768pt too wide) detected at line 310
\/cmr/m/n/10 (\OML/cmm/m/it/10 x \OMS/cmsy/m/n/10 ^^C \OML/cmm/m/it/10 w\/cmr/m
/n/10 )(\OML/cmm/m/it/10 n\/cmr/m/n/10 ) = [] \OML/cmm/m/it/10 x\/cmr/m/n/10 (\
OML/cmm/m/it/10 n\/cmr/m/n/10 )\OML/cmm/m/it/10 w\/cmr/m/n/10 (\OML/cmm/m/it/10
 n \OMS/cmsy/m/n/10 ^^@ \OML/cmm/m/it/10 a\/cmr/m/n/10 )
 []


! LaTeX Error: \begin{document} ended by \end{definition}.

See the LaTeX manual or LaTeX Companion for explanation.
Type  H <return>  for immediate help.
 ...                                              
                                                  
l.312 \end{definition}
                      
Your command was ignored.
Type  I <command> <return>  to replace it with another command,
or  <return>  to continue without it.

Missing character: There is no F in font nullfont!
Missing character: There is no i in font nullfont!
Missing character: There is no n in font nullfont!
Missing character: There is no a in font nullfont!
Missing character: There is no l in font nullfont!
Missing character: There is no m in font nullfont!
Missing character: There is no e in font nullfont!
Missing character: There is no n in font nullfont!
Missing character: There is no t in font nullfont!
Missing character: There is no e in font nullfont!
Missing character: There is no , in font nullfont!
Missing character: There is no p in font nullfont!
Missing character: There is no a in font nullfont!
Missing character: There is no r in font nullfont!
Missing character: There is no a in font nullfont!
Missing character: There is no e in font nullfont!
Missing character: There is no l in font nullfont!
Missing character: There is no u in font nullfont!
Missing character: There is no s in font nullfont!
Missing character: There is no o in font nullfont!
Missing character: There is no p in font nullfont!
Missing character: There is no a in font nullfont!
Missing character: There is no r in font nullfont!
Missing character: There is no t in font nullfont!
Missing character: There is no i in font nullfont!
Missing character: There is no c in font nullfont!
Missing character: There is no u in font nullfont!
Missing character: There is no l in font nullfont!
Missing character: There is no a in font nullfont!
Missing character: There is no r in font nullfont!
Missing character: There is no d in font nullfont!
Missing character: There is no e in font nullfont!
Missing character: There is no l in font nullfont!
Missing character: There is no p in font nullfont!
Missing character: There is no r in font nullfont!
Missing character: There is no o in font nullfont!
Missing character: There is no c in font nullfont!
Missing character: There is no e in font nullfont!
Missing character: There is no s in font nullfont!
Missing character: There is no a in font nullfont!
Missing character: There is no m in font nullfont!
Missing character: There is no i in font nullfont!
Missing character: There is no e in font nullfont!
Missing character: There is no n in font nullfont!
Missing character: There is no t in font nullfont!
Missing character: There is no o in font nullfont!
Missing character: There is no d in font nullfont!
Missing character: There is no e in font nullfont!
Missing character: There is no i in font nullfont!
Missing character: There is no m in font nullfont!
Missing character: There is no g in font nullfont!
Missing character: There is no e in font nullfont!
Missing character: There is no n in font nullfont!
Missing character: There is no e in font nullfont!
Missing character: There is no s in font nullfont!
Missing character: There is no e in font nullfont!
Missing character: There is no n in font nullfont!
Missing character: There is no d in font nullfont!
Missing character: There is no o in font nullfont!
Missing character: There is no s in font nullfont!
Missing character: There is no d in font nullfont!
Missing character: There is no i in font nullfont!
Missing character: There is no m in font nullfont!
Missing character: There is no e in font nullfont!
Missing character: There is no n in font nullfont!
Missing character: There is no s in font nullfont!
Missing character: There is no i in font nullfont!
Missing character: There is no o in font nullfont!
Missing character: There is no n in font nullfont!
Missing character: There is no e in font nullfont!
Missing character: There is no s in font nullfont!
Missing character: There is no , in font nullfont!
Missing character: There is no p in font nullfont!
Missing character: There is no o in font nullfont!
Missing character: There is no d in font nullfont!
Missing character: There is no e in font nullfont!
Missing character: There is no m in font nullfont!
Missing character: There is no o in font nullfont!
Missing character: There is no s in font nullfont!
Missing character: There is no u in font nullfont!
Missing character: There is no t in font nullfont!
Missing character: There is no i in font nullfont!
Missing character: There is no l in font nullfont!
Missing character: There is no i in font nullfont!
Missing character: There is no z in font nullfont!
Missing character: There is no a in font nullfont!
Missing character: There is no r in font nullfont!
Missing character: There is no l in font nullfont!
Missing character: There is no a in font nullfont!
Missing character: There is no c in font nullfont!
Missing character: There is no o in font nullfont!
Missing character: There is no n in font nullfont!
Missing character: There is no v in font nullfont!
Missing character: There is no o in font nullfont!
Missing character: There is no l in font nullfont!
Missing character: There is no u in font nullfont!
Missing character: There is no c in font nullfont!
Missing character: There is no i in font nullfont!
Missing character: There is no n in font nullfont!
Missing character: There is no d in font nullfont!
Missing character: There is no i in font nullfont!
Missing character: There is no s in font nullfont!
Missing character: There is no c in font nullfont!
Missing character: There is no r in font nullfont!
Missing character: There is no e in font nullfont!
Missing character: There is no t in font nullfont!
Missing character: There is no a in font nullfont!
Missing character: There is no e in font nullfont!
Missing character: There is no n in font nullfont!
Missing character: There is no d in font nullfont!
Missing character: There is no o in font nullfont!
Missing character: There is no s in font nullfont!
Missing character: There is no d in font nullfont!
Missing character: There is no i in font nullfont!
Missing character: There is no m in font nullfont!
Missing character: There is no e in font nullfont!
Missing character: There is no n in font nullfont!
Missing character: There is no s in font nullfont!
Missing character: There is no i in font nullfont!
Missing character: There is no o in font nullfont!
Missing character: There is no n in font nullfont!
Missing character: There is no e in font nullfont!
Missing character: There is no s in font nullfont!
Missing character: There is no . in font nullfont!

! LaTeX Error: Environment definition undefined.

See the LaTeX manual or LaTeX Companion for explanation.
Type  H <return>  for immediate help.
 ...                                              
                                                  
l.314 \begin{definition}
                        [Convoluci^^c3^^b3n en dos dimensiones]
Your command was ignored.
Type  I <command> <return>  to replace it with another command,
or  <return>  to continue without it.

Missing character: There is no [ in font nullfont!
Missing character: There is no C in font nullfont!
Missing character: There is no o in font nullfont!
Missing character: There is no n in font nullfont!
Missing character: There is no v in font nullfont!
Missing character: There is no o in font nullfont!
Missing character: There is no l in font nullfont!
Missing character: There is no u in font nullfont!
Missing character: There is no c in font nullfont!
Missing character: There is no i in font nullfont!
Missing character: There is no n in font nullfont!
Missing character: There is no e in font nullfont!
Missing character: There is no n in font nullfont!
Missing character: There is no d in font nullfont!
Missing character: There is no o in font nullfont!
Missing character: There is no s in font nullfont!
Missing character: There is no d in font nullfont!
Missing character: There is no i in font nullfont!
Missing character: There is no m in font nullfont!
Missing character: There is no e in font nullfont!
Missing character: There is no n in font nullfont!
Missing character: There is no s in font nullfont!
Missing character: There is no i in font nullfont!
Missing character: There is no o in font nullfont!
Missing character: There is no n in font nullfont!
Missing character: There is no e in font nullfont!
Missing character: There is no s in font nullfont!
Missing character: There is no ] in font nullfont!
Missing character: There is no S in font nullfont!
Missing character: There is no e in font nullfont!
Missing character: There is no a in font nullfont!
Missing character: There is no n in font nullfont!
Missing character: There is no y in font nullfont!
Missing character: There is no d in font nullfont!
Missing character: There is no o in font nullfont!
Missing character: There is no s in font nullfont!
Missing character: There is no m in font nullfont!
Missing character: There is no a in font nullfont!
Missing character: There is no t in font nullfont!
Missing character: There is no r in font nullfont!
Missing character: There is no i in font nullfont!
Missing character: There is no c in font nullfont!
Missing character: There is no e in font nullfont!
Missing character: There is no s in font nullfont!
Missing character: There is no d in font nullfont!
Missing character: There is no e in font nullfont!
Missing character: There is no f in font nullfont!
Missing character: There is no i in font nullfont!
Missing character: There is no n in font nullfont!
Missing character: There is no i in font nullfont!
Missing character: There is no d in font nullfont!
Missing character: There is no a in font nullfont!
Missing character: There is no s in font nullfont!
Missing character: There is no e in font nullfont!
Missing character: There is no n in font nullfont!
Missing character: There is no , in font nullfont!
Missing character: There is no l in font nullfont!
Missing character: There is no a in font nullfont!
Missing character: There is no c in font nullfont!
Missing character: There is no o in font nullfont!
Missing character: There is no n in font nullfont!
Missing character: There is no v in font nullfont!
Missing character: There is no o in font nullfont!
Missing character: There is no l in font nullfont!
Missing character: There is no u in font nullfont!
Missing character: There is no c in font nullfont!
Missing character: There is no i in font nullfont!
Missing character: There is no n in font nullfont!
Missing character: There is no d in font nullfont!
Missing character: There is no e in font nullfont!
Missing character: There is no m in font nullfont!
Missing character: There is no a in font nullfont!
Missing character: There is no t in font nullfont!
Missing character: There is no r in font nullfont!
Missing character: There is no i in font nullfont!
Missing character: There is no c in font nullfont!
Missing character: There is no e in font nullfont!
Missing character: There is no s in font nullfont!
Missing character: There is no d in font nullfont!
Missing character: There is no i in font nullfont!
Missing character: There is no s in font nullfont!
Missing character: There is no c in font nullfont!
Missing character: There is no r in font nullfont!
Missing character: There is no e in font nullfont!
Missing character: There is no t in font nullfont!
Missing character: There is no a in font nullfont!
Missing character: There is no s in font nullfont!
Missing character: There is no s in font nullfont!
Missing character: There is no e in font nullfont!
Missing character: There is no d in font nullfont!
Missing character: There is no e in font nullfont!
Missing character: There is no f in font nullfont!
Missing character: There is no i in font nullfont!
Missing character: There is no n in font nullfont!
Missing character: There is no e in font nullfont!
Missing character: There is no c in font nullfont!
Missing character: There is no m in font nullfont!
Missing character: There is no o in font nullfont!
Missing character: There is no : in font nullfont!

Overfull \hbox (20.0pt too wide) in paragraph at lines 313--316
[]
 []


Overfull \hbox (5.00002pt too wide) in paragraph at lines 313--316
\/cmr/m/n/10 ^^Sa
 []


Overfull \hbox (5.00002pt too wide) in paragraph at lines 313--316
\/cmr/m/n/10 ^^So
 []


Overfull \hbox (5.00002pt too wide) in paragraph at lines 313--316
\/cmr/m/n/10 ^^So
 []


Overfull \hbox (4.36108pt too wide) in paragraph at lines 313--316
\OT1/cmr/bx/n/10 I$
 []


Overfull \hbox (9.01384pt too wide) in paragraph at lines 313--316
\OT1/cmr/bx/n/10 K$
 []


Overfull \hbox (19.38887pt too wide) in paragraph at lines 313--316
\OT1/cmr/bx/n/10 M[]$
 []


Overfull \hbox (5.00002pt too wide) in paragraph at lines 313--316
\/cmr/m/n/10 ^^So
 []


Overfull \hbox (5.00002pt too wide) in paragraph at lines 313--316
\/cmr/m/n/10 ^^So 
 []


Overfull \hbox (223.22145pt too wide) detected at line 318
\OT1/cmr/bx/n/10 S\/cmr/m/n/10 (\OML/cmm/m/it/10 i; j\/cmr/m/n/10 ) = (\OT1/cmr
/bx/n/10 I \OMS/cmsy/m/n/10 ^^C \OT1/cmr/bx/n/10 K\/cmr/m/n/10 )(\OML/cmm/m/it/
10 i; j\/cmr/m/n/10 ) = [] [] \OT1/cmr/bx/n/10 I\/cmr/m/n/10 (\OML/cmm/m/it/10 
m; n\/cmr/m/n/10 )\OT1/cmr/bx/n/10 K\/cmr/m/n/10 (\OML/cmm/m/it/10 i \OMS/cmsy/
m/n/10 ^^@ \OML/cmm/m/it/10 m; j \OMS/cmsy/m/n/10 ^^@ \OML/cmm/m/it/10 n\/cmr/m
/n/10 )
 []


! LaTeX Error: Environment observation undefined.

See the LaTeX manual or LaTeX Companion for explanation.
Type  H <return>  for immediate help.
 ...                                              
                                                  
l.319 \begin{observation}
                         
Your command was ignored.
Type  I <command> <return>  to replace it with another command,
or  <return>  to continue without it.

Missing character: There is no N in font nullfont!
Missing character: There is no o in font nullfont!
Missing character: There is no t in font nullfont!
Missing character: There is no a in font nullfont!
Missing character: There is no m in font nullfont!
Missing character: There is no o in font nullfont!
Missing character: There is no s in font nullfont!
Missing character: There is no q in font nullfont!
Missing character: There is no u in font nullfont!
Missing character: There is no e in font nullfont!
Missing character: There is no , in font nullfont!
Missing character: There is no c in font nullfont!
Missing character: There is no o in font nullfont!
Missing character: There is no m in font nullfont!
Missing character: There is no o in font nullfont!
Missing character: There is no l in font nullfont!
Missing character: There is no a in font nullfont!
Missing character: There is no c in font nullfont!
Missing character: There is no o in font nullfont!
Missing character: There is no n in font nullfont!
Missing character: There is no v in font nullfont!
Missing character: There is no o in font nullfont!
Missing character: There is no l in font nullfont!
Missing character: There is no u in font nullfont!
Missing character: There is no c in font nullfont!
Missing character: There is no i in font nullfont!
Missing character: There is no n in font nullfont!
Missing character: There is no e in font nullfont!
Missing character: There is no s in font nullfont!
Missing character: There is no c in font nullfont!
Missing character: There is no o in font nullfont!
Missing character: There is no n in font nullfont!
Missing character: There is no m in font nullfont!
Missing character: There is no u in font nullfont!
Missing character: There is no t in font nullfont!
Missing character: There is no a in font nullfont!
Missing character: There is no t in font nullfont!
Missing character: There is no i in font nullfont!
Missing character: There is no v in font nullfont!
Missing character: There is no a in font nullfont!
Missing character: There is no , in font nullfont!
Missing character: There is no e in font nullfont!
Missing character: There is no n in font nullfont!
Missing character: There is no t in font nullfont!
Missing character: There is no o in font nullfont!
Missing character: There is no n in font nullfont!
Missing character: There is no c in font nullfont!
Missing character: There is no e in font nullfont!
Missing character: There is no s in font nullfont!
Missing character: There is no l in font nullfont!
Missing character: There is no a in font nullfont!
Missing character: There is no d in font nullfont!
Missing character: There is no e in font nullfont!
Missing character: There is no f in font nullfont!
Missing character: There is no i in font nullfont!
Missing character: There is no n in font nullfont!
Missing character: There is no i in font nullfont!
Missing character: There is no c in font nullfont!
Missing character: There is no i in font nullfont!
Missing character: There is no n in font nullfont!
Missing character: There is no a in font nullfont!
Missing character: There is no n in font nullfont!
Missing character: There is no t in font nullfont!
Missing character: There is no e in font nullfont!
Missing character: There is no r in font nullfont!
Missing character: There is no i in font nullfont!
Missing character: There is no o in font nullfont!
Missing character: There is no r in font nullfont!
Missing character: There is no p in font nullfont!
Missing character: There is no u in font nullfont!
Missing character: There is no e in font nullfont!
Missing character: There is no d in font nullfont!
Missing character: There is no e in font nullfont!
Missing character: There is no r in font nullfont!
Missing character: There is no e in font nullfont!
Missing character: There is no e in font nullfont!
Missing character: There is no s in font nullfont!
Missing character: There is no c in font nullfont!
Missing character: There is no r in font nullfont!
Missing character: There is no i in font nullfont!
Missing character: There is no b in font nullfont!
Missing character: There is no i in font nullfont!
Missing character: There is no r in font nullfont!
Missing character: There is no s in font nullfont!
Missing character: There is no e in font nullfont!
Missing character: There is no d in font nullfont!
Missing character: There is no e in font nullfont!
Missing character: There is no t in font nullfont!
Missing character: There is no a in font nullfont!
Missing character: There is no l in font nullfont!
Missing character: There is no f in font nullfont!
Missing character: There is no o in font nullfont!
Missing character: There is no r in font nullfont!
Missing character: There is no m in font nullfont!
Missing character: There is no a in font nullfont!
Missing character: There is no q in font nullfont!
Missing character: There is no u in font nullfont!
Missing character: There is no e in font nullfont!
Missing character: There is no : in font nullfont!

Overfull \hbox (5.00002pt too wide) in paragraph at lines 318--321
     \/cmr/m/n/10 ^^So
 []


Overfull \hbox (5.00002pt too wide) in paragraph at lines 318--321
\/cmr/m/n/10 ^^So
 []


Overfull \hbox (221.55482pt too wide) detected at line 323
\OT1/cmr/bx/n/10 S\/cmr/m/n/10 (\OML/cmm/m/it/10 i; j\/cmr/m/n/10 ) = (\OT1/cmr
/bx/n/10 K \OMS/cmsy/m/n/10 ^^C \OT1/cmr/bx/n/10 I\/cmr/m/n/10 )(\OML/cmm/m/it/
10 i; j\/cmr/m/n/10 ) = [] [] \OT1/cmr/bx/n/10 I\/cmr/m/n/10 (\OML/cmm/m/it/10 
i \OMS/cmsy/m/n/10 ^^@ \OML/cmm/m/it/10 m:j \OMS/cmsy/m/n/10 ^^@ \OML/cmm/m/it/
10 n\/cmr/m/n/10 )\OT1/cmr/bx/n/10 K\/cmr/m/n/10 (\OML/cmm/m/it/10 m; n\/cmr/m/
n/10 )
 []


! LaTeX Error: \begin{document} ended by \end{observation}.

See the LaTeX manual or LaTeX Companion for explanation.
Type  H <return>  for immediate help.
 ...                                              
                                                  
l.324 \end{observation}
                       
Your command was ignored.
Type  I <command> <return>  to replace it with another command,
or  <return>  to continue without it.


! LaTeX Error: \begin{document} ended by \end{definition}.

See the LaTeX manual or LaTeX Companion for explanation.
Type  H <return>  for immediate help.
 ...                                              
                                                  
l.326 \end{definition}
                      
Your command was ignored.
Type  I <command> <return>  to replace it with another command,
or  <return>  to continue without it.


! LaTeX Error: Environment definition undefined.

See the LaTeX manual or LaTeX Companion for explanation.
Type  H <return>  for immediate help.
 ...                                              
                                                  
l.327 \begin{definition}
                        [Kernel (Filtro)]
Your command was ignored.
Type  I <command> <return>  to replace it with another command,
or  <return>  to continue without it.

Missing character: There is no [ in font nullfont!
Missing character: There is no K in font nullfont!
Missing character: There is no e in font nullfont!
Missing character: There is no r in font nullfont!
Missing character: There is no n in font nullfont!
Missing character: There is no e in font nullfont!
Missing character: There is no l in font nullfont!
Missing character: There is no ( in font nullfont!
Missing character: There is no F in font nullfont!
Missing character: There is no i in font nullfont!
Missing character: There is no l in font nullfont!
Missing character: There is no t in font nullfont!
Missing character: There is no r in font nullfont!
Missing character: There is no o in font nullfont!
Missing character: There is no ) in font nullfont!
Missing character: There is no ] in font nullfont!
Missing character: There is no S in font nullfont!
Missing character: There is no e in font nullfont!
Missing character: There is no a in font nullfont!
! Undefined control sequence.
l.328 Sea $\mathbf{X} \in \mathbb
                                 {R}^{m\times n}$ un conjunto de datos de en...
The control sequence at the end of the top line
of your error message was never \def'ed. If you have
misspelled it (e.g., `\hobx'), type `I' and the correct
spelling (e.g., `I\hbox'). Otherwise just continue,
and I'll forget about whatever was undefined.

Missing character: There is no u in font nullfont!
Missing character: There is no n in font nullfont!
Missing character: There is no c in font nullfont!
Missing character: There is no o in font nullfont!
Missing character: There is no n in font nullfont!
Missing character: There is no j in font nullfont!
Missing character: There is no u in font nullfont!
Missing character: There is no n in font nullfont!
Missing character: There is no t in font nullfont!
Missing character: There is no o in font nullfont!
Missing character: There is no d in font nullfont!
Missing character: There is no e in font nullfont!
Missing character: There is no d in font nullfont!
Missing character: There is no a in font nullfont!
Missing character: There is no t in font nullfont!
Missing character: There is no o in font nullfont!
Missing character: There is no s in font nullfont!
Missing character: There is no d in font nullfont!
Missing character: There is no e in font nullfont!
Missing character: There is no e in font nullfont!
Missing character: There is no n in font nullfont!
Missing character: There is no t in font nullfont!
Missing character: There is no r in font nullfont!
Missing character: There is no a in font nullfont!
Missing character: There is no d in font nullfont!
Missing character: There is no a in font nullfont!
Missing character: There is no . in font nullfont!
Missing character: There is no E in font nullfont!
Missing character: There is no l in font nullfont!
Missing character: There is no k in font nullfont!
Missing character: There is no e in font nullfont!
Missing character: There is no r in font nullfont!
Missing character: There is no n in font nullfont!
Missing character: There is no e in font nullfont!
Missing character: There is no l in font nullfont!
Missing character: There is no ( in font nullfont!
Missing character: There is no o in font nullfont!
Missing character: There is no f in font nullfont!
Missing character: There is no i in font nullfont!
Missing character: There is no l in font nullfont!
Missing character: There is no t in font nullfont!
Missing character: There is no r in font nullfont!
Missing character: There is no o in font nullfont!
Missing character: There is no ) in font nullfont!
Missing character: There is no e in font nullfont!
Missing character: There is no s in font nullfont!
Missing character: There is no u in font nullfont!
Missing character: There is no n in font nullfont!
Missing character: There is no a in font nullfont!
Missing character: There is no m in font nullfont!
Missing character: There is no a in font nullfont!
Missing character: There is no t in font nullfont!
Missing character: There is no r in font nullfont!
Missing character: There is no i in font nullfont!
Missing character: There is no z in font nullfont!
Missing character: There is no d in font nullfont!
Missing character: There is no e in font nullfont!
Missing character: There is no p in font nullfont!
Missing character: There is no e in font nullfont!
Missing character: There is no s in font nullfont!
Missing character: There is no o in font nullfont!
Missing character: There is no s in font nullfont!
Missing character: There is no d in font nullfont!
Missing character: There is no e in font nullfont!
Missing character: There is no t in font nullfont!
Missing character: There is no a in font nullfont!
Missing character: There is no m in font nullfont!
Missing character: There is no a in font nullfont!
Missing character: There is no o in font nullfont!
Missing character: There is no d in font nullfont!
Missing character: There is no o in font nullfont!
Missing character: There is no n in font nullfont!
Missing character: There is no d in font nullfont!
Missing character: There is no e in font nullfont!
Missing character: There is no . in font nullfont!
Missing character: There is no T in font nullfont!
Missing character: There is no a in font nullfont!
Missing character: There is no l in font nullfont!
Missing character: There is no q in font nullfont!
Missing character: There is no u in font nullfont!
Missing character: There is no e in font nullfont!
Missing character: There is no a in font nullfont!
Missing character: There is no c in font nullfont!
Missing character: There is no t in font nullfont!
Missing character: There is no a in font nullfont!
Missing character: There is no s in font nullfont!
Missing character: There is no o in font nullfont!
Missing character: There is no b in font nullfont!
Missing character: There is no r in font nullfont!
Missing character: There is no e in font nullfont!
Missing character: There is no l in font nullfont!
Missing character: There is no a in font nullfont!
Missing character: There is no e in font nullfont!
Missing character: There is no n in font nullfont!
Missing character: There is no t in font nullfont!
Missing character: There is no r in font nullfont!
Missing character: There is no a in font nullfont!
Missing character: There is no d in font nullfont!
Missing character: There is no a in font nullfont!
Missing character: There is no m in font nullfont!
Missing character: There is no e in font nullfont!
Missing character: There is no d in font nullfont!
Missing character: There is no i in font nullfont!
Missing character: There is no a in font nullfont!
Missing character: There is no n in font nullfont!
Missing character: There is no t in font nullfont!
Missing character: There is no e in font nullfont!
Missing character: There is no u in font nullfont!
Missing character: There is no n in font nullfont!
Missing character: There is no a in font nullfont!
Missing character: There is no c in font nullfont!
Missing character: There is no o in font nullfont!
Missing character: There is no n in font nullfont!
Missing character: There is no v in font nullfont!
Missing character: There is no o in font nullfont!
Missing character: There is no l in font nullfont!
Missing character: There is no u in font nullfont!
Missing character: There is no c in font nullfont!
Missing character: There is no i in font nullfont!
Missing character: There is no n in font nullfont!
Missing character: There is no , in font nullfont!
Missing character: There is no e in font nullfont!
Missing character: There is no s in font nullfont!
Missing character: There is no d in font nullfont!
Missing character: There is no e in font nullfont!
Missing character: There is no c in font nullfont!
Missing character: There is no i in font nullfont!
Missing character: There is no r in font nullfont!
Missing character: There is no : in font nullfont!

Overfull \hbox (20.0pt too wide) in paragraph at lines 327--329
[]
 []


Overfull \hbox (18.1388pt too wide) in paragraph at lines 327--329
\OT1/cmr/bx/n/10 X \OMS/cmsy/m/n/10 2
 []


Overfull \hbox (26.45961pt too wide) in paragraph at lines 327--329
\OML/cmm/m/it/10 R[]$
 []


Overfull \hbox (9.01384pt too wide) in paragraph at lines 327--329
\OT1/cmr/bx/n/10 K$
 []


Overfull \hbox (5.55557pt too wide) in paragraph at lines 327--329
\/cmr/m/n/10 ~n
 []


Overfull \hbox (13.53938pt too wide) in paragraph at lines 327--329
\OML/cmm/m/it/10 h \OMS/cmsy/m/n/10 ^^B
 []


Overfull \hbox (7.42825pt too wide) in paragraph at lines 327--329
\OML/cmm/m/it/10 w$
 []


Overfull \hbox (19.33565pt too wide) in paragraph at lines 327--329
\OML/cmm/m/it/10 m \OMS/cmsy/m/n/10 ^^U
 []


Overfull \hbox (26.76385pt too wide) in paragraph at lines 327--329
\OML/cmm/m/it/10 h; n \OMS/cmsy/m/n/10 ^^U
 []


Overfull \hbox (7.42825pt too wide) in paragraph at lines 327--329
\OML/cmm/m/it/10 w$
 []


Overfull \hbox (5.55557pt too wide) in paragraph at lines 327--329
\/cmr/m/n/10 ^^Su
 []


Overfull \hbox (8.6944pt too wide) in paragraph at lines 327--329
\OT1/cmr/bx/n/10 X$
 []


Overfull \hbox (5.00002pt too wide) in paragraph at lines 327--329
\/cmr/m/n/10 ^^So
 []


Overfull \hbox (210.06863pt too wide) detected at line 331
\/cmr/m/n/10 (\OT1/cmr/bx/n/10 K \OMS/cmsy/m/n/10 ^^C \OT1/cmr/bx/n/10 X\/cmr/m
/n/10 )(\OML/cmm/m/it/10 i; j\/cmr/m/n/10 ) = [] [] \OT1/cmr/bx/n/10 X\/cmr/m/n
/10 (\OML/cmm/m/it/10 i \/cmr/m/n/10 + \OML/cmm/m/it/10 u \OMS/cmsy/m/n/10 ^^@ 
\/cmr/m/n/10 1\OML/cmm/m/it/10 ; j \/cmr/m/n/10 + \OML/cmm/m/it/10 v \OMS/cmsy/
m/n/10 ^^@ \/cmr/m/n/10 1)\OT1/cmr/bx/n/10 K\/cmr/m/n/10 (\OML/cmm/m/it/10 u; v
\/cmr/m/n/10 )
 []

Missing character: There is no D in font nullfont!
Missing character: There is no o in font nullfont!
Missing character: There is no n in font nullfont!
Missing character: There is no d in font nullfont!
Missing character: There is no e in font nullfont!
Missing character: There is no s in font nullfont!
Missing character: There is no e in font nullfont!
Missing character: There is no i in font nullfont!
Missing character: There is no n in font nullfont!
Missing character: There is no t in font nullfont!
Missing character: There is no r in font nullfont!
Missing character: There is no o in font nullfont!
Missing character: There is no d in font nullfont!
Missing character: There is no u in font nullfont!
Missing character: There is no c in font nullfont!
Missing character: There is no e in font nullfont!
Missing character: There is no e in font nullfont!
Missing character: There is no l in font nullfont!
Missing character: There is no t in font nullfont!
Missing character: There is no r in font nullfont!
Missing character: There is no m in font nullfont!
Missing character: There is no i in font nullfont!
Missing character: There is no n in font nullfont!
Missing character: There is no o in font nullfont!
Missing character: There is no - in font nullfont!
Missing character: There is no 1 in font nullfont!
Missing character: There is no p in font nullfont!
Missing character: There is no a in font nullfont!
Missing character: There is no r in font nullfont!
Missing character: There is no a in font nullfont!
Missing character: There is no a in font nullfont!
Missing character: There is no l in font nullfont!
Missing character: There is no i in font nullfont!
Missing character: There is no n in font nullfont!
Missing character: There is no e in font nullfont!
Missing character: There is no a in font nullfont!
Missing character: There is no r in font nullfont!
Missing character: There is no e in font nullfont!
Missing character: There is no l in font nullfont!
Missing character: There is no k in font nullfont!
Missing character: There is no e in font nullfont!
Missing character: There is no r in font nullfont!
Missing character: There is no n in font nullfont!
Missing character: There is no e in font nullfont!
Missing character: There is no l in font nullfont!
Missing character: There is no c in font nullfont!
Missing character: There is no o in font nullfont!
Missing character: There is no n in font nullfont!
Missing character: There is no l in font nullfont!
Missing character: There is no a in font nullfont!
Missing character: There is no e in font nullfont!
Missing character: There is no n in font nullfont!
Missing character: There is no t in font nullfont!
Missing character: There is no r in font nullfont!
Missing character: There is no a in font nullfont!
Missing character: There is no d in font nullfont!
Missing character: There is no a in font nullfont!
Missing character: There is no d in font nullfont!
Missing character: There is no e in font nullfont!
Missing character: There is no m in font nullfont!
Missing character: There is no a in font nullfont!
Missing character: There is no n in font nullfont!
Missing character: There is no e in font nullfont!
Missing character: There is no r in font nullfont!
Missing character: There is no a in font nullfont!
Missing character: There is no q in font nullfont!
Missing character: There is no u in font nullfont!
Missing character: There is no e in font nullfont!
Missing character: There is no e in font nullfont!
Missing character: There is no s in font nullfont!
Missing character: There is no t in font nullfont!
Missing character: There is no e in font nullfont!
Missing character: There is no q in font nullfont!
Missing character: There is no u in font nullfont!
Missing character: There is no e in font nullfont!
Missing character: There is no d in font nullfont!
Missing character: There is no e in font nullfont!
Missing character: There is no c in font nullfont!
Missing character: There is no e in font nullfont!
Missing character: There is no n in font nullfont!
Missing character: There is no t in font nullfont!
Missing character: There is no r in font nullfont!
Missing character: There is no a in font nullfont!
Missing character: There is no d in font nullfont!
Missing character: There is no o in font nullfont!
Missing character: There is no . in font nullfont!

! LaTeX Error: \begin{document} ended by \end{definition}.

See the LaTeX manual or LaTeX Companion for explanation.
Type  H <return>  for immediate help.
 ...                                              
                                                  
l.333 \end{definition}
                      
Your command was ignored.
Type  I <command> <return>  to replace it with another command,
or  <return>  to continue without it.


Overfull \hbox (4.44444pt too wide) in paragraph at lines 331--334
    \/cmr/m/n/10 ^^Se
 []


Overfull \hbox (20.0pt too wide) in paragraph at lines 335--335
[] 
 []

! Undefined control sequence.
l.336 \includegraphics
                      [scale=0.6]{img/conv_illustration.png}
The control sequence at the end of the top line
of your error message was never \def'ed. If you have
misspelled it (e.g., `\hobx'), type `I' and the correct
spelling (e.g., `I\hbox'). Otherwise just continue,
and I'll forget about whatever was undefined.

Missing character: There is no [ in font nullfont!
Missing character: There is no s in font nullfont!
Missing character: There is no c in font nullfont!
Missing character: There is no a in font nullfont!
Missing character: There is no l in font nullfont!
Missing character: There is no e in font nullfont!
Missing character: There is no = in font nullfont!
Missing character: There is no 0 in font nullfont!
Missing character: There is no . in font nullfont!
Missing character: There is no 6 in font nullfont!
Missing character: There is no ] in font nullfont!
Missing character: There is no i in font nullfont!
Missing character: There is no m in font nullfont!
Missing character: There is no g in font nullfont!
Missing character: There is no / in font nullfont!
Missing character: There is no c in font nullfont!
Missing character: There is no o in font nullfont!
Missing character: There is no n in font nullfont!
Missing character: There is no v in font nullfont!
! Missing $ inserted.
<inserted text> 
                $
l.336 \includegraphics[scale=0.6]{img/conv_
                                           illustration.png}
I've inserted a begin-math/end-math symbol since I think
you left one out. Proceed, with fingers crossed.

! Extra }, or forgotten $.
l.336 ...ics[scale=0.6]{img/conv_illustration.png}
                                                  
I've deleted a group-closing symbol because it seems to be
spurious, as in `$x}$'. But perhaps the } is legitimate and
you forgot something else, as in `\hbox{$x}'. In such cases
the way to recover is to insert both the forgotten and the
deleted material, e.g., by typing `I$}'.

! Missing $ inserted.
<inserted text> 
                $
l.337 
      
I've inserted a begin-math/end-math symbol since I think
you left one out. Proceed, with fingers crossed.

! Missing } inserted.
<inserted text> 
                }
l.337 
      
I've inserted something that you may have forgotten.
(See the <inserted text> above.)
With luck, this will get me unwedged. But if you
really didn't forget anything, try typing `2' now; then
my insertion and my current dilemma will both disappear.


Overfull \hbox (70.63455pt too wide) in paragraph at lines 336--337
 []\OML/cmm/m/it/10 llustration:png[]$ 
 []

Missing character: There is no A in font nullfont!
Missing character: There is no c in font nullfont!
Missing character: There is no o in font nullfont!
Missing character: There is no n in font nullfont!
Missing character: There is no t in font nullfont!
Missing character: There is no i in font nullfont!
Missing character: There is no n in font nullfont!
Missing character: There is no u in font nullfont!
Missing character: There is no a in font nullfont!
Missing character: There is no c in font nullfont!
Missing character: There is no i in font nullfont!
Missing character: There is no n in font nullfont!
Missing character: There is no , in font nullfont!
Missing character: There is no e in font nullfont!
Missing character: There is no n in font nullfont!
Missing character: There is no u in font nullfont!
Missing character: There is no n in font nullfont!
Missing character: There is no c in font nullfont!
Missing character: There is no i in font nullfont!
Missing character: There is no a in font nullfont!
Missing character: There is no r in font nullfont!
Missing character: There is no e in font nullfont!
Missing character: There is no m in font nullfont!
Missing character: There is no o in font nullfont!
Missing character: There is no s in font nullfont!
Missing character: There is no a in font nullfont!
Missing character: There is no l in font nullfont!
Missing character: There is no g in font nullfont!
Missing character: There is no u in font nullfont!
Missing character: There is no n in font nullfont!
Missing character: There is no a in font nullfont!
Missing character: There is no s in font nullfont!
Missing character: There is no p in font nullfont!
Missing character: There is no r in font nullfont!
Missing character: There is no o in font nullfont!
Missing character: There is no p in font nullfont!
Missing character: There is no i in font nullfont!
Missing character: There is no e in font nullfont!
Missing character: There is no d in font nullfont!
Missing character: There is no a in font nullfont!
Missing character: There is no s in font nullfont!
Missing character: There is no c in font nullfont!
Missing character: There is no l in font nullfont!
Missing character: There is no a in font nullfont!
Missing character: There is no v in font nullfont!
Missing character: There is no e in font nullfont!
Missing character: There is no d in font nullfont!
Missing character: There is no e in font nullfont!
Missing character: There is no l in font nullfont!
Missing character: There is no o in font nullfont!
Missing character: There is no s in font nullfont!
Missing character: There is no f in font nullfont!
Missing character: There is no i in font nullfont!
Missing character: There is no l in font nullfont!
Missing character: There is no t in font nullfont!
Missing character: There is no r in font nullfont!
Missing character: There is no o in font nullfont!
Missing character: There is no s in font nullfont!
Missing character: There is no . in font nullfont!

! LaTeX Error: Environment definition undefined.

See the LaTeX manual or LaTeX Companion for explanation.
Type  H <return>  for immediate help.
 ...                                              
                                                  
l.342 \begin{definition}
                        [Propiedades del kernel]
Your command was ignored.
Type  I <command> <return>  to replace it with another command,
or  <return>  to continue without it.

Missing character: There is no [ in font nullfont!
Missing character: There is no P in font nullfont!
Missing character: There is no r in font nullfont!
Missing character: There is no o in font nullfont!
Missing character: There is no p in font nullfont!
Missing character: There is no i in font nullfont!
Missing character: There is no e in font nullfont!
Missing character: There is no d in font nullfont!
Missing character: There is no a in font nullfont!
Missing character: There is no d in font nullfont!
Missing character: There is no e in font nullfont!
Missing character: There is no s in font nullfont!
Missing character: There is no d in font nullfont!
Missing character: There is no e in font nullfont!
Missing character: There is no l in font nullfont!
Missing character: There is no k in font nullfont!
Missing character: There is no e in font nullfont!
Missing character: There is no r in font nullfont!
Missing character: There is no n in font nullfont!
Missing character: There is no e in font nullfont!
Missing character: There is no l in font nullfont!
Missing character: There is no ] in font nullfont!
Missing character: There is no S in font nullfont!
Missing character: There is no e in font nullfont!
Missing character: There is no a in font nullfont!
Missing character: There is no u in font nullfont!
Missing character: There is no n in font nullfont!
Missing character: There is no f in font nullfont!
Missing character: There is no i in font nullfont!
Missing character: There is no l in font nullfont!
Missing character: There is no t in font nullfont!
Missing character: There is no r in font nullfont!
Missing character: There is no o in font nullfont!
Missing character: There is no d in font nullfont!
Missing character: There is no e in font nullfont!
Missing character: There is no d in font nullfont!
Missing character: There is no i in font nullfont!
Missing character: There is no m in font nullfont!
Missing character: There is no e in font nullfont!
Missing character: There is no n in font nullfont!
Missing character: There is no s in font nullfont!
Missing character: There is no i in font nullfont!
Missing character: There is no o in font nullfont!
Missing character: There is no n in font nullfont!
Missing character: There is no e in font nullfont!
Missing character: There is no s in font nullfont!
Missing character: There is no . in font nullfont!

Overfull \hbox (20.0pt too wide) in paragraph at lines 341--344
[]
 []


Overfull \hbox (5.00002pt too wide) in paragraph at lines 341--344
\/cmr/m/n/10 ^^So
 []


Overfull \hbox (9.01384pt too wide) in paragraph at lines 341--344
\OT1/cmr/bx/n/10 K$
 []


Overfull \hbox (13.53938pt too wide) in paragraph at lines 341--344
\OML/cmm/m/it/10 h \OMS/cmsy/m/n/10 ^^B
 []


Overfull \hbox (7.42825pt too wide) in paragraph at lines 341--344
\OML/cmm/m/it/10 w$ 
 []

Missing character: There is no L in font nullfont!
Missing character: There is no a in font nullfont!
Missing character: There is no d in font nullfont!
Missing character: There is no i in font nullfont!
Missing character: There is no m in font nullfont!
Missing character: There is no e in font nullfont!
Missing character: There is no n in font nullfont!
Missing character: There is no s in font nullfont!
Missing character: There is no i in font nullfont!
Missing character: There is no n in font nullfont!
Missing character: There is no d in font nullfont!
Missing character: There is no e in font nullfont!
Missing character: There is no l in font nullfont!
Missing character: There is no k in font nullfont!
Missing character: There is no e in font nullfont!
Missing character: There is no r in font nullfont!
Missing character: There is no n in font nullfont!
Missing character: There is no e in font nullfont!
Missing character: There is no l in font nullfont!
Missing character: There is no e in font nullfont!
Missing character: There is no s in font nullfont!
Missing character: There is no t in font nullfont!
Missing character: There is no d in font nullfont!
Missing character: There is no a in font nullfont!
Missing character: There is no d in font nullfont!
Missing character: There is no o in font nullfont!
Missing character: There is no p in font nullfont!
Missing character: There is no o in font nullfont!
Missing character: There is no r in font nullfont!
Missing character: There is no : in font nullfont!

Overfull \hbox (53.1261pt too wide) in paragraph at lines 345--347
\OT1/cmr/bx/n/10 Dimensi^^Son
 []


Overfull \hbox (5.00002pt too wide) in paragraph at lines 345--347
\/cmr/m/n/10 ^^So
 []


Overfull \hbox (5.00002pt too wide) in paragraph at lines 345--347
\/cmr/m/n/10 ^^Sa
 []


Overfull \hbox (68.52263pt too wide) detected at line 347
\OML/cmm/m/it/10 dim\/cmr/m/n/10 (\OT1/cmr/bx/n/10 K\/cmr/m/n/10 ) = \OML/cmm/m
/it/10 h \OMS/cmsy/m/n/10 ^^B \OML/cmm/m/it/10 w
 []

Missing character: There is no U in font nullfont!
Missing character: There is no n in font nullfont!
Missing character: There is no k in font nullfont!
Missing character: There is no e in font nullfont!
Missing character: There is no r in font nullfont!
Missing character: There is no n in font nullfont!
Missing character: There is no e in font nullfont!
Missing character: There is no l in font nullfont!
Missing character: There is no e in font nullfont!
Missing character: There is no s in font nullfont!
Missing character: There is no s in font nullfont!
Missing character: There is no i in font nullfont!
Missing character: There is no m in font nullfont!
Missing character: There is no t in font nullfont!
Missing character: There is no r in font nullfont!
Missing character: There is no i in font nullfont!
Missing character: There is no c in font nullfont!
Missing character: There is no o in font nullfont!
Missing character: There is no s in font nullfont!
Missing character: There is no i in font nullfont!
Missing character: There is no s in font nullfont!
Missing character: There is no a in font nullfont!
Missing character: There is no t in font nullfont!
Missing character: There is no i in font nullfont!
Missing character: There is no s in font nullfont!
Missing character: There is no f in font nullfont!
Missing character: There is no a in font nullfont!
Missing character: There is no c in font nullfont!
Missing character: There is no e in font nullfont!
Missing character: There is no : in font nullfont!

Overfull \hbox (42.43033pt too wide) in paragraph at lines 348--350
\OT1/cmr/bx/n/10 Simetr^^S^^Pa
 []


Overfull \hbox (4.44444pt too wide) in paragraph at lines 348--350
\/cmr/m/n/10 ^^Se
 []


Overfull \hbox (256.71092pt too wide) detected at line 352
\OT1/cmr/bx/n/10 K\/cmr/m/n/10 (\OML/cmm/m/it/10 i; j\/cmr/m/n/10 ) = \OT1/cmr/
bx/n/10 K\/cmr/m/n/10 (\OML/cmm/m/it/10 h \OMS/cmsy/m/n/10 ^^@ \OML/cmm/m/it/10
 i; w \OMS/cmsy/m/n/10 ^^@ \OML/cmm/m/it/10 j\/cmr/m/n/10 ) \OMS/cmsy/m/n/10 8 
\OML/cmm/m/it/10 i; j \OMS/cmsy/m/n/10 2 f\/cmr/m/n/10 0\OML/cmm/m/it/10 ; [] ;
 h\OMS/cmsy/m/n/10 g\OML/cmm/m/it/10 ; \OMS/cmsy/m/n/10 f\/cmr/m/n/10 0\OML/cmm
/m/it/10 ; [] ; w\OMS/cmsy/m/n/10 g
 []

Missing character: There is no S in font nullfont!
Missing character: There is no e in font nullfont!
Missing character: There is no d in font nullfont!
Missing character: There is no i in font nullfont!
Missing character: There is no c in font nullfont!
Missing character: There is no e in font nullfont!
Missing character: There is no q in font nullfont!
Missing character: There is no u in font nullfont!
Missing character: There is no e in font nullfont!
Missing character: There is no u in font nullfont!
Missing character: There is no n in font nullfont!
Missing character: There is no k in font nullfont!
Missing character: There is no e in font nullfont!
Missing character: There is no r in font nullfont!
Missing character: There is no n in font nullfont!
Missing character: There is no e in font nullfont!
Missing character: There is no l in font nullfont!
Missing character: There is no e in font nullfont!
Missing character: There is no s in font nullfont!
Missing character: There is no t in font nullfont!
Missing character: There is no n in font nullfont!
Missing character: There is no o in font nullfont!
Missing character: There is no r in font nullfont!
Missing character: There is no m in font nullfont!
Missing character: There is no a in font nullfont!
Missing character: There is no l in font nullfont!
Missing character: There is no i in font nullfont!
Missing character: There is no z in font nullfont!
Missing character: There is no a in font nullfont!
Missing character: There is no d in font nullfont!
Missing character: There is no o in font nullfont!
Missing character: There is no s in font nullfont!
Missing character: There is no i in font nullfont!
Missing character: There is no : in font nullfont!

Overfull \hbox (72.19403pt too wide) in paragraph at lines 353--355
\OT1/cmr/bx/n/10 Normalizaci^^Son
 []


Overfull \hbox (5.00002pt too wide) in paragraph at lines 353--355
\/cmr/m/n/10 ^^Sa
 []


Overfull \hbox (79.92711pt too wide) detected at line 357
[] [] \OT1/cmr/bx/n/10 K\/cmr/m/n/10 (\OML/cmm/m/it/10 i; j\/cmr/m/n/10 ) = 1
 []


! LaTeX Error: \begin{document} ended by \end{definition}.

See the LaTeX manual or LaTeX Companion for explanation.
Type  H <return>  for immediate help.
 ...                                              
                                                  
l.360 \end{definition}
                      
Your command was ignored.
Type  I <command> <return>  to replace it with another command,
or  <return>  to continue without it.


! LaTeX Error: Environment definition undefined.

See the LaTeX manual or LaTeX Companion for explanation.
Type  H <return>  for immediate help.
 ...                                              
                                                  
l.362 \begin{definition}
                        [Mapa de caracter^^c3^^adsticas]
Your command was ignored.
Type  I <command> <return>  to replace it with another command,
or  <return>  to continue without it.

Missing character: There is no [ in font nullfont!
Missing character: There is no M in font nullfont!
Missing character: There is no a in font nullfont!
Missing character: There is no p in font nullfont!
Missing character: There is no a in font nullfont!
Missing character: There is no d in font nullfont!
Missing character: There is no e in font nullfont!
Missing character: There is no c in font nullfont!
Missing character: There is no a in font nullfont!
Missing character: There is no r in font nullfont!
Missing character: There is no a in font nullfont!
Missing character: There is no c in font nullfont!
Missing character: There is no t in font nullfont!
Missing character: There is no e in font nullfont!
Missing character: There is no r in font nullfont!
Missing character: There is no s in font nullfont!
Missing character: There is no t in font nullfont!
Missing character: There is no i in font nullfont!
Missing character: There is no c in font nullfont!
Missing character: There is no a in font nullfont!
Missing character: There is no s in font nullfont!
Missing character: There is no ] in font nullfont!
Missing character: There is no S in font nullfont!
Missing character: There is no e in font nullfont!
Missing character: There is no a in font nullfont!
Missing character: There is no u in font nullfont!
Missing character: There is no n in font nullfont!
Missing character: There is no t in font nullfont!
Missing character: There is no e in font nullfont!
Missing character: There is no n in font nullfont!
Missing character: There is no s in font nullfont!
Missing character: There is no o in font nullfont!
Missing character: There is no r in font nullfont!
Missing character: There is no d in font nullfont!
Missing character: There is no e in font nullfont!
Missing character: There is no e in font nullfont!
Missing character: There is no n in font nullfont!
Missing character: There is no t in font nullfont!
Missing character: There is no r in font nullfont!
Missing character: There is no a in font nullfont!
Missing character: There is no d in font nullfont!
Missing character: There is no a in font nullfont!
Missing character: There is no , in font nullfont!
Missing character: There is no e in font nullfont!
Missing character: There is no l in font nullfont!
Missing character: There is no k in font nullfont!
Missing character: There is no e in font nullfont!
Missing character: There is no r in font nullfont!
Missing character: There is no n in font nullfont!
Missing character: There is no e in font nullfont!
Missing character: There is no l in font nullfont!
Missing character: There is no , in font nullfont!
Missing character: There is no e in font nullfont!
Missing character: There is no l in font nullfont!
Missing character: There is no m in font nullfont!
Missing character: There is no a in font nullfont!
Missing character: There is no p in font nullfont!
Missing character: There is no a in font nullfont!
Missing character: There is no d in font nullfont!
Missing character: There is no e in font nullfont!
Missing character: There is no c in font nullfont!
Missing character: There is no a in font nullfont!
Missing character: There is no r in font nullfont!
Missing character: There is no a in font nullfont!
Missing character: There is no c in font nullfont!
Missing character: There is no t in font nullfont!
Missing character: There is no e in font nullfont!
Missing character: There is no r in font nullfont!
Missing character: There is no s in font nullfont!
Missing character: There is no t in font nullfont!
Missing character: There is no i in font nullfont!
Missing character: There is no c in font nullfont!
Missing character: There is no a in font nullfont!
Missing character: There is no s in font nullfont!
Missing character: There is no e in font nullfont!
Missing character: There is no s in font nullfont!
Missing character: There is no t in font nullfont!
Missing character: There is no d in font nullfont!
Missing character: There is no a in font nullfont!
Missing character: There is no d in font nullfont!
Missing character: There is no o in font nullfont!
Missing character: There is no p in font nullfont!
Missing character: There is no o in font nullfont!
Missing character: There is no r in font nullfont!
Missing character: There is no : in font nullfont!

Overfull \hbox (20.0pt too wide) in paragraph at lines 362--364
[]
 []


Overfull \hbox (2.77779pt too wide) in paragraph at lines 362--364
\/cmr/m/n/10 ^^S^^P
 []


Overfull \hbox (4.36108pt too wide) in paragraph at lines 362--364
\OT1/cmr/bx/n/10 I$
 []


Overfull \hbox (9.01384pt too wide) in paragraph at lines 362--364
\OT1/cmr/bx/n/10 K$
 []


Overfull \hbox (2.77779pt too wide) in paragraph at lines 362--364
\/cmr/m/n/10 ^^S^^P
 []


Overfull \hbox (12.23608pt too wide) in paragraph at lines 362--364
\OT1/cmr/bx/n/10 F$\/cmr/m/n/10 ^^Sa
 []


Overfull \hbox (87.4377pt too wide) detected at line 366
\OT1/cmr/bx/n/10 F\/cmr/m/n/10 (\OML/cmm/m/it/10 i; j\/cmr/m/n/10 ) = (\OT1/cmr
/bx/n/10 I \OMS/cmsy/m/n/10 ^^C \OT1/cmr/bx/n/10 K\/cmr/m/n/10 )(\OML/cmm/m/it/
10 i; j\/cmr/m/n/10 )
 []


! LaTeX Error: \begin{document} ended by \end{definition}.

See the LaTeX manual or LaTeX Companion for explanation.
Type  H <return>  for immediate help.
 ...                                              
                                                  
l.369 \end{definition}
                      
Your command was ignored.
Type  I <command> <return>  to replace it with another command,
or  <return>  to continue without it.


! LaTeX Error: Environment definition undefined.

See the LaTeX manual or LaTeX Companion for explanation.
Type  H <return>  for immediate help.
 ...                                              
                                                  
l.370 \begin{definition}
                        [Stride]
Your command was ignored.
Type  I <command> <return>  to replace it with another command,
or  <return>  to continue without it.

Missing character: There is no [ in font nullfont!
Missing character: There is no S in font nullfont!
Missing character: There is no t in font nullfont!
Missing character: There is no r in font nullfont!
Missing character: There is no i in font nullfont!
Missing character: There is no d in font nullfont!
Missing character: There is no e in font nullfont!
Missing character: There is no ] in font nullfont!
Missing character: There is no S in font nullfont!
Missing character: There is no e in font nullfont!
Missing character: There is no a in font nullfont!
Missing character: There is no u in font nullfont!
Missing character: There is no n in font nullfont!
Missing character: There is no f in font nullfont!
Missing character: There is no i in font nullfont!
Missing character: There is no l in font nullfont!
Missing character: There is no t in font nullfont!
Missing character: There is no r in font nullfont!
Missing character: There is no o in font nullfont!
Missing character: There is no d in font nullfont!
Missing character: There is no e in font nullfont!
Missing character: There is no t in font nullfont!
Missing character: There is no a in font nullfont!
Missing character: There is no m in font nullfont!
Missing character: There is no a in font nullfont!
Missing character: There is no o in font nullfont!
Missing character: There is no a in font nullfont!
Missing character: There is no p in font nullfont!
Missing character: There is no l in font nullfont!
Missing character: There is no i in font nullfont!
Missing character: There is no c in font nullfont!
Missing character: There is no a in font nullfont!
Missing character: There is no d in font nullfont!
Missing character: There is no o in font nullfont!
Missing character: There is no e in font nullfont!
Missing character: There is no n in font nullfont!
Missing character: There is no u in font nullfont!
Missing character: There is no n in font nullfont!
Missing character: There is no a in font nullfont!
Missing character: There is no e in font nullfont!
Missing character: There is no n in font nullfont!
Missing character: There is no t in font nullfont!
Missing character: There is no r in font nullfont!
Missing character: There is no a in font nullfont!
Missing character: There is no d in font nullfont!
Missing character: There is no a in font nullfont!
Missing character: There is no , in font nullfont!
Missing character: There is no e in font nullfont!
Missing character: There is no n in font nullfont!
Missing character: There is no t in font nullfont!
Missing character: There is no o in font nullfont!
Missing character: There is no n in font nullfont!
Missing character: There is no c in font nullfont!
Missing character: There is no e in font nullfont!
Missing character: There is no s in font nullfont!
Missing character: There is no e in font nullfont!
Missing character: There is no l in font nullfont!
Missing character: There is no s in font nullfont!
Missing character: There is no t in font nullfont!
Missing character: There is no r in font nullfont!
Missing character: There is no i in font nullfont!
Missing character: There is no d in font nullfont!
Missing character: There is no e in font nullfont!
Missing character: There is no p in font nullfont!
Missing character: There is no a in font nullfont!
Missing character: There is no r in font nullfont!
Missing character: There is no a in font nullfont!
Missing character: There is no c in font nullfont!
Missing character: There is no a in font nullfont!
Missing character: There is no d in font nullfont!
Missing character: There is no a in font nullfont!
Missing character: There is no e in font nullfont!
Missing character: There is no n in font nullfont!
Missing character: There is no t in font nullfont!
Missing character: There is no r in font nullfont!
Missing character: There is no a in font nullfont!
Missing character: There is no d in font nullfont!
Missing character: There is no a in font nullfont!
Missing character: There is no e in font nullfont!
Missing character: There is no s in font nullfont!
Missing character: There is no t in font nullfont!
Missing character: There is no d in font nullfont!
Missing character: There is no e in font nullfont!
Missing character: There is no t in font nullfont!
Missing character: There is no e in font nullfont!
Missing character: There is no r in font nullfont!
Missing character: There is no m in font nullfont!
Missing character: There is no i in font nullfont!
Missing character: There is no n in font nullfont!
Missing character: There is no a in font nullfont!
Missing character: There is no d in font nullfont!
Missing character: There is no o in font nullfont!
Missing character: There is no p in font nullfont!
Missing character: There is no o in font nullfont!
Missing character: There is no r in font nullfont!
Missing character: There is no : in font nullfont!

Overfull \hbox (20.0pt too wide) in paragraph at lines 370--372
[]
 []


Overfull \hbox (9.01384pt too wide) in paragraph at lines 370--372
\OT1/cmr/bx/n/10 K$
 []


Overfull \hbox (5.55557pt too wide) in paragraph at lines 370--372
\/cmr/m/n/10 ~n
 []


Overfull \hbox (13.53938pt too wide) in paragraph at lines 370--372
\OML/cmm/m/it/10 h \OMS/cmsy/m/n/10 ^^B
 []


Overfull \hbox (7.42825pt too wide) in paragraph at lines 370--372
\OML/cmm/m/it/10 w$
 []


Overfull \hbox (4.36108pt too wide) in paragraph at lines 370--372
\OT1/cmr/bx/n/10 I$
 []


Overfull \hbox (4.53607pt too wide) in paragraph at lines 370--372
\OT1/cmr/bx/n/10 s$
 []


Overfull \hbox (12.58003pt too wide) in paragraph at lines 370--372
\OML/cmm/m/it/10 i; j$
 []


Overfull \hbox (5.00002pt too wide) in paragraph at lines 370--372
\/cmr/m/n/10 ^^Sa
 []


Overfull \hbox (35.2884pt too wide) detected at line 374
\/cmr/m/n/10 (\OML/cmm/m/it/10 i \OMS/cmsy/m/n/10 ^^A \OML/cmm/m/it/10 s; j \OM
S/cmsy/m/n/10 ^^A \OML/cmm/m/it/10 s\/cmr/m/n/10 )
 []

Missing character: There is no p in font nullfont!
Missing character: There is no o in font nullfont!
Missing character: There is no r in font nullfont!
Missing character: There is no l in font nullfont!
Missing character: There is no o in font nullfont!
Missing character: There is no c in font nullfont!
Missing character: There is no u in font nullfont!
Missing character: There is no a in font nullfont!
Missing character: There is no l in font nullfont!
Missing character: There is no e in font nullfont!
Missing character: There is no l in font nullfont!
Missing character: There is no m in font nullfont!
Missing character: There is no a in font nullfont!
Missing character: There is no p in font nullfont!
Missing character: There is no a in font nullfont!
Missing character: There is no d in font nullfont!
Missing character: There is no e in font nullfont!
Missing character: There is no c in font nullfont!
Missing character: There is no a in font nullfont!
Missing character: There is no r in font nullfont!
Missing character: There is no a in font nullfont!
Missing character: There is no c in font nullfont!
Missing character: There is no t in font nullfont!
Missing character: There is no e in font nullfont!
Missing character: There is no r in font nullfont!
Missing character: There is no s in font nullfont!
Missing character: There is no t in font nullfont!
Missing character: There is no i in font nullfont!
Missing character: There is no c in font nullfont!
Missing character: There is no a in font nullfont!
Missing character: There is no s in font nullfont!
Missing character: There is no q in font nullfont!
Missing character: There is no u in font nullfont!
Missing character: There is no e in font nullfont!
Missing character: There is no d in font nullfont!
Missing character: There is no a in font nullfont!
Missing character: There is no r in font nullfont!
Missing character: There is no a in font nullfont!
Missing character: There is no d in font nullfont!
Missing character: There is no e in font nullfont!
Missing character: There is no t in font nullfont!
Missing character: There is no e in font nullfont!
Missing character: There is no r in font nullfont!
Missing character: There is no m in font nullfont!
Missing character: There is no i in font nullfont!
Missing character: There is no n in font nullfont!
Missing character: There is no a in font nullfont!
Missing character: There is no d in font nullfont!
Missing character: There is no o in font nullfont!
Missing character: There is no p in font nullfont!
Missing character: There is no o in font nullfont!
Missing character: There is no r in font nullfont!
Missing character: There is no : in font nullfont!

Overfull \hbox (2.77779pt too wide) in paragraph at lines 374--375
      \/cmr/m/n/10 ^^S^^P
 []


Overfull \hbox (2.77779pt too wide) in paragraph at lines 374--375
\/cmr/m/n/10 ^^S^^P
 []


Overfull \hbox (181.86719pt too wide) detected at line 377
\OT1/cmr/bx/n/10 F\/cmr/m/n/10 (\OML/cmm/m/it/10 l; m\/cmr/m/n/10 ) = \OT1/cmr/
bx/n/10 F\/cmr/m/n/10 (\OML/cmm/m/it/10 i \OMS/cmsy/m/n/10 ^^A \OML/cmm/m/it/10
 s; j \OMS/cmsy/m/n/10 ^^A \OML/cmm/m/it/10 s\/cmr/m/n/10 ) \OML/cmm/m/it/10 l 
\/cmr/m/n/10 = \OML/cmm/m/it/10 i \OMS/cmsy/m/n/10 ^^A \OML/cmm/m/it/10 s; m \/
cmr/m/n/10 = \OML/cmm/m/it/10 j \OMS/cmsy/m/n/10 ^^A \OML/cmm/m/it/10 s
 []


! LaTeX Error: \begin{document} ended by \end{definition}.

See the LaTeX manual or LaTeX Companion for explanation.
Type  H <return>  for immediate help.
 ...                                              
                                                  
l.378 \end{definition}
                      
Your command was ignored.
Type  I <command> <return>  to replace it with another command,
or  <return>  to continue without it.


! LaTeX Error: Environment definition undefined.

See the LaTeX manual or LaTeX Companion for explanation.
Type  H <return>  for immediate help.
 ...                                              
                                                  
l.379 \begin{definition}
                        [Padding]
Your command was ignored.
Type  I <command> <return>  to replace it with another command,
or  <return>  to continue without it.

Missing character: There is no [ in font nullfont!
Missing character: There is no P in font nullfont!
Missing character: There is no a in font nullfont!
Missing character: There is no d in font nullfont!
Missing character: There is no d in font nullfont!
Missing character: There is no i in font nullfont!
Missing character: There is no n in font nullfont!
Missing character: There is no g in font nullfont!
Missing character: There is no ] in font nullfont!
Missing character: There is no S in font nullfont!
Missing character: There is no e in font nullfont!
Missing character: There is no a in font nullfont!
Missing character: There is no u in font nullfont!
Missing character: There is no n in font nullfont!
Missing character: There is no a in font nullfont!
Missing character: There is no e in font nullfont!
Missing character: There is no n in font nullfont!
Missing character: There is no t in font nullfont!
Missing character: There is no r in font nullfont!
Missing character: There is no a in font nullfont!
Missing character: There is no d in font nullfont!
Missing character: There is no a in font nullfont!
Missing character: There is no d in font nullfont!
Missing character: There is no e in font nullfont!
Missing character: There is no d in font nullfont!
Missing character: There is no i in font nullfont!
Missing character: There is no m in font nullfont!
Missing character: There is no e in font nullfont!
Missing character: There is no n in font nullfont!
Missing character: There is no s in font nullfont!
Missing character: There is no i in font nullfont!
Missing character: There is no o in font nullfont!
Missing character: There is no n in font nullfont!
Missing character: There is no e in font nullfont!
Missing character: There is no s in font nullfont!
Missing character: There is no e in font nullfont!
Missing character: There is no l in font nullfont!
Missing character: There is no p in font nullfont!
Missing character: There is no a in font nullfont!
Missing character: There is no d in font nullfont!
Missing character: There is no d in font nullfont!
Missing character: There is no i in font nullfont!
Missing character: There is no n in font nullfont!
Missing character: There is no g in font nullfont!
Missing character: There is no d in font nullfont!
Missing character: There is no e in font nullfont!
Missing character: There is no t in font nullfont!
Missing character: There is no a in font nullfont!
Missing character: There is no m in font nullfont!
Missing character: There is no a in font nullfont!
Missing character: There is no o in font nullfont!
Missing character: There is no e in font nullfont!
Missing character: There is no s in font nullfont!
Missing character: There is no u in font nullfont!
Missing character: There is no n in font nullfont!
Missing character: There is no a in font nullfont!
Missing character: There is no f in font nullfont!
Missing character: There is no u in font nullfont!
Missing character: There is no n in font nullfont!
Missing character: There is no c in font nullfont!
Missing character: There is no i in font nullfont!
Missing character: There is no n in font nullfont!
! Undefined control sequence.
l.380 ...nci^^c3^^b3n $\mathbf{p}_{\rho} : \mathbb
                                                  {R}^{m \times n} \longrigh...
The control sequence at the end of the top line
of your error message was never \def'ed. If you have
misspelled it (e.g., `\hobx'), type `I' and the correct
spelling (e.g., `I\hbox'). Otherwise just continue,
and I'll forget about whatever was undefined.

! Undefined control sequence.
l.380 ...b{R}^{m \times n} \longrightarrow \mathbb
                                                  {R}^{(m+2 \rho) \times (n+...
The control sequence at the end of the top line
of your error message was never \def'ed. If you have
misspelled it (e.g., `\hobx'), type `I' and the correct
spelling (e.g., `I\hbox'). Otherwise just continue,
and I'll forget about whatever was undefined.

Missing character: There is no t in font nullfont!
Missing character: There is no a in font nullfont!
Missing character: There is no l in font nullfont!
Missing character: There is no q in font nullfont!
Missing character: There is no u in font nullfont!
Missing character: There is no e in font nullfont!
Missing character: There is no : in font nullfont!

Overfull \hbox (4.36108pt too wide) in paragraph at lines 377--381
   $\OT1/cmr/bx/n/10 I$
 []


Overfull \hbox (16.55794pt too wide) in paragraph at lines 377--381
\OML/cmm/m/it/10 m \OMS/cmsy/m/n/10 ^^B
 []


Overfull \hbox (6.00235pt too wide) in paragraph at lines 377--381
\OML/cmm/m/it/10 n$
 []


Overfull \hbox (6.38885pt too wide) in paragraph at lines 377--381
\OT1/cmr/bx/n/10 p$
 []


Overfull \hbox (5.55557pt too wide) in paragraph at lines 377--381
\/cmr/m/n/10 ~n
 []


Overfull \hbox (5.17015pt too wide) in paragraph at lines 377--381
\OML/cmm/m/it/10 ^^Z$
 []


Overfull \hbox (5.00002pt too wide) in paragraph at lines 377--381
\/cmr/m/n/10 ^^So
 []


Overfull \hbox (16.59334pt too wide) in paragraph at lines 377--381
\OT1/cmr/bx/n/10 p[] \/cmr/m/n/10 :
 []


Overfull \hbox (45.34851pt too wide) in paragraph at lines 377--381
\OML/cmm/m/it/10 R[] [][]\OMS/cmsy/m/n/10 !
 []


Overfull \hbox (67.50774pt too wide) in paragraph at lines 377--381
\OML/cmm/m/it/10 R[]$
 []

! Misplaced alignment tab character &.
l.384 \alpha, &
                \text{si } i \leq \rho \text{ , } j \leq \rho \text{ , } i >...
I can't figure out why you would want to use a tab mark
here. If you just want an ampersand, the remedy is
simple: Just type `I\&' now. But if some right brace
up above has ended a previous alignment prematurely,
you're probably due for more error messages, and you
might try typing `S' now just to see what is salvageable.

! Undefined control sequence.
l.384 \alpha, & \text
                     {si } i \leq \rho \text{ , } j \leq \rho \text{ , } i >...
The control sequence at the end of the top line
of your error message was never \def'ed. If you have
misspelled it (e.g., `\hobx'), type `I' and the correct
spelling (e.g., `I\hbox'). Otherwise just continue,
and I'll forget about whatever was undefined.

! Undefined control sequence.
l.384 \alpha, & \text{si } i \leq \rho \text
                                            { , } j \leq \rho \text{ , } i >...
The control sequence at the end of the top line
of your error message was never \def'ed. If you have
misspelled it (e.g., `\hobx'), type `I' and the correct
spelling (e.g., `I\hbox'). Otherwise just continue,
and I'll forget about whatever was undefined.

! Undefined control sequence.
l.384 ... i \leq \rho \text{ , } j \leq \rho \text
                                                  { , } i > m + \rho \text{ ...
The control sequence at the end of the top line
of your error message was never \def'ed. If you have
misspelled it (e.g., `\hobx'), type `I' and the correct
spelling (e.g., `I\hbox'). Otherwise just continue,
and I'll forget about whatever was undefined.

! Undefined control sequence.
l.384 ...j \leq \rho \text{ , } i > m + \rho \text
                                                  { , } j > n + \rho \\
The control sequence at the end of the top line
of your error message was never \def'ed. If you have
misspelled it (e.g., `\hobx'), type `I' and the correct
spelling (e.g., `I\hbox'). Otherwise just continue,
and I'll forget about whatever was undefined.

! Misplaced alignment tab character &.
l.385 \mathbf{I}(i - \rho, j - \rho), &
                                        \text{en otro caso}.
I can't figure out why you would want to use a tab mark
here. If you just want an ampersand, the remedy is
simple: Just type `I\&' now. But if some right brace
up above has ended a previous alignment prematurely,
you're probably due for more error messages, and you
might try typing `S' now just to see what is salvageable.

! Undefined control sequence.
l.385 \mathbf{I}(i - \rho, j - \rho), & \text
                                             {en otro caso}.
The control sequence at the end of the top line
of your error message was never \def'ed. If you have
misspelled it (e.g., `\hobx'), type `I' and the correct
spelling (e.g., `I\hbox'). Otherwise just continue,
and I'll forget about whatever was undefined.


Overfull \hbox (320.10706pt too wide) detected at line 387
\OT1/cmr/bx/n/10 p[]\/cmr/m/n/10 (\OT1/cmr/bx/n/10 I\/cmr/m/n/10 )(\OML/cmm/m/i
t/10 i; j\/cmr/m/n/10 ) = [] \OML/cmm/m/it/10 ; []i \OMS/cmsy/m/n/10 ^^T \OML/c
mm/m/it/10 ^^Z[]j \OMS/cmsy/m/n/10 ^^T \OML/cmm/m/it/10 ^^Z[]i > m \/cmr/m/n/10
 + \OML/cmm/m/it/10 ^^Z[]j > n \/cmr/m/n/10 + \OML/cmm/m/it/10 ^^Z[] \OT1/cmr/b
x/n/10 I\/cmr/m/n/10 (\OML/cmm/m/it/10 i \OMS/cmsy/m/n/10 ^^@ \OML/cmm/m/it/10 
^^Z; j \OMS/cmsy/m/n/10 ^^@ \OML/cmm/m/it/10 ^^Z\/cmr/m/n/10 )\OML/cmm/m/it/10 
; []:
 []

Missing character: There is no D in font nullfont!
Missing character: There is no o in font nullfont!
Missing character: There is no n in font nullfont!
Missing character: There is no d in font nullfont!
Missing character: There is no e in font nullfont!
! Undefined control sequence.
l.388 Donde $\alpha \in \mathbb
                               {R}$.
The control sequence at the end of the top line
of your error message was never \def'ed. If you have
misspelled it (e.g., `\hobx'), type `I' and the correct
spelling (e.g., `I\hbox'). Otherwise just continue,
and I'll forget about whatever was undefined.

Missing character: There is no . in font nullfont!

Overfull \hbox (15.87843pt too wide) in paragraph at lines 387--389
 $\OML/cmm/m/it/10 ^^K \OMS/cmsy/m/n/10 2
 []


Overfull \hbox (7.67015pt too wide) in paragraph at lines 387--389
\OML/cmm/m/it/10 R$ 
 []


! LaTeX Error: \begin{document} ended by \end{definition}.

See the LaTeX manual or LaTeX Companion for explanation.
Type  H <return>  for immediate help.
 ...                                              
                                                  
l.391 \end{definition}
                      
Your command was ignored.
Type  I <command> <return>  to replace it with another command,
or  <return>  to continue without it.


! LaTeX Error: Environment definition undefined.

See the LaTeX manual or LaTeX Companion for explanation.
Type  H <return>  for immediate help.
 ...                                              
                                                  
l.392  \begin{definition}
                         [Invarianza]
Your command was ignored.
Type  I <command> <return>  to replace it with another command,
or  <return>  to continue without it.

Missing character: There is no [ in font nullfont!
Missing character: There is no I in font nullfont!
Missing character: There is no n in font nullfont!
Missing character: There is no v in font nullfont!
Missing character: There is no a in font nullfont!
Missing character: There is no r in font nullfont!
Missing character: There is no i in font nullfont!
Missing character: There is no a in font nullfont!
Missing character: There is no n in font nullfont!
Missing character: There is no z in font nullfont!
Missing character: There is no a in font nullfont!
Missing character: There is no ] in font nullfont!
Missing character: There is no S in font nullfont!
Missing character: There is no e in font nullfont!
Missing character: There is no a in font nullfont!
Missing character: There is no u in font nullfont!
Missing character: There is no n in font nullfont!
Missing character: There is no a in font nullfont!
Missing character: There is no f in font nullfont!
Missing character: There is no u in font nullfont!
Missing character: There is no n in font nullfont!
Missing character: There is no c in font nullfont!
Missing character: There is no i in font nullfont!
Missing character: There is no n in font nullfont!
Missing character: There is no , in font nullfont!
Missing character: There is no u in font nullfont!
Missing character: There is no n in font nullfont!
Missing character: There is no a in font nullfont!
Missing character: There is no t in font nullfont!
Missing character: There is no r in font nullfont!
Missing character: There is no a in font nullfont!
Missing character: There is no n in font nullfont!
Missing character: There is no s in font nullfont!
Missing character: There is no f in font nullfont!
Missing character: There is no o in font nullfont!
Missing character: There is no r in font nullfont!
Missing character: There is no m in font nullfont!
Missing character: There is no a in font nullfont!
Missing character: There is no c in font nullfont!
Missing character: There is no i in font nullfont!
Missing character: There is no n in font nullfont!
Missing character: There is no e in font nullfont!
Missing character: There is no n in font nullfont!
Missing character: There is no . in font nullfont!
Missing character: There is no S in font nullfont!
Missing character: There is no e in font nullfont!
Missing character: There is no d in font nullfont!
Missing character: There is no i in font nullfont!
Missing character: There is no c in font nullfont!
Missing character: There is no e in font nullfont!
Missing character: There is no q in font nullfont!
Missing character: There is no u in font nullfont!
Missing character: There is no e in font nullfont!
Missing character: There is no u in font nullfont!
Missing character: There is no n in font nullfont!
Missing character: There is no a in font nullfont!
Missing character: There is no f in font nullfont!
Missing character: There is no u in font nullfont!
Missing character: There is no n in font nullfont!
Missing character: There is no c in font nullfont!
Missing character: There is no i in font nullfont!
Missing character: There is no n in font nullfont!
Missing character: There is no e in font nullfont!
Missing character: There is no s in font nullfont!
Missing character: There is no i in font nullfont!
Missing character: There is no n in font nullfont!
Missing character: There is no v in font nullfont!
Missing character: There is no a in font nullfont!
Missing character: There is no r in font nullfont!
Missing character: There is no i in font nullfont!
Missing character: There is no a in font nullfont!
Missing character: There is no n in font nullfont!
Missing character: There is no t in font nullfont!
Missing character: There is no e in font nullfont!
Missing character: There is no b in font nullfont!
Missing character: There is no a in font nullfont!
Missing character: There is no j in font nullfont!
Missing character: There is no o in font nullfont!
Missing character: There is no s in font nullfont!
Missing character: There is no i in font nullfont!
Missing character: There is no : in font nullfont!

Overfull \hbox (20.0pt too wide) in paragraph at lines 392--394
[]
 []


Overfull \hbox (11.52776pt too wide) in paragraph at lines 392--394
\OML/cmm/m/it/10 f \/cmr/m/n/10 :
 []


Overfull \hbox (27.5833pt too wide) in paragraph at lines 392--394
\OT1/cmr/bx/n/10 X [][]\OMS/cmsy/m/n/10 !
 []


Overfull \hbox (8.98189pt too wide) in paragraph at lines 392--394
\OT1/cmr/bx/n/10 Y$
 []


Overfull \hbox (5.00002pt too wide) in paragraph at lines 392--394
\/cmr/m/n/10 ^^So
 []


Overfull \hbox (7.99995pt too wide) in paragraph at lines 392--394
\OT1/cmr/bx/n/10 T$
 []


Overfull \hbox (5.00002pt too wide) in paragraph at lines 392--394
\/cmr/m/n/10 ^^So
 []


Overfull \hbox (8.6944pt too wide) in paragraph at lines 392--394
\OT1/cmr/bx/n/10 X$
 []


Overfull \hbox (5.00002pt too wide) in paragraph at lines 392--394
\/cmr/m/n/10 ^^So
 []


Overfull \hbox (5.97226pt too wide) in paragraph at lines 392--394
\OML/cmm/m/it/10 f$
 []


Overfull \hbox (7.99995pt too wide) in paragraph at lines 392--394
\OT1/cmr/bx/n/10 T$
 []


Overfull \hbox (134.79277pt too wide) detected at line 396
\OML/cmm/m/it/10 f [] \/cmr/m/n/10 = \OML/cmm/m/it/10 f\/cmr/m/n/10 (\OML/cmm/m
/it/10 x\/cmr/m/n/10 )\OML/cmm/m/it/10 ;  \OMS/cmsy/m/n/10 8\OML/cmm/m/it/10 x 
\OMS/cmsy/m/n/10 2 \OT1/cmr/bx/n/10 X
 []


! LaTeX Error: \begin{document} ended by \end{definition}.

See the LaTeX manual or LaTeX Companion for explanation.
Type  H <return>  for immediate help.
 ...                                              
                                                  
l.397  \end{definition}
                       
Your command was ignored.
Type  I <command> <return>  to replace it with another command,
or  <return>  to continue without it.


! LaTeX Error: Environment definition undefined.

See the LaTeX manual or LaTeX Companion for explanation.
Type  H <return>  for immediate help.
 ...                                              
                                                  
l.399  \begin{definition}
                         [Equivarianza]
Your command was ignored.
Type  I <command> <return>  to replace it with another command,
or  <return>  to continue without it.

Missing character: There is no [ in font nullfont!
Missing character: There is no E in font nullfont!
Missing character: There is no q in font nullfont!
Missing character: There is no u in font nullfont!
Missing character: There is no i in font nullfont!
Missing character: There is no v in font nullfont!
Missing character: There is no a in font nullfont!
Missing character: There is no r in font nullfont!
Missing character: There is no i in font nullfont!
Missing character: There is no a in font nullfont!
Missing character: There is no n in font nullfont!
Missing character: There is no z in font nullfont!
Missing character: There is no a in font nullfont!
Missing character: There is no ] in font nullfont!
Missing character: There is no S in font nullfont!
Missing character: There is no e in font nullfont!
Missing character: There is no a in font nullfont!
Missing character: There is no n in font nullfont!
Missing character: There is no d in font nullfont!
Missing character: There is no o in font nullfont!
Missing character: There is no s in font nullfont!
Missing character: There is no f in font nullfont!
Missing character: There is no u in font nullfont!
Missing character: There is no n in font nullfont!
Missing character: There is no c in font nullfont!
Missing character: There is no i in font nullfont!
Missing character: There is no o in font nullfont!
Missing character: There is no n in font nullfont!
Missing character: There is no e in font nullfont!
Missing character: There is no s in font nullfont!
Missing character: There is no t in font nullfont!
Missing character: There is no a in font nullfont!
Missing character: There is no l in font nullfont!
Missing character: There is no e in font nullfont!
Missing character: There is no s in font nullfont!
Missing character: There is no q in font nullfont!
Missing character: There is no u in font nullfont!
Missing character: There is no e in font nullfont!
Missing character: There is no , in font nullfont!
Missing character: There is no . in font nullfont!
Missing character: There is no S in font nullfont!
Missing character: There is no e in font nullfont!
Missing character: There is no d in font nullfont!
Missing character: There is no i in font nullfont!
Missing character: There is no c in font nullfont!
Missing character: There is no e in font nullfont!
Missing character: There is no q in font nullfont!
Missing character: There is no u in font nullfont!
Missing character: There is no e in font nullfont!
Missing character: There is no e in font nullfont!
Missing character: There is no s in font nullfont!
Missing character: There is no e in font nullfont!
Missing character: There is no q in font nullfont!
Missing character: There is no u in font nullfont!
Missing character: There is no i in font nullfont!
Missing character: There is no v in font nullfont!
Missing character: There is no a in font nullfont!
Missing character: There is no r in font nullfont!
Missing character: There is no i in font nullfont!
Missing character: There is no a in font nullfont!
Missing character: There is no n in font nullfont!
Missing character: There is no t in font nullfont!
Missing character: There is no e in font nullfont!
Missing character: There is no b in font nullfont!
Missing character: There is no a in font nullfont!
Missing character: There is no j in font nullfont!
Missing character: There is no o in font nullfont!
Missing character: There is no s in font nullfont!
Missing character: There is no i in font nullfont!
Missing character: There is no : in font nullfont!

Overfull \hbox (20.0pt too wide) in paragraph at lines 399--401
[]
 []


Overfull \hbox (14.98958pt too wide) in paragraph at lines 399--401
\OML/cmm/m/it/10 f; g$
 []


Overfull \hbox (11.52776pt too wide) in paragraph at lines 399--401
\OML/cmm/m/it/10 f \/cmr/m/n/10 :
 []


Overfull \hbox (27.5833pt too wide) in paragraph at lines 399--401
\OT1/cmr/bx/n/10 X [][]\OMS/cmsy/m/n/10 !
 []


Overfull \hbox (8.98189pt too wide) in paragraph at lines 399--401
\OT1/cmr/bx/n/10 Y$
 []


Overfull \hbox (10.68396pt too wide) in paragraph at lines 399--401
\OML/cmm/m/it/10 g \/cmr/m/n/10 :
 []


Overfull \hbox (27.87079pt too wide) in paragraph at lines 399--401
\OT1/cmr/bx/n/10 Y [][]\OMS/cmsy/m/n/10 !
 []


Overfull \hbox (8.6944pt too wide) in paragraph at lines 399--401
\OT1/cmr/bx/n/10 X$
 []


Overfull \hbox (5.97226pt too wide) in paragraph at lines 399--401
\OML/cmm/m/it/10 f$
 []


Overfull \hbox (5.12846pt too wide) in paragraph at lines 399--401
\OML/cmm/m/it/10 g$
 []


Overfull \hbox (143.71638pt too wide) detected at line 403
\OML/cmm/m/it/10 f [] \/cmr/m/n/10 = \OML/cmm/m/it/10 g []  \OMS/cmsy/m/n/10 8\
OML/cmm/m/it/10 x \OMS/cmsy/m/n/10 2 \OT1/cmr/bx/n/10 X
 []


! LaTeX Error: \begin{document} ended by \end{definition}.

See the LaTeX manual or LaTeX Companion for explanation.
Type  H <return>  for immediate help.
 ...                                              
                                                  
l.405  \end{definition}
                       
Your command was ignored.
Type  I <command> <return>  to replace it with another command,
or  <return>  to continue without it.

Missing character: There is no D in font nullfont!
Missing character: There is no e in font nullfont!
Missing character: There is no l in font nullfont!
Missing character: There is no a in font nullfont!
Missing character: There is no s in font nullfont!
Missing character: There is no d in font nullfont!
Missing character: There is no e in font nullfont!
Missing character: There is no f in font nullfont!
Missing character: There is no i in font nullfont!
Missing character: There is no n in font nullfont!
Missing character: There is no i in font nullfont!
Missing character: There is no c in font nullfont!
Missing character: There is no i in font nullfont!
Missing character: There is no o in font nullfont!
Missing character: There is no n in font nullfont!
Missing character: There is no e in font nullfont!
Missing character: There is no s in font nullfont!
Missing character: There is no a in font nullfont!
Missing character: There is no n in font nullfont!
Missing character: There is no t in font nullfont!
Missing character: There is no e in font nullfont!
Missing character: There is no r in font nullfont!
Missing character: There is no i in font nullfont!
Missing character: There is no o in font nullfont!
Missing character: There is no r in font nullfont!
Missing character: There is no e in font nullfont!
Missing character: There is no s in font nullfont!
Missing character: There is no , in font nullfont!
Missing character: There is no p in font nullfont!
Missing character: There is no o in font nullfont!
Missing character: There is no d in font nullfont!
Missing character: There is no e in font nullfont!
Missing character: There is no m in font nullfont!
Missing character: There is no o in font nullfont!
Missing character: There is no s in font nullfont!
Missing character: There is no n in font nullfont!
Missing character: There is no o in font nullfont!
Missing character: There is no t in font nullfont!
Missing character: There is no a in font nullfont!
Missing character: There is no r in font nullfont!
Missing character: There is no q in font nullfont!
Missing character: There is no u in font nullfont!
Missing character: There is no e in font nullfont!
Missing character: There is no e in font nullfont!
Missing character: There is no s in font nullfont!
Missing character: There is no t in font nullfont!
Missing character: There is no n in font nullfont!
Missing character: There is no m in font nullfont!
Missing character: There is no u in font nullfont!
Missing character: There is no y in font nullfont!
Missing character: There is no r in font nullfont!
Missing character: There is no e in font nullfont!
Missing character: There is no l in font nullfont!
Missing character: There is no a in font nullfont!
Missing character: There is no c in font nullfont!
Missing character: There is no i in font nullfont!
Missing character: There is no o in font nullfont!
Missing character: There is no n in font nullfont!
Missing character: There is no a in font nullfont!
Missing character: There is no d in font nullfont!
Missing character: There is no a in font nullfont!
Missing character: There is no s in font nullfont!
Missing character: There is no y in font nullfont!
Missing character: There is no a in font nullfont!
Missing character: There is no q in font nullfont!
Missing character: There is no u in font nullfont!
Missing character: There is no e in font nullfont!
Missing character: There is no a in font nullfont!
Missing character: There is no l in font nullfont!
Missing character: There is no a in font nullfont!
Missing character: There is no p in font nullfont!
Missing character: There is no l in font nullfont!
Missing character: There is no i in font nullfont!
Missing character: There is no c in font nullfont!
Missing character: There is no a in font nullfont!
Missing character: There is no r in font nullfont!
Missing character: There is no c in font nullfont!
Missing character: There is no o in font nullfont!
Missing character: There is no n in font nullfont!
Missing character: There is no v in font nullfont!
Missing character: There is no o in font nullfont!
Missing character: There is no l in font nullfont!
Missing character: There is no u in font nullfont!
Missing character: There is no c in font nullfont!
Missing character: There is no i in font nullfont!
Missing character: There is no o in font nullfont!
Missing character: There is no n in font nullfont!
Missing character: There is no e in font nullfont!
Missing character: There is no s in font nullfont!
Missing character: There is no a in font nullfont!
Missing character: There is no d in font nullfont!
Missing character: There is no a in font nullfont!
Missing character: There is no t in font nullfont!
Missing character: There is no o in font nullfont!
Missing character: There is no s in font nullfont!
Missing character: There is no e in font nullfont!
Missing character: There is no s in font nullfont!
Missing character: There is no t in font nullfont!
Missing character: There is no r in font nullfont!
Missing character: There is no u in font nullfont!
Missing character: There is no c in font nullfont!
Missing character: There is no t in font nullfont!
Missing character: There is no u in font nullfont!
Missing character: There is no r in font nullfont!
Missing character: There is no a in font nullfont!
Missing character: There is no d in font nullfont!
Missing character: There is no o in font nullfont!
Missing character: There is no s in font nullfont!
Missing character: There is no p in font nullfont!
Missing character: There is no o in font nullfont!
Missing character: There is no d in font nullfont!
Missing character: There is no e in font nullfont!
Missing character: There is no m in font nullfont!
Missing character: There is no o in font nullfont!
Missing character: There is no s in font nullfont!
Missing character: There is no n in font nullfont!
Missing character: There is no o in font nullfont!
Missing character: There is no t in font nullfont!
Missing character: There is no a in font nullfont!
Missing character: There is no r in font nullfont!
Missing character: There is no q in font nullfont!
Missing character: There is no u in font nullfont!
Missing character: There is no e in font nullfont!
Missing character: There is no t in font nullfont!
Missing character: There is no i in font nullfont!
Missing character: There is no e in font nullfont!
Missing character: There is no n in font nullfont!
Missing character: There is no e in font nullfont!
Missing character: There is no l in font nullfont!
Missing character: There is no a in font nullfont!
Missing character: There is no p in font nullfont!
Missing character: There is no r in font nullfont!
Missing character: There is no o in font nullfont!
Missing character: There is no p in font nullfont!
Missing character: There is no i in font nullfont!
Missing character: There is no e in font nullfont!
Missing character: There is no d in font nullfont!
Missing character: There is no a in font nullfont!
Missing character: There is no d in font nullfont!
Missing character: There is no d in font nullfont!
Missing character: There is no e in font nullfont!
Missing character: There is no s in font nullfont!
Missing character: There is no e in font nullfont!
Missing character: There is no r in font nullfont!
Missing character: There is no e in font nullfont!
Missing character: There is no q in font nullfont!
Missing character: There is no u in font nullfont!
Missing character: There is no i in font nullfont!
Missing character: There is no v in font nullfont!
Missing character: There is no a in font nullfont!
Missing character: There is no r in font nullfont!
Missing character: There is no i in font nullfont!
Missing character: There is no a in font nullfont!
Missing character: There is no n in font nullfont!
Missing character: There is no t in font nullfont!
Missing character: There is no e in font nullfont!
Missing character: There is no c in font nullfont!
Missing character: There is no o in font nullfont!
Missing character: There is no n in font nullfont!
Missing character: There is no r in font nullfont!
Missing character: There is no e in font nullfont!
Missing character: There is no s in font nullfont!
Missing character: There is no p in font nullfont!
Missing character: There is no e in font nullfont!
Missing character: There is no c in font nullfont!
Missing character: There is no t in font nullfont!
Missing character: There is no o in font nullfont!
Missing character: There is no a in font nullfont!
Missing character: There is no c in font nullfont!
Missing character: There is no i in font nullfont!
Missing character: There is no e in font nullfont!
Missing character: There is no r in font nullfont!
Missing character: There is no t in font nullfont!
Missing character: There is no a in font nullfont!
Missing character: There is no s in font nullfont!
Missing character: There is no t in font nullfont!
Missing character: There is no r in font nullfont!
Missing character: There is no a in font nullfont!
Missing character: There is no n in font nullfont!
Missing character: There is no s in font nullfont!
Missing character: There is no f in font nullfont!
Missing character: There is no o in font nullfont!
Missing character: There is no r in font nullfont!
Missing character: There is no m in font nullfont!
Missing character: There is no a in font nullfont!
Missing character: There is no c in font nullfont!
Missing character: There is no i in font nullfont!
Missing character: There is no o in font nullfont!
Missing character: There is no n in font nullfont!
Missing character: There is no e in font nullfont!
Missing character: There is no s in font nullfont!
Missing character: There is no , in font nullfont!
Missing character: There is no p in font nullfont!
Missing character: There is no o in font nullfont!
Missing character: There is no r in font nullfont!
Missing character: There is no e in font nullfont!
Missing character: There is no j in font nullfont!
Missing character: There is no e in font nullfont!
Missing character: There is no m in font nullfont!
Missing character: There is no p in font nullfont!
Missing character: There is no l in font nullfont!
Missing character: There is no o in font nullfont!
Missing character: There is no a in font nullfont!
Missing character: There is no l in font nullfont!
Missing character: There is no a in font nullfont!
Missing character: There is no t in font nullfont!
Missing character: There is no r in font nullfont!
Missing character: There is no a in font nullfont!
Missing character: There is no s in font nullfont!
Missing character: There is no l in font nullfont!
Missing character: There is no a in font nullfont!
Missing character: There is no c in font nullfont!
Missing character: There is no i in font nullfont!
Missing character: There is no n in font nullfont!
Missing character: There is no . in font nullfont!

Overfull \hbox (20.0pt too wide) in paragraph at lines 406--407
[]
 []


Overfull \hbox (5.00002pt too wide) in paragraph at lines 406--407
\/cmr/m/n/10 ^^Sa
 []


Overfull \hbox (5.00002pt too wide) in paragraph at lines 406--407
\/cmr/m/n/10 ^^So 
 []


! LaTeX Error: Environment observation undefined.

See the LaTeX manual or LaTeX Companion for explanation.
Type  H <return>  for immediate help.
 ...                                              
                                                  
l.408  \begin{observation}
                          
Your command was ignored.
Type  I <command> <return>  to replace it with another command,
or  <return>  to continue without it.

Missing character: There is no S in font nullfont!
Missing character: There is no e in font nullfont!
Missing character: There is no a in font nullfont!
Missing character: There is no u in font nullfont!
Missing character: There is no n in font nullfont!
Missing character: There is no a in font nullfont!
Missing character: There is no f in font nullfont!
Missing character: There is no u in font nullfont!
Missing character: There is no n in font nullfont!
Missing character: There is no c in font nullfont!
Missing character: There is no i in font nullfont!
Missing character: There is no n in font nullfont!
Missing character: There is no y in font nullfont!
Missing character: There is no c in font nullfont!
Missing character: There is no o in font nullfont!
Missing character: There is no n in font nullfont!
Missing character: There is no s in font nullfont!
Missing character: There is no i in font nullfont!
Missing character: There is no d in font nullfont!
Missing character: There is no e in font nullfont!
Missing character: There is no r in font nullfont!
Missing character: There is no e in font nullfont!
Missing character: There is no m in font nullfont!
Missing character: There is no o in font nullfont!
Missing character: There is no s in font nullfont!
Missing character: There is no l in font nullfont!
Missing character: There is no a in font nullfont!
Missing character: There is no t in font nullfont!
Missing character: There is no r in font nullfont!
Missing character: There is no a in font nullfont!
Missing character: There is no s in font nullfont!
Missing character: There is no n in font nullfont!
Missing character: There is no f in font nullfont!
Missing character: There is no o in font nullfont!
Missing character: There is no r in font nullfont!
Missing character: There is no m in font nullfont!
Missing character: There is no a in font nullfont!
Missing character: There is no c in font nullfont!
Missing character: There is no i in font nullfont!
Missing character: There is no n in font nullfont!
Missing character: There is no c in font nullfont!
Missing character: There is no m in font nullfont!
Missing character: There is no o in font nullfont!
Missing character: There is no l in font nullfont!
Missing character: There is no a in font nullfont!
Missing character: There is no t in font nullfont!
Missing character: There is no r in font nullfont!
Missing character: There is no a in font nullfont!
Missing character: There is no s in font nullfont!
Missing character: There is no l in font nullfont!
Missing character: There is no a in font nullfont!
Missing character: There is no c in font nullfont!
Missing character: There is no i in font nullfont!
Missing character: There is no n in font nullfont!
Missing character: There is no d in font nullfont!
Missing character: There is no e in font nullfont!
Missing character: There is no s in font nullfont!
Missing character: There is no u in font nullfont!
Missing character: There is no e in font nullfont!
Missing character: There is no n in font nullfont!
Missing character: There is no t in font nullfont!
Missing character: There is no r in font nullfont!
Missing character: There is no a in font nullfont!
Missing character: There is no d in font nullfont!
Missing character: There is no a in font nullfont!
Missing character: There is no e in font nullfont!
Missing character: There is no n in font nullfont!
Missing character: There is no l in font nullfont!
Missing character: There is no a in font nullfont!
Missing character: There is no c in font nullfont!
Missing character: There is no a in font nullfont!
Missing character: There is no n in font nullfont!
Missing character: There is no t in font nullfont!
Missing character: There is no i in font nullfont!
Missing character: There is no d in font nullfont!
Missing character: There is no a in font nullfont!
Missing character: There is no d in font nullfont!
Missing character: There is no a in font nullfont!
Missing character: There is no , in font nullfont!
Missing character: There is no e in font nullfont!
Missing character: There is no s in font nullfont!
Missing character: There is no d in font nullfont!
Missing character: There is no e in font nullfont!
Missing character: There is no c in font nullfont!
Missing character: There is no i in font nullfont!
Missing character: There is no r in font nullfont!
Missing character: There is no : in font nullfont!
Missing character: There is no . in font nullfont!
Missing character: There is no A in font nullfont!
Missing character: There is no p in font nullfont!
Missing character: There is no l in font nullfont!
Missing character: There is no i in font nullfont!
Missing character: There is no c in font nullfont!
Missing character: There is no a in font nullfont!
Missing character: There is no n in font nullfont!
Missing character: There is no d in font nullfont!
Missing character: There is no o in font nullfont!
Missing character: There is no l in font nullfont!
Missing character: There is no a in font nullfont!
Missing character: There is no c in font nullfont!
Missing character: There is no o in font nullfont!
Missing character: There is no n in font nullfont!
Missing character: There is no v in font nullfont!
Missing character: There is no o in font nullfont!
Missing character: There is no l in font nullfont!
Missing character: There is no u in font nullfont!
Missing character: There is no c in font nullfont!
Missing character: There is no i in font nullfont!
Missing character: There is no n in font nullfont!
Missing character: There is no t in font nullfont!
Missing character: There is no e in font nullfont!
Missing character: There is no n in font nullfont!
Missing character: There is no e in font nullfont!
Missing character: There is no m in font nullfont!
Missing character: There is no o in font nullfont!
Missing character: There is no s in font nullfont!
Missing character: There is no q in font nullfont!
Missing character: There is no u in font nullfont!
Missing character: There is no e in font nullfont!
Missing character: There is no : in font nullfont!

Overfull \hbox (20.0pt too wide) in paragraph at lines 409--411
[]
 []


Overfull \hbox (5.97226pt too wide) in paragraph at lines 409--411
\OML/cmm/m/it/10 f$
 []


Overfull \hbox (5.00002pt too wide) in paragraph at lines 409--411
\/cmr/m/n/10 ^^So
 []


Overfull \hbox (5.00002pt too wide) in paragraph at lines 409--411
\/cmr/m/n/10 ^^So
 []


Overfull \hbox (12.8376pt too wide) in paragraph at lines 409--411
\OT1/cmr/bx/n/10 T[]$
 []


Overfull \hbox (5.00002pt too wide) in paragraph at lines 409--411
\/cmr/m/n/10 ^^So
 []


Overfull \hbox (5.00002pt too wide) in paragraph at lines 409--411
\/cmr/m/n/10 ^^So
 []


Overfull \hbox (42.85844pt too wide) in paragraph at lines 409--411
\OT1/cmr/bx/n/10 T[]\OML/cmm/m/it/10 f\/cmr/m/n/10 (\OML/cmm/m/it/10 x\/cmr/m/n
/10 ) =
 []


Overfull \hbox (23.35423pt too wide) in paragraph at lines 409--411
\OML/cmm/m/it/10 f\/cmr/m/n/10 (\OML/cmm/m/it/10 x \OMS/cmsy/m/n/10 ^^@
 []


Overfull \hbox (9.17479pt too wide) in paragraph at lines 409--411
\OML/cmm/m/it/10 a\/cmr/m/n/10 )$
 []


Overfull \hbox (5.00002pt too wide) in paragraph at lines 409--411
\/cmr/m/n/10 ^^So
 []

! Undefined control sequence.
l.412 ...(\mathbf{T}_af \ast k)(x) = \int_{\mathbb
                                                  {R}} \mathbf{T}_af(t)k(x-t)dt
The control sequence at the end of the top line
of your error message was never \def'ed. If you have
misspelled it (e.g., `\hobx'), type `I' and the correct
spelling (e.g., `I\hbox'). Otherwise just continue,
and I'll forget about whatever was undefined.


Overfull \hbox (147.13469pt too wide) detected at line 413
\/cmr/m/n/10 (\OT1/cmr/bx/n/10 T[]\OML/cmm/m/it/10 f \OMS/cmsy/m/n/10 ^^C \OML/
cmm/m/it/10 k\/cmr/m/n/10 )(\OML/cmm/m/it/10 x\/cmr/m/n/10 ) = [][] \OT1/cmr/bx
/n/10 T[]\OML/cmm/m/it/10 f\/cmr/m/n/10 (\OML/cmm/m/it/10 t\/cmr/m/n/10 )\OML/c
mm/m/it/10 k\/cmr/m/n/10 (\OML/cmm/m/it/10 x \OMS/cmsy/m/n/10 ^^@ \OML/cmm/m/it
/10 t\/cmr/m/n/10 )\OML/cmm/m/it/10 dt
 []

Missing character: There is no S in font nullfont!
Missing character: There is no u in font nullfont!
Missing character: There is no s in font nullfont!
Missing character: There is no t in font nullfont!
Missing character: There is no i in font nullfont!
Missing character: There is no t in font nullfont!
Missing character: There is no u in font nullfont!
Missing character: There is no y in font nullfont!
Missing character: There is no e in font nullfont!
Missing character: There is no n in font nullfont!
Missing character: There is no d in font nullfont!
Missing character: There is no o in font nullfont!
Missing character: There is no e in font nullfont!
Missing character: There is no l in font nullfont!
Missing character: There is no v in font nullfont!
Missing character: There is no a in font nullfont!
Missing character: There is no l in font nullfont!
Missing character: There is no o in font nullfont!
Missing character: There is no r in font nullfont!
Missing character: There is no d in font nullfont!
Missing character: There is no e in font nullfont!
Missing character: There is no l in font nullfont!
Missing character: There is no a in font nullfont!
Missing character: There is no t in font nullfont!
Missing character: There is no r in font nullfont!
Missing character: There is no a in font nullfont!
Missing character: There is no n in font nullfont!
Missing character: There is no s in font nullfont!
Missing character: There is no f in font nullfont!
Missing character: There is no o in font nullfont!
Missing character: There is no r in font nullfont!
Missing character: There is no m in font nullfont!
Missing character: There is no a in font nullfont!
Missing character: There is no c in font nullfont!
Missing character: There is no i in font nullfont!
Missing character: There is no n in font nullfont!
Missing character: There is no o in font nullfont!
Missing character: There is no b in font nullfont!
Missing character: There is no t in font nullfont!
Missing character: There is no e in font nullfont!
Missing character: There is no n in font nullfont!
Missing character: There is no e in font nullfont!
Missing character: There is no m in font nullfont!
Missing character: There is no o in font nullfont!
Missing character: There is no s in font nullfont!
Missing character: There is no : in font nullfont!

Overfull \hbox (5.00002pt too wide) in paragraph at lines 413--415
     \/cmr/m/n/10 ^^So
 []

! Undefined control sequence.
l.416 ...(\mathbf{T}_af \ast k)(x) = \int_{\mathbb
                                                  {R}} f(t-a)k(x-t)dt
The control sequence at the end of the top line
of your error message was never \def'ed. If you have
misspelled it (e.g., `\hobx'), type `I' and the correct
spelling (e.g., `I\hbox'). Otherwise just continue,
and I'll forget about whatever was undefined.


Overfull \hbox (147.36078pt too wide) detected at line 417
\/cmr/m/n/10 (\OT1/cmr/bx/n/10 T[]\OML/cmm/m/it/10 f \OMS/cmsy/m/n/10 ^^C \OML/
cmm/m/it/10 k\/cmr/m/n/10 )(\OML/cmm/m/it/10 x\/cmr/m/n/10 ) = [][] \OML/cmm/m/
it/10 f\/cmr/m/n/10 (\OML/cmm/m/it/10 t \OMS/cmsy/m/n/10 ^^@ \OML/cmm/m/it/10 a
\/cmr/m/n/10 )\OML/cmm/m/it/10 k\/cmr/m/n/10 (\OML/cmm/m/it/10 x \OMS/cmsy/m/n/
10 ^^@ \OML/cmm/m/it/10 t\/cmr/m/n/10 )\OML/cmm/m/it/10 dt
 []

Missing character: There is no Y in font nullfont!
Missing character: There is no r in font nullfont!
Missing character: There is no e in font nullfont!
Missing character: There is no a in font nullfont!
Missing character: There is no l in font nullfont!
Missing character: There is no i in font nullfont!
Missing character: There is no z in font nullfont!
Missing character: There is no a in font nullfont!
Missing character: There is no n in font nullfont!
Missing character: There is no d in font nullfont!
Missing character: There is no o in font nullfont!
Missing character: There is no e in font nullfont!
Missing character: There is no l in font nullfont!
Missing character: There is no c in font nullfont!
Missing character: There is no a in font nullfont!
Missing character: There is no m in font nullfont!
Missing character: There is no b in font nullfont!
Missing character: There is no i in font nullfont!
Missing character: There is no o in font nullfont!
Missing character: There is no d in font nullfont!
Missing character: There is no e in font nullfont!
Missing character: There is no v in font nullfont!
Missing character: There is no a in font nullfont!
Missing character: There is no r in font nullfont!
Missing character: There is no i in font nullfont!
Missing character: There is no a in font nullfont!
Missing character: There is no b in font nullfont!
Missing character: There is no l in font nullfont!
Missing character: There is no e in font nullfont!
Missing character: There is no t in font nullfont!
Missing character: There is no e in font nullfont!
Missing character: There is no n in font nullfont!
Missing character: There is no e in font nullfont!
Missing character: There is no m in font nullfont!
Missing character: There is no o in font nullfont!
Missing character: There is no s in font nullfont!
Missing character: There is no q in font nullfont!
Missing character: There is no u in font nullfont!
Missing character: There is no e in font nullfont!
Missing character: There is no y in font nullfont!
Missing character: There is no a in font nullfont!
Missing character: There is no d in font nullfont!
Missing character: There is no e in font nullfont!
Missing character: There is no m in font nullfont!
Missing character: There is no s in font nullfont!
Missing character: There is no a in font nullfont!
Missing character: There is no s in font nullfont!
Missing character: There is no : in font nullfont!

Overfull \hbox (16.28009pt too wide) in paragraph at lines 417--419
      $\OML/cmm/m/it/10 u \/cmr/m/n/10 =
 []


Overfull \hbox (11.38892pt too wide) in paragraph at lines 417--419
\OML/cmm/m/it/10 t \OMS/cmsy/m/n/10 ^^@
 []


Overfull \hbox (5.28589pt too wide) in paragraph at lines 417--419
\OML/cmm/m/it/10 a$
 []


Overfull \hbox (21.48495pt too wide) in paragraph at lines 417--419
\OML/cmm/m/it/10 du \/cmr/m/n/10 =
 []


Overfull \hbox (8.81598pt too wide) in paragraph at lines 417--419
\OML/cmm/m/it/10 dt$
 []


Overfull \hbox (5.00002pt too wide) in paragraph at lines 417--419
\/cmr/m/n/10 ^^Sa
 []


Overfull \hbox (14.16663pt too wide) in paragraph at lines 417--419
\OML/cmm/m/it/10 t \/cmr/m/n/10 =
 []


Overfull \hbox (13.50238pt too wide) in paragraph at lines 417--419
\OML/cmm/m/it/10 u \/cmr/m/n/10 +
 []


Overfull \hbox (5.28589pt too wide) in paragraph at lines 417--419
\OML/cmm/m/it/10 a$
 []


Overfull \hbox (2.77779pt too wide) in paragraph at lines 417--419
\/cmr/m/n/10 ^^S^^P 
 []

! Undefined control sequence.
l.421      \int_{\mathbb
                        {R}} f(u)k(x-(u+a))du
The control sequence at the end of the top line
of your error message was never \def'ed. If you have
misspelled it (e.g., `\hobx'), type `I' and the correct
spelling (e.g., `I\hbox'). Otherwise just continue,
and I'll forget about whatever was undefined.


Overfull \hbox (161.47897pt too wide) detected at line 422
\/cmr/m/n/10 (\OT1/cmr/bx/n/10 T[]\OML/cmm/m/it/10 f \OMS/cmsy/m/n/10 ^^C \OML/
cmm/m/it/10 k\/cmr/m/n/10 )(\OML/cmm/m/it/10 x\/cmr/m/n/10 ) = [][] \OML/cmm/m/
it/10 f\/cmr/m/n/10 (\OML/cmm/m/it/10 u\/cmr/m/n/10 )\OML/cmm/m/it/10 k\/cmr/m/
n/10 (\OML/cmm/m/it/10 x \OMS/cmsy/m/n/10 ^^@ \/cmr/m/n/10 (\OML/cmm/m/it/10 u 
\/cmr/m/n/10 + \OML/cmm/m/it/10 a\/cmr/m/n/10 ))\OML/cmm/m/it/10 du
 []

Missing character: There is no Q in font nullfont!
Missing character: There is no u in font nullfont!
Missing character: There is no e in font nullfont!
Missing character: There is no , in font nullfont!
Missing character: There is no r in font nullfont!
Missing character: There is no e in font nullfont!
Missing character: There is no o in font nullfont!
Missing character: There is no r in font nullfont!
Missing character: There is no d in font nullfont!
Missing character: There is no e in font nullfont!
Missing character: There is no n in font nullfont!
Missing character: There is no a in font nullfont!
Missing character: There is no n in font nullfont!
Missing character: There is no d in font nullfont!
Missing character: There is no o in font nullfont!
Missing character: There is no l in font nullfont!
Missing character: There is no o in font nullfont!
Missing character: There is no s in font nullfont!
Missing character: There is no t in font nullfont!
Missing character: There is no r in font nullfont!
Missing character: There is no m in font nullfont!
Missing character: There is no i in font nullfont!
Missing character: There is no n in font nullfont!
Missing character: There is no o in font nullfont!
Missing character: There is no s in font nullfont!
Missing character: There is no o in font nullfont!
Missing character: There is no b in font nullfont!
Missing character: There is no t in font nullfont!
Missing character: There is no e in font nullfont!
Missing character: There is no n in font nullfont!
Missing character: There is no e in font nullfont!
Missing character: There is no m in font nullfont!
Missing character: There is no o in font nullfont!
Missing character: There is no s in font nullfont!
Missing character: There is no l in font nullfont!
Missing character: There is no o in font nullfont!
Missing character: There is no s in font nullfont!
Missing character: There is no i in font nullfont!
Missing character: There is no g in font nullfont!
Missing character: There is no u in font nullfont!
Missing character: There is no i in font nullfont!
Missing character: There is no e in font nullfont!
Missing character: There is no n in font nullfont!
Missing character: There is no t in font nullfont!
Missing character: There is no e in font nullfont!
Missing character: There is no : in font nullfont!

Overfull \hbox (4.44444pt too wide) in paragraph at lines 422--424
   \/cmr/m/n/10 ^^Se
 []

! Undefined control sequence.
l.426      \int_{\mathbb
                        {R}} f(u)k((x-a)-u)du
The control sequence at the end of the top line
of your error message was never \def'ed. If you have
misspelled it (e.g., `\hobx'), type `I' and the correct
spelling (e.g., `I\hbox'). Otherwise just continue,
and I'll forget about whatever was undefined.


Overfull \hbox (161.47897pt too wide) detected at line 427
\/cmr/m/n/10 (\OT1/cmr/bx/n/10 T[]\OML/cmm/m/it/10 f \OMS/cmsy/m/n/10 ^^C \OML/
cmm/m/it/10 k\/cmr/m/n/10 )(\OML/cmm/m/it/10 x\/cmr/m/n/10 ) = [][] \OML/cmm/m/
it/10 f\/cmr/m/n/10 (\OML/cmm/m/it/10 u\/cmr/m/n/10 )\OML/cmm/m/it/10 k\/cmr/m/
n/10 ((\OML/cmm/m/it/10 x \OMS/cmsy/m/n/10 ^^@ \OML/cmm/m/it/10 a\/cmr/m/n/10 )
 \OMS/cmsy/m/n/10 ^^@ \OML/cmm/m/it/10 u\/cmr/m/n/10 )\OML/cmm/m/it/10 du
 []

Missing character: There is no Q in font nullfont!
Missing character: There is no u in font nullfont!
Missing character: There is no e in font nullfont!
Missing character: There is no p in font nullfont!
Missing character: There is no o in font nullfont!
Missing character: There is no r in font nullfont!
Missing character: There is no d in font nullfont!
Missing character: There is no e in font nullfont!
Missing character: There is no f in font nullfont!
Missing character: There is no i in font nullfont!
Missing character: There is no n in font nullfont!
Missing character: There is no i in font nullfont!
Missing character: There is no c in font nullfont!
Missing character: There is no i in font nullfont!
Missing character: There is no n in font nullfont!
Missing character: There is no t in font nullfont!
Missing character: There is no e in font nullfont!
Missing character: There is no n in font nullfont!
Missing character: There is no e in font nullfont!
Missing character: There is no m in font nullfont!
Missing character: There is no o in font nullfont!
Missing character: There is no s in font nullfont!
Missing character: There is no q in font nullfont!
Missing character: There is no u in font nullfont!
Missing character: There is no e in font nullfont!
Missing character: There is no : in font nullfont!

Overfull \hbox (5.00002pt too wide) in paragraph at lines 427--429
  \/cmr/m/n/10 ^^So
 []

! Undefined control sequence.
l.431      \int_{\mathbb
                        {R}} f(u)k((x-a)-u)du
The control sequence at the end of the top line
of your error message was never \def'ed. If you have
misspelled it (e.g., `\hobx'), type `I' and the correct
spelling (e.g., `I\hbox'). Otherwise just continue,
and I'll forget about whatever was undefined.


Overfull \hbox (161.70506pt too wide) detected at line 432
\/cmr/m/n/10 (\OML/cmm/m/it/10 f \OMS/cmsy/m/n/10 ^^C \OML/cmm/m/it/10 k\/cmr/m
/n/10 )(\OML/cmm/m/it/10 x \OMS/cmsy/m/n/10 ^^@ \OML/cmm/m/it/10 a\/cmr/m/n/10 
) = [][] \OML/cmm/m/it/10 f\/cmr/m/n/10 (\OML/cmm/m/it/10 u\/cmr/m/n/10 )\OML/c
mm/m/it/10 k\/cmr/m/n/10 ((\OML/cmm/m/it/10 x \OMS/cmsy/m/n/10 ^^@ \OML/cmm/m/i
t/10 a\/cmr/m/n/10 ) \OMS/cmsy/m/n/10 ^^@ \OML/cmm/m/it/10 u\/cmr/m/n/10 )\OML/
cmm/m/it/10 du
 []

Missing character: There is no P in font nullfont!
Missing character: There is no o in font nullfont!
Missing character: There is no r in font nullfont!
Missing character: There is no l in font nullfont!
Missing character: There is no o in font nullfont!
Missing character: There is no t in font nullfont!
Missing character: There is no a in font nullfont!
Missing character: There is no n in font nullfont!
Missing character: There is no t in font nullfont!
Missing character: There is no o in font nullfont!
Missing character: There is no : in font nullfont!
! Undefined control sequence.
l.435 ...)(x-a) \hspace{1cm} \forall x \in \mathbb
                                                  {R}
The control sequence at the end of the top line
of your error message was never \def'ed. If you have
misspelled it (e.g., `\hobx'), type `I' and the correct
spelling (e.g., `I\hbox'). Otherwise just continue,
and I'll forget about whatever was undefined.


Overfull \hbox (174.37834pt too wide) detected at line 436
\/cmr/m/n/10 (\OT1/cmr/bx/n/10 T[]\OML/cmm/m/it/10 f \OMS/cmsy/m/n/10 ^^C \OML/
cmm/m/it/10 k\/cmr/m/n/10 )(\OML/cmm/m/it/10 x\/cmr/m/n/10 ) = (\OML/cmm/m/it/1
0 f \OMS/cmsy/m/n/10 ^^C \OML/cmm/m/it/10 k\/cmr/m/n/10 )(\OML/cmm/m/it/10 x \O
MS/cmsy/m/n/10 ^^@ \OML/cmm/m/it/10 a\/cmr/m/n/10 ) \OMS/cmsy/m/n/10 8\OML/cmm/
m/it/10 x \OMS/cmsy/m/n/10 2 \OML/cmm/m/it/10 R
 []


! LaTeX Error: \begin{document} ended by \end{observation}.

See the LaTeX manual or LaTeX Companion for explanation.
Type  H <return>  for immediate help.
 ...                                              
                                                  
l.437  \end{observation}
                        
Your command was ignored.
Type  I <command> <return>  to replace it with another command,
or  <return>  to continue without it.

Missing character: There is no D in font nullfont!
Missing character: There is no e in font nullfont!
Missing character: There is no e in font nullfont!
Missing character: There is no s in font nullfont!
Missing character: There is no t in font nullfont!
Missing character: There is no a in font nullfont!
Missing character: There is no f in font nullfont!
Missing character: There is no o in font nullfont!
Missing character: There is no r in font nullfont!
Missing character: There is no m in font nullfont!
Missing character: There is no a in font nullfont!
Missing character: There is no , in font nullfont!
Missing character: There is no d in font nullfont!
Missing character: There is no e in font nullfont!
Missing character: There is no m in font nullfont!
Missing character: There is no o in font nullfont!
Missing character: There is no s in font nullfont!
Missing character: There is no t in font nullfont!
Missing character: There is no r in font nullfont!
Missing character: There is no a in font nullfont!
Missing character: There is no m in font nullfont!
Missing character: There is no o in font nullfont!
Missing character: There is no s in font nullfont!
Missing character: There is no q in font nullfont!
Missing character: There is no u in font nullfont!
Missing character: There is no e in font nullfont!
Missing character: There is no l in font nullfont!
Missing character: There is no a in font nullfont!
Missing character: There is no o in font nullfont!
Missing character: There is no p in font nullfont!
Missing character: There is no e in font nullfont!
Missing character: There is no r in font nullfont!
Missing character: There is no a in font nullfont!
Missing character: There is no c in font nullfont!
Missing character: There is no i in font nullfont!
Missing character: There is no n in font nullfont!
Missing character: There is no c in font nullfont!
Missing character: There is no o in font nullfont!
Missing character: There is no n in font nullfont!
Missing character: There is no v in font nullfont!
Missing character: There is no o in font nullfont!
Missing character: There is no l in font nullfont!
Missing character: There is no u in font nullfont!
Missing character: There is no c in font nullfont!
Missing character: There is no i in font nullfont!
Missing character: There is no n in font nullfont!
Missing character: There is no p in font nullfont!
Missing character: There is no a in font nullfont!
Missing character: There is no r in font nullfont!
Missing character: There is no a in font nullfont!
Missing character: There is no f in font nullfont!
Missing character: There is no u in font nullfont!
Missing character: There is no n in font nullfont!
Missing character: There is no c in font nullfont!
Missing character: There is no i in font nullfont!
Missing character: There is no o in font nullfont!
Missing character: There is no n in font nullfont!
Missing character: There is no e in font nullfont!
Missing character: There is no s in font nullfont!
Missing character: There is no d in font nullfont!
Missing character: There is no e in font nullfont!
Missing character: There is no f in font nullfont!
Missing character: There is no i in font nullfont!
Missing character: There is no n in font nullfont!
Missing character: There is no i in font nullfont!
Missing character: There is no d in font nullfont!
Missing character: There is no a in font nullfont!
Missing character: There is no s in font nullfont!
Missing character: There is no e in font nullfont!
Missing character: There is no n in font nullfont!
! Undefined control sequence.
<recently read> \mathbb 
                        
l.438 ...^b3n para funciones definidas en $\mathbb
                                                  {R}$ son equivariantes con...
The control sequence at the end of the top line
of your error message was never \def'ed. If you have
misspelled it (e.g., `\hobx'), type `I' and the correct
spelling (e.g., `I\hbox'). Otherwise just continue,
and I'll forget about whatever was undefined.

Missing character: There is no s in font nullfont!
Missing character: There is no o in font nullfont!
Missing character: There is no n in font nullfont!
Missing character: There is no e in font nullfont!
Missing character: There is no q in font nullfont!
Missing character: There is no u in font nullfont!
Missing character: There is no i in font nullfont!
Missing character: There is no v in font nullfont!
Missing character: There is no a in font nullfont!
Missing character: There is no r in font nullfont!
Missing character: There is no i in font nullfont!
Missing character: There is no a in font nullfont!
Missing character: There is no n in font nullfont!
Missing character: There is no t in font nullfont!
Missing character: There is no e in font nullfont!
Missing character: There is no s in font nullfont!
Missing character: There is no c in font nullfont!
Missing character: There is no o in font nullfont!
Missing character: There is no n in font nullfont!
Missing character: There is no r in font nullfont!
Missing character: There is no e in font nullfont!
Missing character: There is no s in font nullfont!
Missing character: There is no p in font nullfont!
Missing character: There is no e in font nullfont!
Missing character: There is no c in font nullfont!
Missing character: There is no t in font nullfont!
Missing character: There is no o in font nullfont!
Missing character: There is no a in font nullfont!
Missing character: There is no l in font nullfont!
Missing character: There is no a in font nullfont!
Missing character: There is no s in font nullfont!
Missing character: There is no t in font nullfont!
Missing character: There is no r in font nullfont!
Missing character: There is no a in font nullfont!
Missing character: There is no s in font nullfont!
Missing character: There is no l in font nullfont!
Missing character: There is no a in font nullfont!
Missing character: There is no c in font nullfont!
Missing character: There is no i in font nullfont!
Missing character: There is no o in font nullfont!
Missing character: There is no n in font nullfont!
Missing character: There is no e in font nullfont!
Missing character: There is no s in font nullfont!
Missing character: There is no . in font nullfont!
Missing character: There is no E in font nullfont!
Missing character: There is no s in font nullfont!
Missing character: There is no d in font nullfont!
Missing character: There is no e in font nullfont!
Missing character: There is no c in font nullfont!
Missing character: There is no i in font nullfont!
Missing character: There is no r in font nullfont!
Missing character: There is no , in font nullfont!
Missing character: There is no q in font nullfont!
Missing character: There is no u in font nullfont!
Missing character: There is no e in font nullfont!
Missing character: There is no e in font nullfont!
Missing character: There is no n in font nullfont!
Missing character: There is no e in font nullfont!
Missing character: There is no l in font nullfont!
Missing character: There is no c in font nullfont!
Missing character: There is no o in font nullfont!
Missing character: There is no n in font nullfont!
Missing character: There is no t in font nullfont!
Missing character: There is no e in font nullfont!
Missing character: There is no x in font nullfont!
Missing character: There is no t in font nullfont!
Missing character: There is no o in font nullfont!
Missing character: There is no d in font nullfont!
Missing character: There is no e in font nullfont!
Missing character: There is no l in font nullfont!
Missing character: There is no a in font nullfont!
Missing character: There is no s in font nullfont!
Missing character: There is no r in font nullfont!
Missing character: There is no e in font nullfont!
Missing character: There is no d in font nullfont!
Missing character: There is no e in font nullfont!
Missing character: There is no s in font nullfont!
Missing character: There is no n in font nullfont!
Missing character: There is no e in font nullfont!
Missing character: There is no u in font nullfont!
Missing character: There is no r in font nullfont!
Missing character: There is no o in font nullfont!
Missing character: There is no n in font nullfont!
Missing character: There is no a in font nullfont!
Missing character: There is no l in font nullfont!
Missing character: There is no e in font nullfont!
Missing character: There is no s in font nullfont!
Missing character: There is no , in font nullfont!
Missing character: There is no s in font nullfont!
Missing character: There is no i in font nullfont!
Missing character: There is no t in font nullfont!
Missing character: There is no r in font nullfont!
Missing character: There is no a in font nullfont!
Missing character: There is no s in font nullfont!
Missing character: There is no l in font nullfont!
Missing character: There is no a in font nullfont!
Missing character: There is no d in font nullfont!
Missing character: There is no a in font nullfont!
Missing character: There is no m in font nullfont!
Missing character: There is no o in font nullfont!
Missing character: There is no s in font nullfont!
Missing character: There is no l in font nullfont!
Missing character: There is no a in font nullfont!
Missing character: There is no e in font nullfont!
Missing character: There is no n in font nullfont!
Missing character: There is no t in font nullfont!
Missing character: There is no r in font nullfont!
Missing character: There is no a in font nullfont!
Missing character: There is no d in font nullfont!
Missing character: There is no a in font nullfont!
Missing character: There is no d in font nullfont!
Missing character: There is no e in font nullfont!
Missing character: There is no l in font nullfont!
Missing character: There is no a in font nullfont!
Missing character: There is no r in font nullfont!
Missing character: There is no e in font nullfont!
Missing character: There is no d in font nullfont!
Missing character: There is no , in font nullfont!
Missing character: There is no s in font nullfont!
Missing character: There is no i in font nullfont!
Missing character: There is no g in font nullfont!
Missing character: There is no n in font nullfont!
Missing character: There is no i in font nullfont!
Missing character: There is no f in font nullfont!
Missing character: There is no i in font nullfont!
Missing character: There is no c in font nullfont!
Missing character: There is no a in font nullfont!
Missing character: There is no q in font nullfont!
Missing character: There is no u in font nullfont!
Missing character: There is no e in font nullfont!
Missing character: There is no l in font nullfont!
Missing character: There is no a in font nullfont!
Missing character: There is no s in font nullfont!
Missing character: There is no a in font nullfont!
Missing character: There is no l in font nullfont!
Missing character: There is no i in font nullfont!
Missing character: There is no d in font nullfont!
Missing character: There is no a in font nullfont!
Missing character: There is no e in font nullfont!
Missing character: There is no s in font nullfont!
Missing character: There is no t in font nullfont!
Missing character: There is no a in font nullfont!
Missing character: There is no r in font nullfont!
Missing character: There is no t in font nullfont!
Missing character: There is no r in font nullfont!
Missing character: There is no a in font nullfont!
Missing character: There is no s in font nullfont!
Missing character: There is no l in font nullfont!
Missing character: There is no a in font nullfont!
Missing character: There is no d in font nullfont!
Missing character: There is no a in font nullfont!
Missing character: There is no e in font nullfont!
Missing character: There is no n in font nullfont!
Missing character: There is no l in font nullfont!
Missing character: There is no a in font nullfont!
Missing character: There is no m in font nullfont!
Missing character: There is no i in font nullfont!
Missing character: There is no s in font nullfont!
Missing character: There is no m in font nullfont!
Missing character: There is no a in font nullfont!
Missing character: There is no m in font nullfont!
Missing character: There is no e in font nullfont!
Missing character: There is no d in font nullfont!
Missing character: There is no i in font nullfont!
Missing character: There is no d in font nullfont!
Missing character: There is no a in font nullfont!
Missing character: There is no , in font nullfont!
Missing character: There is no l in font nullfont!
Missing character: There is no o in font nullfont!
Missing character: There is no c in font nullfont!
Missing character: There is no u in font nullfont!
Missing character: There is no a in font nullfont!
Missing character: There is no l in font nullfont!
Missing character: There is no e in font nullfont!
Missing character: There is no s in font nullfont!
Missing character: There is no t in font nullfont!
Missing character: There is no i in font nullfont!
Missing character: There is no l in font nullfont!
Missing character: There is no c in font nullfont!
Missing character: There is no u in font nullfont!
Missing character: There is no a in font nullfont!
Missing character: There is no n in font nullfont!
Missing character: There is no d in font nullfont!
Missing character: There is no o in font nullfont!
Missing character: There is no s in font nullfont!
Missing character: There is no e in font nullfont!
Missing character: There is no a in font nullfont!
Missing character: There is no p in font nullfont!
Missing character: There is no l in font nullfont!
Missing character: There is no i in font nullfont!
Missing character: There is no c in font nullfont!
Missing character: There is no a in font nullfont!
Missing character: There is no a in font nullfont!
Missing character: There is no m in font nullfont!
Missing character: There is no l in font nullfont!
Missing character: There is no t in font nullfont!
Missing character: There is no i in font nullfont!
Missing character: There is no p in font nullfont!
Missing character: There is no l in font nullfont!
Missing character: There is no e in font nullfont!
Missing character: There is no s in font nullfont!
Missing character: There is no u in font nullfont!
Missing character: There is no b in font nullfont!
Missing character: There is no i in font nullfont!
Missing character: There is no c in font nullfont!
Missing character: There is no a in font nullfont!
Missing character: There is no c in font nullfont!
Missing character: There is no i in font nullfont!
Missing character: There is no o in font nullfont!
Missing character: There is no n in font nullfont!
Missing character: There is no e in font nullfont!
Missing character: There is no s in font nullfont!
Missing character: There is no e in font nullfont!
Missing character: There is no n in font nullfont!
Missing character: There is no l in font nullfont!
Missing character: There is no a in font nullfont!
Missing character: There is no e in font nullfont!
Missing character: There is no n in font nullfont!
Missing character: There is no t in font nullfont!
Missing character: There is no r in font nullfont!
Missing character: There is no a in font nullfont!
Missing character: There is no d in font nullfont!
Missing character: There is no a in font nullfont!
Missing character: There is no . in font nullfont!

Overfull \hbox (5.00002pt too wide) in paragraph at lines 436--440
       \/cmr/m/n/10 ^^So
 []


Overfull \hbox (5.00002pt too wide) in paragraph at lines 436--440
\/cmr/m/n/10 ^^So
 []


Overfull \hbox (7.67015pt too wide) in paragraph at lines 436--440
\OML/cmm/m/it/10 R$
 []


Overfull \hbox (5.00002pt too wide) in paragraph at lines 436--440
\/cmr/m/n/10 ^^Sa
 []


Overfull \hbox (5.55557pt too wide) in paragraph at lines 436--440
\/cmr/m/n/10 ^^Su
 []


Overfull \hbox (5.55557pt too wide) in paragraph at lines 436--440
\/cmr/m/n/10 ^^Su
 []


! LaTeX Error: Environment definition undefined.

See the LaTeX manual or LaTeX Companion for explanation.
Type  H <return>  for immediate help.
 ...                                              
                                                  
l.441  \begin{definition}
                         [Max Pooling]
Your command was ignored.
Type  I <command> <return>  to replace it with another command,
or  <return>  to continue without it.

Missing character: There is no [ in font nullfont!
Missing character: There is no M in font nullfont!
Missing character: There is no a in font nullfont!
Missing character: There is no x in font nullfont!
Missing character: There is no P in font nullfont!
Missing character: There is no o in font nullfont!
Missing character: There is no o in font nullfont!
Missing character: There is no l in font nullfont!
Missing character: There is no i in font nullfont!
Missing character: There is no n in font nullfont!
Missing character: There is no g in font nullfont!
Missing character: There is no ] in font nullfont!
Missing character: There is no S in font nullfont!
Missing character: There is no e in font nullfont!
Missing character: There is no a in font nullfont!
Missing character: There is no u in font nullfont!
Missing character: There is no n in font nullfont!
Missing character: There is no a in font nullfont!
Missing character: There is no e in font nullfont!
Missing character: There is no n in font nullfont!
Missing character: There is no t in font nullfont!
Missing character: There is no r in font nullfont!
Missing character: There is no a in font nullfont!
Missing character: There is no d in font nullfont!
Missing character: There is no a in font nullfont!
Missing character: There is no e in font nullfont!
Missing character: There is no n in font nullfont!
! Undefined control sequence.
<recently read> \mathbb 
                        
l.442  Sea $\mathbf{X}$ una entrada en $\mathbb
                                               {R}^{m \times n}$, $\mathbf{s...
The control sequence at the end of the top line
of your error message was never \def'ed. If you have
misspelled it (e.g., `\hobx'), type `I' and the correct
spelling (e.g., `I\hbox'). Otherwise just continue,
and I'll forget about whatever was undefined.

Missing character: There is no , in font nullfont!
Missing character: There is no u in font nullfont!
Missing character: There is no n in font nullfont!
Missing character: There is no s in font nullfont!
Missing character: There is no t in font nullfont!
Missing character: There is no r in font nullfont!
Missing character: There is no i in font nullfont!
Missing character: There is no d in font nullfont!
Missing character: There is no e in font nullfont!
Missing character: There is no d in font nullfont!
Missing character: There is no a in font nullfont!
Missing character: There is no d in font nullfont!
Missing character: There is no o in font nullfont!
Missing character: There is no , in font nullfont!
! Undefined control sequence.
l.442 ...{s}$ un stride dado, $\mathbf{M}: \mathbb
                                                  {R}^{m \times n} \longrigh...
The control sequence at the end of the top line
of your error message was never \def'ed. If you have
misspelled it (e.g., `\hobx'), type `I' and the correct
spelling (e.g., `I\hbox'). Otherwise just continue,
and I'll forget about whatever was undefined.

! Undefined control sequence.
l.442 ...b{R}^{m \times n} \longrightarrow \mathbb
                                                  {R}^{p \times q}$ una func...
The control sequence at the end of the top line
of your error message was never \def'ed. If you have
misspelled it (e.g., `\hobx'), type `I' and the correct
spelling (e.g., `I\hbox'). Otherwise just continue,
and I'll forget about whatever was undefined.

Missing character: There is no u in font nullfont!
Missing character: There is no n in font nullfont!
Missing character: There is no a in font nullfont!
Missing character: There is no f in font nullfont!
Missing character: There is no u in font nullfont!
Missing character: There is no n in font nullfont!
Missing character: There is no c in font nullfont!
Missing character: There is no i in font nullfont!
Missing character: There is no n in font nullfont!
Missing character: There is no , in font nullfont!
Missing character: There is no e in font nullfont!
Missing character: There is no n in font nullfont!
Missing character: There is no t in font nullfont!
Missing character: There is no o in font nullfont!
Missing character: There is no n in font nullfont!
Missing character: There is no c in font nullfont!
Missing character: There is no e in font nullfont!
Missing character: There is no s in font nullfont!
Missing character: There is no l in font nullfont!
Missing character: There is no a in font nullfont!
Missing character: There is no f in font nullfont!
Missing character: There is no u in font nullfont!
Missing character: There is no n in font nullfont!
Missing character: There is no c in font nullfont!
Missing character: There is no i in font nullfont!
Missing character: There is no n in font nullfont!
Missing character: There is no e in font nullfont!
Missing character: There is no s in font nullfont!
Missing character: There is no t in font nullfont!
Missing character: There is no d in font nullfont!
Missing character: There is no a in font nullfont!
Missing character: There is no d in font nullfont!
Missing character: There is no a in font nullfont!
Missing character: There is no p in font nullfont!
Missing character: There is no o in font nullfont!
Missing character: There is no r in font nullfont!
Missing character: There is no : in font nullfont!

Overfull \hbox (20.0pt too wide) in paragraph at lines 441--443
[]
 []


Overfull \hbox (8.6944pt too wide) in paragraph at lines 441--443
\OT1/cmr/bx/n/10 X$
 []


Overfull \hbox (26.45961pt too wide) in paragraph at lines 441--443
\OML/cmm/m/it/10 R[]$
 []


Overfull \hbox (4.53607pt too wide) in paragraph at lines 441--443
\OT1/cmr/bx/n/10 s$
 []


Overfull \hbox (16.4721pt too wide) in paragraph at lines 441--443
\OT1/cmr/bx/n/10 M \/cmr/m/n/10 :
 []


Overfull \hbox (45.34851pt too wide) in paragraph at lines 441--443
\OML/cmm/m/it/10 R[] [][]\OMS/cmsy/m/n/10 !
 []


Overfull \hbox (22.45885pt too wide) in paragraph at lines 441--443
\OML/cmm/m/it/10 R[]$
 []


Overfull \hbox (5.00002pt too wide) in paragraph at lines 441--443
\/cmr/m/n/10 ^^So
 []


Overfull \hbox (5.00002pt too wide) in paragraph at lines 441--443
\/cmr/m/n/10 ^^So
 []


Overfull \hbox (10.91661pt too wide) in paragraph at lines 441--443
\OT1/cmr/bx/n/10 M$
 []


Overfull \hbox (5.00002pt too wide) in paragraph at lines 441--443
\/cmr/m/n/10 ^^Sa
 []


Overfull \hbox (188.1972pt too wide) detected at line 445
\OT1/cmr/bx/n/10 M\/cmr/m/n/10 (\OT1/cmr/bx/n/10 X\/cmr/m/n/10 )(\OML/cmm/m/it/
10 i; j\/cmr/m/n/10 ) = [] \OT1/cmr/bx/n/10 X\/cmr/m/n/10 (\OML/cmm/m/it/10 i \
OMS/cmsy/m/n/10 ^^A \OML/cmm/m/it/10 s \/cmr/m/n/10 + \OML/cmm/m/it/10 u; j \OM
S/cmsy/m/n/10 ^^A \OML/cmm/m/it/10 s \/cmr/m/n/10 + \OML/cmm/m/it/10 v\/cmr/m/n
/10 )
 []


! LaTeX Error: \begin{document} ended by \end{definition}.

See the LaTeX manual or LaTeX Companion for explanation.
Type  H <return>  for immediate help.
 ...                                              
                                                  
l.446  \end{definition}
                       
Your command was ignored.
Type  I <command> <return>  to replace it with another command,
or  <return>  to continue without it.


! LaTeX Error: Environment definition undefined.

See the LaTeX manual or LaTeX Companion for explanation.
Type  H <return>  for immediate help.
 ...                                              
                                                  
l.448  \begin{definition}
                         [Average pooling]
Your command was ignored.
Type  I <command> <return>  to replace it with another command,
or  <return>  to continue without it.

Missing character: There is no [ in font nullfont!
Missing character: There is no A in font nullfont!
Missing character: There is no v in font nullfont!
Missing character: There is no e in font nullfont!
Missing character: There is no r in font nullfont!
Missing character: There is no a in font nullfont!
Missing character: There is no g in font nullfont!
Missing character: There is no e in font nullfont!
Missing character: There is no p in font nullfont!
Missing character: There is no o in font nullfont!
Missing character: There is no o in font nullfont!
Missing character: There is no l in font nullfont!
Missing character: There is no i in font nullfont!
Missing character: There is no n in font nullfont!
Missing character: There is no g in font nullfont!
Missing character: There is no ] in font nullfont!
Missing character: There is no S in font nullfont!
Missing character: There is no e in font nullfont!
Missing character: There is no a in font nullfont!
Missing character: There is no u in font nullfont!
Missing character: There is no n in font nullfont!
Missing character: There is no a in font nullfont!
Missing character: There is no e in font nullfont!
Missing character: There is no n in font nullfont!
Missing character: There is no t in font nullfont!
Missing character: There is no r in font nullfont!
Missing character: There is no a in font nullfont!
Missing character: There is no d in font nullfont!
Missing character: There is no a in font nullfont!
Missing character: There is no e in font nullfont!
Missing character: There is no n in font nullfont!
! Undefined control sequence.
<recently read> \mathbb 
                        
l.449  Sea $\mathbf{X}$ una entrada en $\mathbb
                                               {R}^{m \times n}$, $\mathbf{s...
The control sequence at the end of the top line
of your error message was never \def'ed. If you have
misspelled it (e.g., `\hobx'), type `I' and the correct
spelling (e.g., `I\hbox'). Otherwise just continue,
and I'll forget about whatever was undefined.

Missing character: There is no , in font nullfont!
Missing character: There is no u in font nullfont!
Missing character: There is no n in font nullfont!
Missing character: There is no s in font nullfont!
Missing character: There is no t in font nullfont!
Missing character: There is no r in font nullfont!
Missing character: There is no i in font nullfont!
Missing character: There is no d in font nullfont!
Missing character: There is no e in font nullfont!
Missing character: There is no d in font nullfont!
Missing character: There is no a in font nullfont!
Missing character: There is no d in font nullfont!
Missing character: There is no o in font nullfont!
Missing character: There is no , in font nullfont!
! Undefined control sequence.
l.449 ...{s}$ un stride dado, $\mathbf{A}: \mathbb
                                                  {R}^{m \times n} \longrigh...
The control sequence at the end of the top line
of your error message was never \def'ed. If you have
misspelled it (e.g., `\hobx'), type `I' and the correct
spelling (e.g., `I\hbox'). Otherwise just continue,
and I'll forget about whatever was undefined.

! Undefined control sequence.
l.449 ...b{R}^{m \times n} \longrightarrow \mathbb
                                                  {R}^{p \times q}$ una func...
The control sequence at the end of the top line
of your error message was never \def'ed. If you have
misspelled it (e.g., `\hobx'), type `I' and the correct
spelling (e.g., `I\hbox'). Otherwise just continue,
and I'll forget about whatever was undefined.

Missing character: There is no u in font nullfont!
Missing character: There is no n in font nullfont!
Missing character: There is no a in font nullfont!
Missing character: There is no f in font nullfont!
Missing character: There is no u in font nullfont!
Missing character: There is no n in font nullfont!
Missing character: There is no c in font nullfont!
Missing character: There is no i in font nullfont!
Missing character: There is no n in font nullfont!
Missing character: There is no , in font nullfont!
Missing character: There is no e in font nullfont!
Missing character: There is no n in font nullfont!
Missing character: There is no t in font nullfont!
Missing character: There is no o in font nullfont!
Missing character: There is no n in font nullfont!
Missing character: There is no c in font nullfont!
Missing character: There is no e in font nullfont!
Missing character: There is no s in font nullfont!
Missing character: There is no l in font nullfont!
Missing character: There is no a in font nullfont!
Missing character: There is no f in font nullfont!
Missing character: There is no u in font nullfont!
Missing character: There is no n in font nullfont!
Missing character: There is no c in font nullfont!
Missing character: There is no i in font nullfont!
Missing character: There is no n in font nullfont!
Missing character: There is no e in font nullfont!
Missing character: There is no s in font nullfont!
Missing character: There is no t in font nullfont!
Missing character: There is no d in font nullfont!
Missing character: There is no a in font nullfont!
Missing character: There is no d in font nullfont!
Missing character: There is no a in font nullfont!
Missing character: There is no p in font nullfont!
Missing character: There is no o in font nullfont!
Missing character: There is no r in font nullfont!
Missing character: There is no : in font nullfont!

Overfull \hbox (20.0pt too wide) in paragraph at lines 448--450
[]
 []


Overfull \hbox (8.6944pt too wide) in paragraph at lines 448--450
\OT1/cmr/bx/n/10 X$
 []


Overfull \hbox (26.45961pt too wide) in paragraph at lines 448--450
\OML/cmm/m/it/10 R[]$
 []


Overfull \hbox (4.53607pt too wide) in paragraph at lines 448--450
\OT1/cmr/bx/n/10 s$
 []


Overfull \hbox (14.2499pt too wide) in paragraph at lines 448--450
\OT1/cmr/bx/n/10 A \/cmr/m/n/10 :
 []


Overfull \hbox (45.34851pt too wide) in paragraph at lines 448--450
\OML/cmm/m/it/10 R[] [][]\OMS/cmsy/m/n/10 !
 []


Overfull \hbox (22.45885pt too wide) in paragraph at lines 448--450
\OML/cmm/m/it/10 R[]$
 []


Overfull \hbox (5.00002pt too wide) in paragraph at lines 448--450
\/cmr/m/n/10 ^^So
 []


Overfull \hbox (5.00002pt too wide) in paragraph at lines 448--450
\/cmr/m/n/10 ^^So
 []


Overfull \hbox (8.6944pt too wide) in paragraph at lines 448--450
\OT1/cmr/bx/n/10 A$
 []


Overfull \hbox (5.00002pt too wide) in paragraph at lines 448--450
\/cmr/m/n/10 ^^Sa
 []


Overfull \hbox (188.26591pt too wide) detected at line 452
\OT1/cmr/bx/n/10 A\/cmr/m/n/10 (\OT1/cmr/bx/n/10 X\/cmr/m/n/10 )(\OML/cmm/m/it/
10 i; j\/cmr/m/n/10 ) = [] [] [] \OT1/cmr/bx/n/10 X\/cmr/m/n/10 (\OML/cmm/m/it/
10 i \OMS/cmsy/m/n/10 ^^A \OML/cmm/m/it/10 s \/cmr/m/n/10 + \OML/cmm/m/it/10 u;
 j \OMS/cmsy/m/n/10 ^^A \OML/cmm/m/it/10 s \/cmr/m/n/10 + \OML/cmm/m/it/10 v\/c
mr/m/n/10 )
 []


! LaTeX Error: \begin{document} ended by \end{definition}.

See the LaTeX manual or LaTeX Companion for explanation.
Type  H <return>  for immediate help.
 ...                                              
                                                  
l.453 \end{definition}
                      
Your command was ignored.
Type  I <command> <return>  to replace it with another command,
or  <return>  to continue without it.

Missing character: There is no H in font nullfont!
Missing character: There is no a in font nullfont!
Missing character: There is no s in font nullfont!
Missing character: There is no t in font nullfont!
Missing character: There is no a in font nullfont!
Missing character: There is no a in font nullfont!
Missing character: There is no h in font nullfont!
Missing character: There is no o in font nullfont!
Missing character: There is no r in font nullfont!
Missing character: There is no a in font nullfont!
Missing character: There is no , in font nullfont!
Missing character: There is no s in font nullfont!
Missing character: There is no e in font nullfont!
Missing character: There is no h in font nullfont!
Missing character: There is no a in font nullfont!
Missing character: There is no v in font nullfont!
Missing character: There is no i in font nullfont!
Missing character: There is no s in font nullfont!
Missing character: There is no t in font nullfont!
Missing character: There is no o in font nullfont!
Missing character: There is no c in font nullfont!
Missing character: There is no o in font nullfont!
Missing character: There is no m in font nullfont!
Missing character: There is no o in font nullfont!
Missing character: There is no l in font nullfont!
Missing character: There is no a in font nullfont!
Missing character: There is no s in font nullfont!
Missing character: There is no o in font nullfont!
Missing character: There is no p in font nullfont!
Missing character: There is no e in font nullfont!
Missing character: There is no r in font nullfont!
Missing character: There is no a in font nullfont!
Missing character: There is no c in font nullfont!
Missing character: There is no i in font nullfont!
Missing character: There is no o in font nullfont!
Missing character: There is no n in font nullfont!
Missing character: There is no e in font nullfont!
Missing character: There is no s in font nullfont!
Missing character: There is no d in font nullfont!
Missing character: There is no e in font nullfont!
Missing character: There is no c in font nullfont!
Missing character: There is no o in font nullfont!
Missing character: There is no n in font nullfont!
Missing character: There is no v in font nullfont!
Missing character: There is no o in font nullfont!
Missing character: There is no l in font nullfont!
Missing character: There is no u in font nullfont!
Missing character: There is no c in font nullfont!
Missing character: There is no i in font nullfont!
Missing character: There is no n in font nullfont!
Missing character: There is no y in font nullfont!
Missing character: There is no p in font nullfont!
Missing character: There is no o in font nullfont!
Missing character: There is no o in font nullfont!
Missing character: There is no l in font nullfont!
Missing character: There is no i in font nullfont!
Missing character: There is no n in font nullfont!
Missing character: There is no g in font nullfont!
Missing character: There is no e in font nullfont!
Missing character: There is no x in font nullfont!
Missing character: There is no t in font nullfont!
Missing character: There is no r in font nullfont!
Missing character: There is no a in font nullfont!
Missing character: There is no e in font nullfont!
Missing character: There is no n in font nullfont!
Missing character: There is no l in font nullfont!
Missing character: There is no a in font nullfont!
Missing character: There is no s in font nullfont!
Missing character: There is no c in font nullfont!
Missing character: There is no a in font nullfont!
Missing character: There is no r in font nullfont!
Missing character: There is no a in font nullfont!
Missing character: There is no c in font nullfont!
Missing character: There is no t in font nullfont!
Missing character: There is no e in font nullfont!
Missing character: There is no r in font nullfont!
Missing character: There is no s in font nullfont!
Missing character: There is no t in font nullfont!
Missing character: There is no i in font nullfont!
Missing character: There is no c in font nullfont!
Missing character: There is no a in font nullfont!
Missing character: There is no s in font nullfont!
Missing character: There is no d in font nullfont!
Missing character: There is no e in font nullfont!
Missing character: There is no u in font nullfont!
Missing character: There is no n in font nullfont!
Missing character: There is no a in font nullfont!
Missing character: There is no r in font nullfont!
Missing character: There is no e in font nullfont!
Missing character: There is no d in font nullfont!
Missing character: There is no n in font nullfont!
Missing character: There is no e in font nullfont!
Missing character: There is no u in font nullfont!
Missing character: There is no r in font nullfont!
Missing character: There is no o in font nullfont!
Missing character: There is no n in font nullfont!
Missing character: There is no a in font nullfont!
Missing character: There is no l in font nullfont!
Missing character: There is no , in font nullfont!
Missing character: There is no u in font nullfont!
Missing character: There is no n in font nullfont!
Missing character: There is no a in font nullfont!
Missing character: There is no v in font nullfont!
Missing character: There is no e in font nullfont!
Missing character: There is no z in font nullfont!
Missing character: There is no r in font nullfont!
Missing character: There is no e in font nullfont!
Missing character: There is no a in font nullfont!
Missing character: There is no l in font nullfont!
Missing character: There is no i in font nullfont!
Missing character: There is no z in font nullfont!
Missing character: There is no a in font nullfont!
Missing character: There is no d in font nullfont!
Missing character: There is no a in font nullfont!
Missing character: There is no s in font nullfont!
Missing character: There is no e in font nullfont!
Missing character: There is no s in font nullfont!
Missing character: There is no t in font nullfont!
Missing character: There is no a in font nullfont!
Missing character: There is no s in font nullfont!
Missing character: There is no o in font nullfont!
Missing character: There is no p in font nullfont!
Missing character: There is no e in font nullfont!
Missing character: There is no r in font nullfont!
Missing character: There is no a in font nullfont!
Missing character: There is no c in font nullfont!
Missing character: There is no i in font nullfont!
Missing character: There is no o in font nullfont!
Missing character: There is no n in font nullfont!
Missing character: There is no e in font nullfont!
Missing character: There is no s in font nullfont!
Missing character: There is no , in font nullfont!
Missing character: There is no e in font nullfont!
Missing character: There is no l in font nullfont!
Missing character: There is no r in font nullfont!
Missing character: There is no e in font nullfont!
Missing character: There is no s in font nullfont!
Missing character: There is no u in font nullfont!
Missing character: There is no l in font nullfont!
Missing character: There is no t in font nullfont!
Missing character: There is no a in font nullfont!
Missing character: There is no d in font nullfont!
Missing character: There is no o in font nullfont!
Missing character: There is no s in font nullfont!
Missing character: There is no e in font nullfont!
Missing character: There is no a in font nullfont!
Missing character: There is no p in font nullfont!
Missing character: There is no l in font nullfont!
Missing character: There is no a in font nullfont!
Missing character: There is no n in font nullfont!
Missing character: There is no a in font nullfont!
Missing character: There is no e in font nullfont!
Missing character: There is no n in font nullfont!
Missing character: There is no u in font nullfont!
Missing character: There is no n in font nullfont!
Missing character: There is no n in font nullfont!
Missing character: There is no i in font nullfont!
Missing character: There is no c in font nullfont!
Missing character: There is no o in font nullfont!
Missing character: There is no v in font nullfont!
Missing character: There is no e in font nullfont!
Missing character: There is no c in font nullfont!
Missing character: There is no t in font nullfont!
Missing character: There is no o in font nullfont!
Missing character: There is no r in font nullfont!
Missing character: There is no c in font nullfont!
Missing character: There is no o in font nullfont!
Missing character: There is no n in font nullfont!
Missing character: There is no e in font nullfont!
Missing character: There is no l in font nullfont!
Missing character: There is no o in font nullfont!
Missing character: There is no b in font nullfont!
Missing character: There is no j in font nullfont!
Missing character: There is no e in font nullfont!
Missing character: There is no t in font nullfont!
Missing character: There is no i in font nullfont!
Missing character: There is no v in font nullfont!
Missing character: There is no o in font nullfont!
Missing character: There is no d in font nullfont!
Missing character: There is no e in font nullfont!
Missing character: There is no u in font nullfont!
Missing character: There is no t in font nullfont!
Missing character: There is no i in font nullfont!
Missing character: There is no l in font nullfont!
Missing character: There is no i in font nullfont!
Missing character: There is no z in font nullfont!
Missing character: There is no a in font nullfont!
Missing character: There is no d in font nullfont!
Missing character: There is no o in font nullfont!
Missing character: There is no c in font nullfont!
Missing character: There is no o in font nullfont!
Missing character: There is no m in font nullfont!
Missing character: There is no o in font nullfont!
Missing character: There is no e in font nullfont!
Missing character: There is no n in font nullfont!
Missing character: There is no t in font nullfont!
Missing character: There is no r in font nullfont!
Missing character: There is no a in font nullfont!
Missing character: There is no d in font nullfont!
Missing character: There is no a in font nullfont!
Missing character: There is no p in font nullfont!
Missing character: There is no a in font nullfont!
Missing character: There is no r in font nullfont!
Missing character: There is no a in font nullfont!
Missing character: There is no u in font nullfont!
Missing character: There is no n in font nullfont!
Missing character: There is no a in font nullfont!
Missing character: There is no c in font nullfont!
Missing character: There is no a in font nullfont!
Missing character: There is no p in font nullfont!
Missing character: There is no a in font nullfont!
Missing character: There is no c in font nullfont!
Missing character: There is no o in font nullfont!
Missing character: There is no m in font nullfont!
Missing character: There is no p in font nullfont!
Missing character: There is no l in font nullfont!
Missing character: There is no e in font nullfont!
Missing character: There is no t in font nullfont!
Missing character: There is no a in font nullfont!
Missing character: There is no m in font nullfont!
Missing character: There is no e in font nullfont!
Missing character: There is no n in font nullfont!
Missing character: There is no t in font nullfont!
Missing character: There is no e in font nullfont!
Missing character: There is no c in font nullfont!
Missing character: There is no o in font nullfont!
Missing character: There is no n in font nullfont!
Missing character: There is no e in font nullfont!
Missing character: There is no c in font nullfont!
Missing character: There is no t in font nullfont!
Missing character: There is no a in font nullfont!
Missing character: There is no d in font nullfont!
Missing character: There is no a in font nullfont!
Missing character: There is no d in font nullfont!
Missing character: There is no o in font nullfont!
Missing character: There is no n in font nullfont!
Missing character: There is no d in font nullfont!
Missing character: There is no e in font nullfont!
Missing character: There is no s in font nullfont!
Missing character: There is no e in font nullfont!
Missing character: There is no r in font nullfont!
Missing character: There is no e in font nullfont!
Missing character: There is no a in font nullfont!
Missing character: There is no l in font nullfont!
Missing character: There is no i in font nullfont!
Missing character: There is no z in font nullfont!
Missing character: There is no a in font nullfont!
Missing character: There is no r in font nullfont!
Missing character: There is no l in font nullfont!
Missing character: There is no a in font nullfont!
Missing character: There is no t in font nullfont!
Missing character: There is no a in font nullfont!
Missing character: There is no r in font nullfont!
Missing character: There is no e in font nullfont!
Missing character: There is no a in font nullfont!
Missing character: There is no q in font nullfont!
Missing character: There is no u in font nullfont!
Missing character: There is no e in font nullfont!
Missing character: There is no s in font nullfont!
Missing character: There is no e in font nullfont!
Missing character: There is no r in font nullfont!
Missing character: There is no e in font nullfont!
Missing character: There is no q in font nullfont!
Missing character: There is no u in font nullfont!
Missing character: There is no i in font nullfont!
Missing character: There is no e in font nullfont!
Missing character: There is no r in font nullfont!
Missing character: There is no a in font nullfont!
Missing character: There is no . in font nullfont!

Overfull \hbox (5.00002pt too wide) in paragraph at lines 452--455
          \/cmr/m/n/10 ^^So
 []


Overfull \hbox (2.77779pt too wide) in paragraph at lines 452--455
\/cmr/m/n/10 ^^S^^P
 []


Overfull \hbox (5.55557pt too wide) in paragraph at lines 452--455
\/cmr/m/n/10 ^^Su
 []


Overfull \hbox (5.00002pt too wide) in paragraph at lines 452--455
\/cmr/m/n/10 ^^Sa
 []


! LaTeX Error: Environment definition undefined.

See the LaTeX manual or LaTeX Companion for explanation.
Type  H <return>  for immediate help.
 ...                                              
                                                  
l.456 \begin{definition}
                        [Arquitectura de una CNN]
Your command was ignored.
Type  I <command> <return>  to replace it with another command,
or  <return>  to continue without it.

Missing character: There is no [ in font nullfont!
Missing character: There is no A in font nullfont!
Missing character: There is no r in font nullfont!
Missing character: There is no q in font nullfont!
Missing character: There is no u in font nullfont!
Missing character: There is no i in font nullfont!
Missing character: There is no t in font nullfont!
Missing character: There is no e in font nullfont!
Missing character: There is no c in font nullfont!
Missing character: There is no t in font nullfont!
Missing character: There is no u in font nullfont!
Missing character: There is no r in font nullfont!
Missing character: There is no a in font nullfont!
Missing character: There is no d in font nullfont!
Missing character: There is no e in font nullfont!
Missing character: There is no u in font nullfont!
Missing character: There is no n in font nullfont!
Missing character: There is no a in font nullfont!
Missing character: There is no C in font nullfont!
Missing character: There is no N in font nullfont!
Missing character: There is no N in font nullfont!
Missing character: There is no ] in font nullfont!
Missing character: There is no S in font nullfont!
Missing character: There is no e in font nullfont!
Missing character: There is no a in font nullfont!
! Undefined control sequence.
l.457 Sea $f: \mathbb
                     {R}^{m \times n \times d} \longrightarrow \mathbb{R}^k$...
The control sequence at the end of the top line
of your error message was never \def'ed. If you have
misspelled it (e.g., `\hobx'), type `I' and the correct
spelling (e.g., `I\hbox'). Otherwise just continue,
and I'll forget about whatever was undefined.

! Undefined control sequence.
l.457 ...times n \times d} \longrightarrow \mathbb
                                                  {R}^k$ una funci^^c3^^b3n,...
The control sequence at the end of the top line
of your error message was never \def'ed. If you have
misspelled it (e.g., `\hobx'), type `I' and the correct
spelling (e.g., `I\hbox'). Otherwise just continue,
and I'll forget about whatever was undefined.

Missing character: There is no u in font nullfont!
Missing character: There is no n in font nullfont!
Missing character: There is no a in font nullfont!
Missing character: There is no f in font nullfont!
Missing character: There is no u in font nullfont!
Missing character: There is no n in font nullfont!
Missing character: There is no c in font nullfont!
Missing character: There is no i in font nullfont!
Missing character: There is no n in font nullfont!
Missing character: There is no , in font nullfont!
Missing character: There is no l in font nullfont!
Missing character: There is no a in font nullfont!
Missing character: There is no a in font nullfont!
Missing character: There is no r in font nullfont!
Missing character: There is no q in font nullfont!
Missing character: There is no u in font nullfont!
Missing character: There is no i in font nullfont!
Missing character: There is no t in font nullfont!
Missing character: There is no e in font nullfont!
Missing character: There is no c in font nullfont!
Missing character: There is no t in font nullfont!
Missing character: There is no u in font nullfont!
Missing character: There is no r in font nullfont!
Missing character: There is no a in font nullfont!
Missing character: There is no d in font nullfont!
Missing character: There is no e in font nullfont!
Missing character: There is no u in font nullfont!
Missing character: There is no n in font nullfont!
Missing character: There is no a in font nullfont!
Missing character: There is no r in font nullfont!
Missing character: There is no e in font nullfont!
Missing character: There is no d in font nullfont!
Missing character: There is no n in font nullfont!
Missing character: There is no e in font nullfont!
Missing character: There is no u in font nullfont!
Missing character: There is no r in font nullfont!
Missing character: There is no o in font nullfont!
Missing character: There is no n in font nullfont!
Missing character: There is no a in font nullfont!
Missing character: There is no l in font nullfont!
Missing character: There is no c in font nullfont!
Missing character: There is no o in font nullfont!
Missing character: There is no n in font nullfont!
Missing character: There is no v in font nullfont!
Missing character: There is no o in font nullfont!
Missing character: There is no l in font nullfont!
Missing character: There is no u in font nullfont!
Missing character: There is no c in font nullfont!
Missing character: There is no i in font nullfont!
Missing character: There is no o in font nullfont!
Missing character: There is no n in font nullfont!
Missing character: There is no a in font nullfont!
Missing character: There is no l in font nullfont!
Missing character: There is no ( in font nullfont!
Missing character: There is no C in font nullfont!
Missing character: There is no N in font nullfont!
Missing character: There is no N in font nullfont!
Missing character: There is no ) in font nullfont!
Missing character: There is no s in font nullfont!
Missing character: There is no e in font nullfont!
Missing character: There is no d in font nullfont!
Missing character: There is no e in font nullfont!
Missing character: There is no f in font nullfont!
Missing character: There is no i in font nullfont!
Missing character: There is no n in font nullfont!
Missing character: There is no e in font nullfont!
Missing character: There is no c in font nullfont!
Missing character: There is no o in font nullfont!
Missing character: There is no m in font nullfont!
Missing character: There is no o in font nullfont!
Missing character: There is no l in font nullfont!
Missing character: There is no a in font nullfont!
Missing character: There is no c in font nullfont!
Missing character: There is no o in font nullfont!
Missing character: There is no m in font nullfont!
Missing character: There is no p in font nullfont!
Missing character: There is no o in font nullfont!
Missing character: There is no s in font nullfont!
Missing character: There is no i in font nullfont!
Missing character: There is no c in font nullfont!
Missing character: There is no i in font nullfont!
Missing character: There is no n in font nullfont!
Missing character: There is no d in font nullfont!
Missing character: There is no e in font nullfont!
Missing character: There is no t in font nullfont!
Missing character: There is no r in font nullfont!
Missing character: There is no e in font nullfont!
Missing character: There is no s in font nullfont!
Missing character: There is no f in font nullfont!
Missing character: There is no u in font nullfont!
Missing character: There is no n in font nullfont!
Missing character: There is no c in font nullfont!
Missing character: There is no i in font nullfont!
Missing character: There is no o in font nullfont!
Missing character: There is no n in font nullfont!
Missing character: There is no e in font nullfont!
Missing character: There is no s in font nullfont!
Missing character: There is no d in font nullfont!
Missing character: There is no o in font nullfont!
Missing character: There is no n in font nullfont!
Missing character: There is no d in font nullfont!
Missing character: There is no e in font nullfont!
Missing character: There is no l in font nullfont!
Missing character: There is no a in font nullfont!
Missing character: There is no c in font nullfont!
Missing character: There is no o in font nullfont!
Missing character: There is no m in font nullfont!
Missing character: There is no p in font nullfont!
Missing character: There is no o in font nullfont!
Missing character: There is no s in font nullfont!
Missing character: There is no i in font nullfont!
Missing character: There is no c in font nullfont!
Missing character: There is no i in font nullfont!
Missing character: There is no n in font nullfont!
Missing character: There is no e in font nullfont!
Missing character: There is no s in font nullfont!
Missing character: There is no t in font nullfont!
Missing character: There is no d in font nullfont!
Missing character: There is no a in font nullfont!
Missing character: There is no d in font nullfont!
Missing character: There is no p in font nullfont!
Missing character: There is no o in font nullfont!
Missing character: There is no r in font nullfont!
Missing character: There is no : in font nullfont!

Overfull \hbox (20.0pt too wide) in paragraph at lines 456--458
[]
 []


Overfull \hbox (11.52776pt too wide) in paragraph at lines 456--458
\OML/cmm/m/it/10 f \/cmr/m/n/10 :
 []


Overfull \hbox (55.7614pt too wide) in paragraph at lines 456--458
\OML/cmm/m/it/10 R[] [][]\OMS/cmsy/m/n/10 !
 []


Overfull \hbox (12.59032pt too wide) in paragraph at lines 456--458
\OML/cmm/m/it/10 R[]$
 []


Overfull \hbox (5.00002pt too wide) in paragraph at lines 456--458
\/cmr/m/n/10 ^^So
 []


Overfull \hbox (5.00002pt too wide) in paragraph at lines 456--458
\/cmr/m/n/10 ^^So
 []


Overfull \hbox (5.00002pt too wide) in paragraph at lines 456--458
\/cmr/m/n/10 ^^So
 []


Overfull \hbox (5.00002pt too wide) in paragraph at lines 456--458
\/cmr/m/n/10 ^^Sa
 []


Overfull \hbox (68.11087pt too wide) detected at line 460
\OT1/cmr/bx/n/10 y \/cmr/m/n/10 = \OT1/cmr/bx/n/10 g \OMS/cmsy/m/n/10 ^^N \OT1/
cmr/bx/n/10 P \OMS/cmsy/m/n/10 ^^N \OT1/cmr/bx/n/10 C\/cmr/m/n/10 (\OT1/cmr/bx/
n/10 X\/cmr/m/n/10 )
 []

Missing character: There is no d in font nullfont!
Missing character: There is no o in font nullfont!
Missing character: There is no n in font nullfont!
Missing character: There is no d in font nullfont!
Missing character: There is no e in font nullfont!
Missing character: There is no : in font nullfont!

Overfull \hbox (20.0pt too wide) in paragraph at lines 463--463
[] 
 []

Missing character: There is no e in font nullfont!
Missing character: There is no s in font nullfont!
Missing character: There is no l in font nullfont!
Missing character: There is no a in font nullfont!
Missing character: There is no c in font nullfont!
Missing character: There is no a in font nullfont!
Missing character: There is no p in font nullfont!
Missing character: There is no a in font nullfont!
Missing character: There is no c in font nullfont!
Missing character: There is no o in font nullfont!
Missing character: There is no n in font nullfont!
Missing character: There is no v in font nullfont!
Missing character: There is no o in font nullfont!
Missing character: There is no l in font nullfont!
Missing character: There is no u in font nullfont!
Missing character: There is no c in font nullfont!
Missing character: There is no i in font nullfont!
Missing character: There is no o in font nullfont!
Missing character: There is no n in font nullfont!
Missing character: There is no a in font nullfont!
Missing character: There is no l in font nullfont!
Missing character: There is no . in font nullfont!

Overfull \hbox (91.65231pt too wide) in paragraph at lines 464--466
[]$
 []

Missing character: There is no R in font nullfont!
Missing character: There is no e in font nullfont!
Missing character: There is no p in font nullfont!
Missing character: There is no r in font nullfont!
Missing character: There is no e in font nullfont!
Missing character: There is no s in font nullfont!
Missing character: There is no e in font nullfont!
Missing character: There is no n in font nullfont!
Missing character: There is no t in font nullfont!
Missing character: There is no a in font nullfont!
Missing character: There is no l in font nullfont!
Missing character: There is no a in font nullfont!
Missing character: There is no c in font nullfont!
Missing character: There is no a in font nullfont!
Missing character: There is no p in font nullfont!
Missing character: There is no a in font nullfont!
Missing character: There is no d in font nullfont!
Missing character: There is no e in font nullfont!
Missing character: There is no p in font nullfont!
Missing character: There is no o in font nullfont!
Missing character: There is no o in font nullfont!
Missing character: There is no l in font nullfont!
Missing character: There is no i in font nullfont!
Missing character: There is no n in font nullfont!
Missing character: There is no g in font nullfont!
Missing character: There is no y in font nullfont!
Missing character: There is no p in font nullfont!
Missing character: There is no a in font nullfont!
Missing character: There is no r in font nullfont!
Missing character: There is no a in font nullfont!
Missing character: There is no e in font nullfont!
Missing character: There is no s in font nullfont!
Missing character: There is no t in font nullfont!
Missing character: There is no e in font nullfont!
Missing character: There is no c in font nullfont!
Missing character: There is no a in font nullfont!
Missing character: There is no s in font nullfont!
Missing character: There is no o in font nullfont!
Missing character: There is no , in font nullfont!
Missing character: There is no c in font nullfont!
Missing character: There is no o in font nullfont!
Missing character: There is no m in font nullfont!
Missing character: There is no o in font nullfont!
Missing character: There is no e in font nullfont!
Missing character: There is no j in font nullfont!
Missing character: There is no e in font nullfont!
Missing character: There is no m in font nullfont!
Missing character: There is no p in font nullfont!
Missing character: There is no l in font nullfont!
Missing character: There is no o in font nullfont!
Missing character: There is no s in font nullfont!
Missing character: There is no e in font nullfont!
Missing character: There is no u in font nullfont!
Missing character: There is no t in font nullfont!
Missing character: There is no i in font nullfont!
Missing character: There is no l in font nullfont!
Missing character: There is no i in font nullfont!
Missing character: There is no z in font nullfont!
Missing character: There is no a in font nullfont!
Missing character: There is no e in font nullfont!
Missing character: There is no l in font nullfont!
Missing character: There is no m in font nullfont!
Missing character: There is no x in font nullfont!
Missing character: There is no p in font nullfont!
Missing character: There is no o in font nullfont!
Missing character: There is no o in font nullfont!
Missing character: There is no l in font nullfont!
Missing character: There is no i in font nullfont!
Missing character: There is no n in font nullfont!
Missing character: There is no g in font nullfont!
Missing character: There is no . in font nullfont!

Overfull \hbox (50.97209pt too wide) in paragraph at lines 466--468
[] \/cmr/m/n/10 =
 []


Overfull \hbox (106.76015pt too wide) in paragraph at lines 466--468
[][] \OT1/cmr/bx/n/10 C\/cmr/m/n/10 (\OT1/cmr/bx/n/10 X\/cmr/m/n/10 (\OML/cmm/m
/it/10 i \OMS/cmsy/m/n/10 ^^A
 []


Overfull \hbox (12.4653pt too wide) in paragraph at lines 466--468
\OML/cmm/m/it/10 s \/cmr/m/n/10 +
 []


Overfull \hbox (17.63727pt too wide) in paragraph at lines 466--468
\OML/cmm/m/it/10 u; j \OMS/cmsy/m/n/10 ^^A
 []


Overfull \hbox (12.4653pt too wide) in paragraph at lines 466--468
\OML/cmm/m/it/10 s \/cmr/m/n/10 +
 []


Overfull \hbox (12.98381pt too wide) in paragraph at lines 466--468
\OML/cmm/m/it/10 v\/cmr/m/n/10 ))$
 []


Overfull \hbox (5.00002pt too wide) in paragraph at lines 466--468
\/cmr/m/n/10 ^^Sa 
 []

Missing character: There is no e in font nullfont!
Missing character: There is no s in font nullfont!
Missing character: There is no l in font nullfont!
Missing character: There is no a in font nullfont!
Missing character: There is no c in font nullfont!
Missing character: There is no a in font nullfont!
Missing character: There is no p in font nullfont!
Missing character: There is no a in font nullfont!
Missing character: There is no c in font nullfont!
Missing character: There is no o in font nullfont!
Missing character: There is no m in font nullfont!
Missing character: There is no p in font nullfont!
Missing character: There is no l in font nullfont!
Missing character: There is no e in font nullfont!
Missing character: There is no t in font nullfont!
Missing character: There is no a in font nullfont!
Missing character: There is no m in font nullfont!
Missing character: There is no e in font nullfont!
Missing character: There is no n in font nullfont!
Missing character: There is no t in font nullfont!
Missing character: There is no e in font nullfont!
Missing character: There is no c in font nullfont!
Missing character: There is no o in font nullfont!
Missing character: There is no n in font nullfont!
Missing character: There is no e in font nullfont!
Missing character: There is no c in font nullfont!
Missing character: There is no t in font nullfont!
Missing character: There is no a in font nullfont!
Missing character: There is no d in font nullfont!
Missing character: There is no a in font nullfont!
Missing character: There is no . in font nullfont!

Overfull \hbox (16.78465pt too wide) in paragraph at lines 468--469
\OT1/cmr/bx/n/10 y \/cmr/m/n/10 =
 []


Overfull \hbox (36.54506pt too wide) in paragraph at lines 468--469
\OML/cmm/m/it/10 g\/cmr/m/n/10 (\OT1/cmr/bx/n/10 WP \/cmr/m/n/10 +
 []


Overfull \hbox (10.27776pt too wide) in paragraph at lines 468--469
\OT1/cmr/bx/n/10 b\/cmr/m/n/10 )$
 []


! LaTeX Error: \begin{document} ended by \end{definition}.

See the LaTeX manual or LaTeX Companion for explanation.
Type  H <return>  for immediate help.
 ...                                              
                                                  
l.471 \end{definition}
                      
Your command was ignored.
Type  I <command> <return>  to replace it with another command,
or  <return>  to continue without it.


! LaTeX Error: The font size command \normalsize is not defined:
               there is probably something wrong with the class file.

See the LaTeX manual or LaTeX Companion for explanation.
Type  H <return>  for immediate help.
 ...                                              
                                                  
l.472 \newpage
              
Your command was ignored.
Type  I <command> <return>  to replace it with another command,
or  <return>  to continue without it.

[3]
! Undefined control sequence.
l.473 \subsection
                 {Redes Neuronales Gr^^c3^^a1ficas}
The control sequence at the end of the top line
of your error message was never \def'ed. If you have
misspelled it (e.g., `\hobx'), type `I' and the correct
spelling (e.g., `I\hbox'). Otherwise just continue,
and I'll forget about whatever was undefined.

Missing character: There is no R in font nullfont!
Missing character: There is no e in font nullfont!
Missing character: There is no d in font nullfont!
Missing character: There is no e in font nullfont!
Missing character: There is no s in font nullfont!
Missing character: There is no N in font nullfont!
Missing character: There is no e in font nullfont!
Missing character: There is no u in font nullfont!
Missing character: There is no r in font nullfont!
Missing character: There is no o in font nullfont!
Missing character: There is no n in font nullfont!
Missing character: There is no a in font nullfont!
Missing character: There is no l in font nullfont!
Missing character: There is no e in font nullfont!
Missing character: There is no s in font nullfont!
Missing character: There is no G in font nullfont!
Missing character: There is no r in font nullfont!
Missing character: There is no f in font nullfont!
Missing character: There is no i in font nullfont!
Missing character: There is no c in font nullfont!
Missing character: There is no a in font nullfont!
Missing character: There is no s in font nullfont!

Overfull \hbox (20.0pt too wide) in paragraph at lines 473--474
[]
 []


Overfull \hbox (5.00002pt too wide) in paragraph at lines 473--474
\/cmr/m/n/10 ^^Sa 
 []


! LaTeX Error: Environment definition undefined.

See the LaTeX manual or LaTeX Companion for explanation.
Type  H <return>  for immediate help.
 ...                                              
                                                  
l.475 \begin{definition}
                        [Encoder]
Your command was ignored.
Type  I <command> <return>  to replace it with another command,
or  <return>  to continue without it.

Missing character: There is no [ in font nullfont!
Missing character: There is no E in font nullfont!
Missing character: There is no n in font nullfont!
Missing character: There is no c in font nullfont!
Missing character: There is no o in font nullfont!
Missing character: There is no d in font nullfont!
Missing character: There is no e in font nullfont!
Missing character: There is no r in font nullfont!
Missing character: There is no ] in font nullfont!
Missing character: There is no S in font nullfont!
Missing character: There is no e in font nullfont!
Missing character: There is no a in font nullfont!
Missing character: There is no u in font nullfont!
Missing character: There is no n in font nullfont!
Missing character: There is no a in font nullfont!
Missing character: There is no g in font nullfont!
Missing character: There is no r in font nullfont!
Missing character: There is no f in font nullfont!
Missing character: There is no i in font nullfont!
Missing character: There is no c in font nullfont!
Missing character: There is no a in font nullfont!
Missing character: There is no , in font nullfont!
Missing character: There is no u in font nullfont!
Missing character: There is no n in font nullfont!
Missing character: There is no e in font nullfont!
Missing character: There is no n in font nullfont!
Missing character: There is no c in font nullfont!
Missing character: There is no o in font nullfont!
Missing character: There is no d in font nullfont!
Missing character: There is no e in font nullfont!
Missing character: There is no r in font nullfont!
Missing character: There is no e in font nullfont!
Missing character: There is no s in font nullfont!
Missing character: There is no u in font nullfont!
Missing character: There is no n in font nullfont!
Missing character: There is no a in font nullfont!
Missing character: There is no f in font nullfont!
Missing character: There is no u in font nullfont!
Missing character: There is no n in font nullfont!
Missing character: There is no c in font nullfont!
Missing character: There is no i in font nullfont!
Missing character: There is no n in font nullfont!
Missing character: There is no t in font nullfont!
Missing character: There is no a in font nullfont!
Missing character: There is no l in font nullfont!
Missing character: There is no q in font nullfont!
Missing character: There is no u in font nullfont!
Missing character: There is no e in font nullfont!
! Undefined control sequence.
l.476 ...\phi: \mathcal{V} \longrightarrow \mathbb
                                                  {R}^d$ dada por:
The control sequence at the end of the top line
of your error message was never \def'ed. If you have
misspelled it (e.g., `\hobx'), type `I' and the correct
spelling (e.g., `I\hbox'). Otherwise just continue,
and I'll forget about whatever was undefined.

Missing character: There is no d in font nullfont!
Missing character: There is no a in font nullfont!
Missing character: There is no d in font nullfont!
Missing character: There is no a in font nullfont!
Missing character: There is no p in font nullfont!
Missing character: There is no o in font nullfont!
Missing character: There is no r in font nullfont!
Missing character: There is no : in font nullfont!

Overfull \hbox (20.0pt too wide) in paragraph at lines 475--477
[]
 []


Overfull \hbox (7.86249pt too wide) in paragraph at lines 475--477
\OML/cmm/m/it/10 G$
 []


Overfull \hbox (5.00002pt too wide) in paragraph at lines 475--477
\/cmr/m/n/10 ^^Sa
 []


Overfull \hbox (5.00002pt too wide) in paragraph at lines 475--477
\/cmr/m/n/10 ^^So
 []


Overfull \hbox (5.95834pt too wide) in paragraph at lines 475--477
\OML/cmm/m/it/10 ^^^$
 []


Overfull \hbox (11.51384pt too wide) in paragraph at lines 475--477
\OML/cmm/m/it/10 ^^^ \/cmr/m/n/10 :
 []


Overfull \hbox (25.83894pt too wide) in paragraph at lines 475--477
\OMS/cmsy/m/n/10 V [][]!
 []


Overfull \hbox (12.33302pt too wide) in paragraph at lines 475--477
\OML/cmm/m/it/10 R[]$
 []

! Undefined control sequence.
l.478 ...ce{1cm} donde \hspace{5pt} z_v\in \mathbb
                                                  {R}^d
The control sequence at the end of the top line
of your error message was never \def'ed. If you have
misspelled it (e.g., `\hobx'), type `I' and the correct
spelling (e.g., `I\hbox'). Otherwise just continue,
and I'll forget about whatever was undefined.


Overfull \hbox (190.15192pt too wide) detected at line 479
\OML/cmm/m/it/10 ^^^\/cmr/m/n/10 (\OML/cmm/m/it/10 v; \OMS/cmsy/m/n/10 N\/cmr/m
/n/10 (\OML/cmm/m/it/10 v\/cmr/m/n/10 )\OML/cmm/m/it/10 ; G\/cmr/m/n/10 (\OML/c
mm/m/it/10 E\/cmr/m/n/10 )) = \OML/cmm/m/it/10 z[] donde z[] \OMS/cmsy/m/n/10 2
 \OML/cmm/m/it/10 R[]
 []


! LaTeX Error: \begin{document} ended by \end{definition}.

See the LaTeX manual or LaTeX Companion for explanation.
Type  H <return>  for immediate help.
 ...                                              
                                                  
l.480 \end{definition}
                      
Your command was ignored.
Type  I <command> <return>  to replace it with another command,
or  <return>  to continue without it.

Missing character: There is no P in font nullfont!
Missing character: There is no o in font nullfont!
Missing character: There is no r in font nullfont!
Missing character: There is no s in font nullfont!
Missing character: There is no i in font nullfont!
Missing character: There is no m in font nullfont!
Missing character: There is no p in font nullfont!
Missing character: There is no l in font nullfont!
Missing character: There is no i in font nullfont!
Missing character: There is no c in font nullfont!
Missing character: There is no i in font nullfont!
Missing character: There is no d in font nullfont!
Missing character: There is no a in font nullfont!
Missing character: There is no d in font nullfont!
Missing character: There is no d in font nullfont!
Missing character: There is no e in font nullfont!
Missing character: There is no n in font nullfont!
Missing character: There is no o in font nullfont!
Missing character: There is no t in font nullfont!
Missing character: There is no a in font nullfont!
Missing character: There is no r in font nullfont!
Missing character: There is no e in font nullfont!
Missing character: There is no m in font nullfont!
Missing character: There is no o in font nullfont!
Missing character: There is no s in font nullfont!

! LaTeX Error: Environment definition undefined.

See the LaTeX manual or LaTeX Companion for explanation.
Type  H <return>  for immediate help.
 ...                                              
                                                  
l.482 \begin{definition}
                        [Matriz de encajes]
Your command was ignored.
Type  I <command> <return>  to replace it with another command,
or  <return>  to continue without it.

Missing character: There is no [ in font nullfont!
Missing character: There is no M in font nullfont!
Missing character: There is no a in font nullfont!
Missing character: There is no t in font nullfont!
Missing character: There is no r in font nullfont!
Missing character: There is no i in font nullfont!
Missing character: There is no z in font nullfont!
Missing character: There is no d in font nullfont!
Missing character: There is no e in font nullfont!
Missing character: There is no e in font nullfont!
Missing character: There is no n in font nullfont!
Missing character: There is no c in font nullfont!
Missing character: There is no a in font nullfont!
Missing character: There is no j in font nullfont!
Missing character: There is no e in font nullfont!
Missing character: There is no s in font nullfont!
Missing character: There is no ] in font nullfont!
Missing character: There is no S in font nullfont!
Missing character: There is no e in font nullfont!
Missing character: There is no a in font nullfont!
Missing character: There is no t in font nullfont!
Missing character: There is no e in font nullfont!
Missing character: There is no n in font nullfont!
Missing character: There is no e in font nullfont!
Missing character: There is no m in font nullfont!
Missing character: There is no o in font nullfont!
Missing character: There is no s in font nullfont!
Missing character: There is no q in font nullfont!
Missing character: There is no u in font nullfont!
Missing character: There is no e in font nullfont!
Missing character: There is no : in font nullfont!

Overfull \hbox (84.76869pt too wide) in paragraph at lines 479--484
    $\OML/cmm/m/it/10 ^^^\/cmr/m/n/10 (\OML/cmm/m/it/10 v; \OMS/cmsy/m/n/10 N\/
cmr/m/n/10 (\OML/cmm/m/it/10 v\/cmr/m/n/10 )\OML/cmm/m/it/10 ; E\/cmr/m/n/10 (\
OML/cmm/m/it/10 v\/cmr/m/n/10 )) :=
 []


Overfull \hbox (18.94215pt too wide) in paragraph at lines 479--484
\OML/cmm/m/it/10 ^^^\/cmr/m/n/10 (\OML/cmm/m/it/10 v\/cmr/m/n/10 )$
 []


Overfull \hbox (14.6504pt too wide) in paragraph at lines 479--484
\OML/cmm/m/it/10 v \OMS/cmsy/m/n/10 2
 []


Overfull \hbox (6.95004pt too wide) in paragraph at lines 479--484
\OMS/cmsy/m/n/10 V$
 []

! Undefined control sequence.
l.485 ...donde \hspace{5pt} \mathbf{Z} \in \mathbb
                                                  {R}^{ \nu_{G}\times d}
The control sequence at the end of the top line
of your error message was never \def'ed. If you have
misspelled it (e.g., `\hobx'), type `I' and the correct
spelling (e.g., `I\hbox'). Otherwise just continue,
and I'll forget about whatever was undefined.


Overfull \hbox (157.09538pt too wide) detected at line 486
\OML/cmm/m/it/10 ^^^\/cmr/m/n/10 (\OML/cmm/m/it/10 v\/cmr/m/n/10 ) = \OT1/cmr/b
x/n/10 Z\/cmr/m/n/10 [\OML/cmm/m/it/10 v\/cmr/m/n/10 ] \OML/cmm/m/it/10 donde \
OT1/cmr/bx/n/10 Z \OMS/cmsy/m/n/10 2 \OML/cmm/m/it/10 R[]
 []

Missing character: There is no e in font nullfont!
Missing character: There is no s in font nullfont!
Missing character: There is no u in font nullfont!
Missing character: There is no n in font nullfont!
Missing character: There is no a in font nullfont!
Missing character: There is no m in font nullfont!
Missing character: There is no a in font nullfont!
Missing character: There is no t in font nullfont!
Missing character: There is no r in font nullfont!
Missing character: There is no i in font nullfont!
Missing character: There is no z in font nullfont!
Missing character: There is no q in font nullfont!
Missing character: There is no u in font nullfont!
Missing character: There is no e in font nullfont!
Missing character: There is no c in font nullfont!
Missing character: There is no o in font nullfont!
Missing character: There is no n in font nullfont!
Missing character: There is no t in font nullfont!
Missing character: There is no i in font nullfont!
Missing character: There is no e in font nullfont!
Missing character: There is no n in font nullfont!
Missing character: There is no e in font nullfont!
Missing character: There is no l in font nullfont!
Missing character: There is no o in font nullfont!
Missing character: There is no s in font nullfont!
Missing character: There is no v in font nullfont!
Missing character: There is no e in font nullfont!
Missing character: There is no c in font nullfont!
Missing character: There is no t in font nullfont!
Missing character: There is no o in font nullfont!
Missing character: There is no r in font nullfont!
Missing character: There is no e in font nullfont!
Missing character: There is no s in font nullfont!
Missing character: There is no d in font nullfont!
Missing character: There is no e in font nullfont!
Missing character: There is no e in font nullfont!
Missing character: There is no n in font nullfont!
Missing character: There is no c in font nullfont!
Missing character: There is no a in font nullfont!
Missing character: There is no j in font nullfont!
Missing character: There is no e in font nullfont!
Missing character: There is no s in font nullfont!
Missing character: There is no c in font nullfont!
Missing character: There is no o in font nullfont!
Missing character: There is no r in font nullfont!
Missing character: There is no r in font nullfont!
Missing character: There is no e in font nullfont!
Missing character: There is no s in font nullfont!
Missing character: There is no p in font nullfont!
Missing character: There is no o in font nullfont!
Missing character: There is no n in font nullfont!
Missing character: There is no d in font nullfont!
Missing character: There is no i in font nullfont!
Missing character: There is no e in font nullfont!
Missing character: There is no n in font nullfont!
Missing character: There is no t in font nullfont!
Missing character: There is no e in font nullfont!
Missing character: There is no s in font nullfont!
Missing character: There is no a in font nullfont!
Missing character: There is no c in font nullfont!
Missing character: There is no a in font nullfont!
Missing character: There is no d in font nullfont!
Missing character: There is no a in font nullfont!
Missing character: There is no n in font nullfont!
Missing character: There is no o in font nullfont!
Missing character: There is no d in font nullfont!
Missing character: There is no o in font nullfont!
Missing character: There is no d in font nullfont!
Missing character: There is no e in font nullfont!
Missing character: There is no l in font nullfont!
Missing character: There is no a in font nullfont!
Missing character: There is no g in font nullfont!
Missing character: There is no r in font nullfont!
Missing character: There is no f in font nullfont!
Missing character: There is no i in font nullfont!
Missing character: There is no c in font nullfont!
Missing character: There is no a in font nullfont!
Missing character: There is no . in font nullfont!

Overfull \hbox (9.40169pt too wide) in paragraph at lines 486--487
         $\OML/cmm/m/it/10 z[]$
 []


Overfull \hbox (5.00002pt too wide) in paragraph at lines 486--487
\/cmr/m/n/10 ^^Sa 
 []


! LaTeX Error: \begin{document} ended by \end{definition}.

See the LaTeX manual or LaTeX Companion for explanation.
Type  H <return>  for immediate help.
 ...                                              
                                                  
l.488 \end{definition}
                      
Your command was ignored.
Type  I <command> <return>  to replace it with another command,
or  <return>  to continue without it.


! LaTeX Error: Environment definition undefined.

See the LaTeX manual or LaTeX Companion for explanation.
Type  H <return>  for immediate help.
 ...                                              
                                                  
l.490 \begin{definition}
                        [Decoder]
Your command was ignored.
Type  I <command> <return>  to replace it with another command,
or  <return>  to continue without it.

Missing character: There is no [ in font nullfont!
Missing character: There is no D in font nullfont!
Missing character: There is no e in font nullfont!
Missing character: There is no c in font nullfont!
Missing character: There is no o in font nullfont!
Missing character: There is no d in font nullfont!
Missing character: There is no e in font nullfont!
Missing character: There is no r in font nullfont!
Missing character: There is no ] in font nullfont!
Missing character: There is no S in font nullfont!
Missing character: There is no e in font nullfont!
Missing character: There is no a in font nullfont!
! Undefined control sequence.
l.491 Sea $z_v \in \mathbb
                          {R}^d$ un encaje producido por un encoder,entonces...
The control sequence at the end of the top line
of your error message was never \def'ed. If you have
misspelled it (e.g., `\hobx'), type `I' and the correct
spelling (e.g., `I\hbox'). Otherwise just continue,
and I'll forget about whatever was undefined.

Missing character: There is no u in font nullfont!
Missing character: There is no n in font nullfont!
Missing character: There is no e in font nullfont!
Missing character: There is no n in font nullfont!
Missing character: There is no c in font nullfont!
Missing character: There is no a in font nullfont!
Missing character: There is no j in font nullfont!
Missing character: There is no e in font nullfont!
Missing character: There is no p in font nullfont!
Missing character: There is no r in font nullfont!
Missing character: There is no o in font nullfont!
Missing character: There is no d in font nullfont!
Missing character: There is no u in font nullfont!
Missing character: There is no c in font nullfont!
Missing character: There is no i in font nullfont!
Missing character: There is no d in font nullfont!
Missing character: There is no o in font nullfont!
Missing character: There is no p in font nullfont!
Missing character: There is no o in font nullfont!
Missing character: There is no r in font nullfont!
Missing character: There is no u in font nullfont!
Missing character: There is no n in font nullfont!
Missing character: There is no e in font nullfont!
Missing character: There is no n in font nullfont!
Missing character: There is no c in font nullfont!
Missing character: There is no o in font nullfont!
Missing character: There is no d in font nullfont!
Missing character: There is no e in font nullfont!
Missing character: There is no r in font nullfont!
Missing character: There is no , in font nullfont!
Missing character: There is no e in font nullfont!
Missing character: There is no n in font nullfont!
Missing character: There is no t in font nullfont!
Missing character: There is no o in font nullfont!
Missing character: There is no n in font nullfont!
Missing character: There is no c in font nullfont!
Missing character: There is no e in font nullfont!
Missing character: There is no s in font nullfont!
Missing character: There is no l in font nullfont!
Missing character: There is no a in font nullfont!
Missing character: There is no f in font nullfont!
Missing character: There is no u in font nullfont!
Missing character: There is no n in font nullfont!
Missing character: There is no c in font nullfont!
Missing character: There is no i in font nullfont!
Missing character: There is no n in font nullfont!
! Undefined control sequence.
l.491 ...,entonces la funci^^c3^^b3n $\psi:\mathbb
                                                  {R}^d \longrightarrow Y$ s...
The control sequence at the end of the top line
of your error message was never \def'ed. If you have
misspelled it (e.g., `\hobx'), type `I' and the correct
spelling (e.g., `I\hbox'). Otherwise just continue,
and I'll forget about whatever was undefined.

Missing character: There is no s in font nullfont!
Missing character: There is no e in font nullfont!
Missing character: There is no d in font nullfont!
Missing character: There is no e in font nullfont!
Missing character: There is no n in font nullfont!
Missing character: There is no o in font nullfont!
Missing character: There is no m in font nullfont!
Missing character: There is no i in font nullfont!
Missing character: There is no n in font nullfont!
Missing character: There is no a in font nullfont!
Missing character: There is no d in font nullfont!
Missing character: There is no e in font nullfont!
Missing character: There is no c in font nullfont!
Missing character: There is no o in font nullfont!
Missing character: There is no d in font nullfont!
Missing character: There is no e in font nullfont!
Missing character: There is no r in font nullfont!
Missing character: There is no , in font nullfont!
Missing character: There is no y in font nullfont!
Missing character: There is no p in font nullfont!
Missing character: There is no r in font nullfont!
Missing character: There is no o in font nullfont!
Missing character: There is no d in font nullfont!
Missing character: There is no u in font nullfont!
Missing character: There is no c in font nullfont!
Missing character: There is no e in font nullfont!
Missing character: There is no u in font nullfont!
Missing character: There is no n in font nullfont!
Missing character: There is no a in font nullfont!
Missing character: There is no p in font nullfont!
Missing character: There is no r in font nullfont!
Missing character: There is no e in font nullfont!
Missing character: There is no d in font nullfont!
Missing character: There is no i in font nullfont!
Missing character: There is no c in font nullfont!
Missing character: There is no c in font nullfont!
Missing character: There is no n in font nullfont!
Missing character: There is no e in font nullfont!
Missing character: There is no n in font nullfont!
Missing character: There is no e in font nullfont!
Missing character: There is no l in font nullfont!
Missing character: There is no e in font nullfont!
Missing character: There is no s in font nullfont!
Missing character: There is no p in font nullfont!
Missing character: There is no a in font nullfont!
Missing character: There is no c in font nullfont!
Missing character: There is no i in font nullfont!
Missing character: There is no o in font nullfont!
Missing character: There is no d in font nullfont!
Missing character: There is no e in font nullfont!
Missing character: There is no s in font nullfont!
Missing character: There is no a in font nullfont!
Missing character: There is no l in font nullfont!
Missing character: There is no i in font nullfont!
Missing character: There is no d in font nullfont!
Missing character: There is no a in font nullfont!
Missing character: There is no , in font nullfont!
Missing character: There is no e in font nullfont!
Missing character: There is no s in font nullfont!
Missing character: There is no d in font nullfont!
Missing character: There is no e in font nullfont!
Missing character: There is no c in font nullfont!
Missing character: There is no i in font nullfont!
Missing character: There is no r in font nullfont!
Missing character: There is no : in font nullfont!

Overfull \hbox (20.0pt too wide) in paragraph at lines 490--492
[]
 []


Overfull \hbox (18.84608pt too wide) in paragraph at lines 490--492
\OML/cmm/m/it/10 z[] \OMS/cmsy/m/n/10 2
 []


Overfull \hbox (12.33302pt too wide) in paragraph at lines 490--492
\OML/cmm/m/it/10 R[]$
 []


Overfull \hbox (5.00002pt too wide) in paragraph at lines 490--492
\/cmr/m/n/10 ^^So
 []


Overfull \hbox (12.42819pt too wide) in paragraph at lines 490--492
\OML/cmm/m/it/10   \/cmr/m/n/10 :
 []


Overfull \hbox (31.22192pt too wide) in paragraph at lines 490--492
\OML/cmm/m/it/10 R[] [][]\OMS/cmsy/m/n/10 !
 []


Overfull \hbox (8.02779pt too wide) in paragraph at lines 490--492
\OML/cmm/m/it/10 Y$
 []


Overfull \hbox (5.00002pt too wide) in paragraph at lines 490--492
\/cmr/m/n/10 ^^So
 []


Overfull \hbox (8.02779pt too wide) in paragraph at lines 490--492
\OML/cmm/m/it/10 Y$
 []


Overfull \hbox (42.647pt too wide) detected at line 494
\OML/cmm/m/it/10  \/cmr/m/n/10 (\OML/cmm/m/it/10 z[]\/cmr/m/n/10 ) = []
 []


! LaTeX Error: \begin{document} ended by \end{definition}.

See the LaTeX manual or LaTeX Companion for explanation.
Type  H <return>  for immediate help.
 ...                                              
                                                  
l.495 \end{definition}
                      
Your command was ignored.
Type  I <command> <return>  to replace it with another command,
or  <return>  to continue without it.

! Undefined control sequence.
l.497 \subsection
                 {Propagaci^^c3^^b3n de Mensajes Neuronales}
The control sequence at the end of the top line
of your error message was never \def'ed. If you have
misspelled it (e.g., `\hobx'), type `I' and the correct
spelling (e.g., `I\hbox'). Otherwise just continue,
and I'll forget about whatever was undefined.

Missing character: There is no P in font nullfont!
Missing character: There is no r in font nullfont!
Missing character: There is no o in font nullfont!
Missing character: There is no p in font nullfont!
Missing character: There is no a in font nullfont!
Missing character: There is no g in font nullfont!
Missing character: There is no a in font nullfont!
Missing character: There is no c in font nullfont!
Missing character: There is no i in font nullfont!
Missing character: There is no n in font nullfont!
Missing character: There is no d in font nullfont!
Missing character: There is no e in font nullfont!
Missing character: There is no M in font nullfont!
Missing character: There is no e in font nullfont!
Missing character: There is no n in font nullfont!
Missing character: There is no s in font nullfont!
Missing character: There is no a in font nullfont!
Missing character: There is no j in font nullfont!
Missing character: There is no e in font nullfont!
Missing character: There is no s in font nullfont!
Missing character: There is no N in font nullfont!
Missing character: There is no e in font nullfont!
Missing character: There is no u in font nullfont!
Missing character: There is no r in font nullfont!
Missing character: There is no o in font nullfont!
Missing character: There is no n in font nullfont!
Missing character: There is no a in font nullfont!
Missing character: There is no l in font nullfont!
Missing character: There is no e in font nullfont!
Missing character: There is no s in font nullfont!
Missing character: There is no E in font nullfont!
Missing character: There is no l in font nullfont!
Missing character: There is no c in font nullfont!
Missing character: There is no o in font nullfont!
Missing character: There is no n in font nullfont!
Missing character: There is no c in font nullfont!
Missing character: There is no e in font nullfont!
Missing character: There is no p in font nullfont!
Missing character: There is no t in font nullfont!
Missing character: There is no o in font nullfont!
Missing character: There is no d in font nullfont!
Missing character: There is no e in font nullfont!
Missing character: There is no s in font nullfont!
Missing character: There is no e in font nullfont!
Missing character: There is no r in font nullfont!
Missing character: There is no e in font nullfont!
Missing character: There is no f in font nullfont!
Missing character: There is no i in font nullfont!
Missing character: There is no e in font nullfont!
Missing character: There is no r in font nullfont!
Missing character: There is no e in font nullfont!
Missing character: There is no a in font nullfont!
Missing character: There is no l in font nullfont!
Missing character: There is no m in font nullfont!
Missing character: There is no e in font nullfont!
Missing character: There is no c in font nullfont!
Missing character: There is no a in font nullfont!
Missing character: There is no n in font nullfont!
Missing character: There is no i in font nullfont!
Missing character: There is no s in font nullfont!
Missing character: There is no m in font nullfont!
Missing character: There is no o in font nullfont!
Missing character: There is no m in font nullfont!
Missing character: There is no e in font nullfont!
Missing character: There is no d in font nullfont!
Missing character: There is no i in font nullfont!
Missing character: There is no a in font nullfont!
Missing character: There is no n in font nullfont!
Missing character: There is no t in font nullfont!
Missing character: There is no e in font nullfont!
Missing character: There is no e in font nullfont!
Missing character: There is no l in font nullfont!
Missing character: There is no c in font nullfont!
Missing character: There is no u in font nullfont!
Missing character: There is no a in font nullfont!
Missing character: There is no l in font nullfont!
Missing character: There is no l in font nullfont!
Missing character: There is no a in font nullfont!
Missing character: There is no s in font nullfont!
Missing character: There is no r in font nullfont!
Missing character: There is no e in font nullfont!
Missing character: There is no p in font nullfont!
Missing character: There is no r in font nullfont!
Missing character: There is no e in font nullfont!
Missing character: There is no s in font nullfont!
Missing character: There is no e in font nullfont!
Missing character: There is no n in font nullfont!
Missing character: There is no t in font nullfont!
Missing character: There is no a in font nullfont!
Missing character: There is no c in font nullfont!
Missing character: There is no i in font nullfont!
Missing character: There is no o in font nullfont!
Missing character: There is no n in font nullfont!
Missing character: There is no e in font nullfont!
Missing character: There is no s in font nullfont!
Missing character: There is no d in font nullfont!
Missing character: There is no e in font nullfont!
Missing character: There is no l in font nullfont!
Missing character: There is no o in font nullfont!
Missing character: There is no s in font nullfont!
Missing character: There is no v in font nullfont!
Missing character: There is no r in font nullfont!
Missing character: There is no t in font nullfont!
Missing character: There is no i in font nullfont!
Missing character: There is no c in font nullfont!
Missing character: There is no e in font nullfont!
Missing character: There is no s in font nullfont!
Missing character: There is no d in font nullfont!
Missing character: There is no e in font nullfont!
Missing character: There is no u in font nullfont!
Missing character: There is no n in font nullfont!
Missing character: There is no a in font nullfont!
Missing character: There is no g in font nullfont!
Missing character: There is no r in font nullfont!
Missing character: There is no f in font nullfont!
Missing character: There is no i in font nullfont!
Missing character: There is no c in font nullfont!
Missing character: There is no a in font nullfont!
Missing character: There is no , in font nullfont!
Missing character: There is no s in font nullfont!
Missing character: There is no e in font nullfont!
Missing character: There is no a in font nullfont!
Missing character: There is no c in font nullfont!
Missing character: There is no t in font nullfont!
Missing character: There is no u in font nullfont!
Missing character: There is no a in font nullfont!
Missing character: There is no l in font nullfont!
Missing character: There is no i in font nullfont!
Missing character: There is no z in font nullfont!
Missing character: There is no a in font nullfont!
Missing character: There is no n in font nullfont!
Missing character: There is no m in font nullfont!
Missing character: There is no e in font nullfont!
Missing character: There is no d in font nullfont!
Missing character: There is no i in font nullfont!
Missing character: There is no a in font nullfont!
Missing character: There is no n in font nullfont!
Missing character: There is no t in font nullfont!
Missing character: There is no e in font nullfont!
Missing character: There is no e in font nullfont!
Missing character: There is no l in font nullfont!
Missing character: There is no i in font nullfont!
Missing character: There is no n in font nullfont!
Missing character: There is no t in font nullfont!
Missing character: There is no e in font nullfont!
Missing character: There is no r in font nullfont!
Missing character: There is no c in font nullfont!
Missing character: There is no a in font nullfont!
Missing character: There is no m in font nullfont!
Missing character: There is no b in font nullfont!
Missing character: There is no i in font nullfont!
Missing character: There is no o in font nullfont!
Missing character: There is no d in font nullfont!
Missing character: There is no e in font nullfont!
Missing character: There is no i in font nullfont!
Missing character: There is no n in font nullfont!
Missing character: There is no f in font nullfont!
Missing character: There is no o in font nullfont!
Missing character: There is no r in font nullfont!
Missing character: There is no m in font nullfont!
Missing character: There is no a in font nullfont!
Missing character: There is no c in font nullfont!
Missing character: There is no i in font nullfont!
Missing character: There is no n in font nullfont!
Missing character: There is no d in font nullfont!
Missing character: There is no e in font nullfont!
Missing character: There is no s in font nullfont!
Missing character: There is no u in font nullfont!
Missing character: There is no v in font nullfont!
Missing character: There is no e in font nullfont!
Missing character: There is no c in font nullfont!
Missing character: There is no i in font nullfont!
Missing character: There is no n in font nullfont!
Missing character: There is no d in font nullfont!
Missing character: There is no a in font nullfont!
Missing character: There is no r in font nullfont!
Missing character: There is no i in font nullfont!
Missing character: There is no o in font nullfont!
Missing character: There is no . in font nullfont!
Missing character: There is no E in font nullfont!
Missing character: There is no n in font nullfont!
Missing character: There is no c in font nullfont!
Missing character: There is no a in font nullfont!
Missing character: There is no d in font nullfont!
Missing character: There is no a in font nullfont!
Missing character: There is no p in font nullfont!
Missing character: There is no a in font nullfont!
Missing character: There is no s in font nullfont!
Missing character: There is no o in font nullfont!
Missing character: There is no d in font nullfont!
Missing character: There is no e in font nullfont!
Missing character: There is no l in font nullfont!
Missing character: There is no m in font nullfont!
Missing character: There is no e in font nullfont!
Missing character: There is no c in font nullfont!
Missing character: There is no a in font nullfont!
Missing character: There is no n in font nullfont!
Missing character: There is no i in font nullfont!
Missing character: There is no s in font nullfont!
Missing character: There is no m in font nullfont!
Missing character: There is no o in font nullfont!
Missing character: There is no , in font nullfont!
Missing character: There is no l in font nullfont!
Missing character: There is no o in font nullfont!
Missing character: There is no s in font nullfont!
Missing character: There is no n in font nullfont!
Missing character: There is no o in font nullfont!
Missing character: There is no d in font nullfont!
Missing character: There is no o in font nullfont!
Missing character: There is no s in font nullfont!
Missing character: There is no i in font nullfont!
Missing character: There is no n in font nullfont!
Missing character: There is no t in font nullfont!
Missing character: There is no e in font nullfont!
Missing character: There is no r in font nullfont!
Missing character: There is no c in font nullfont!
Missing character: There is no a in font nullfont!
Missing character: There is no m in font nullfont!
Missing character: There is no b in font nullfont!
Missing character: There is no i in font nullfont!
Missing character: There is no a in font nullfont!
Missing character: There is no n in font nullfont!
Missing character: There is no m in font nullfont!
Missing character: There is no e in font nullfont!
Missing character: There is no n in font nullfont!
Missing character: There is no s in font nullfont!
Missing character: There is no a in font nullfont!
Missing character: There is no j in font nullfont!
Missing character: There is no e in font nullfont!
Missing character: There is no s in font nullfont!
Missing character: There is no q in font nullfont!
Missing character: There is no u in font nullfont!
Missing character: There is no e in font nullfont!
Missing character: There is no c in font nullfont!
Missing character: There is no o in font nullfont!
Missing character: There is no n in font nullfont!
Missing character: There is no t in font nullfont!
Missing character: There is no i in font nullfont!
Missing character: There is no e in font nullfont!
Missing character: There is no n in font nullfont!
Missing character: There is no e in font nullfont!
Missing character: There is no n in font nullfont!
Missing character: There is no i in font nullfont!
Missing character: There is no n in font nullfont!
Missing character: There is no f in font nullfont!
Missing character: There is no o in font nullfont!
Missing character: There is no r in font nullfont!
Missing character: There is no m in font nullfont!
Missing character: There is no a in font nullfont!
Missing character: There is no c in font nullfont!
Missing character: There is no i in font nullfont!
Missing character: There is no n in font nullfont!
Missing character: There is no s in font nullfont!
Missing character: There is no o in font nullfont!
Missing character: There is no b in font nullfont!
Missing character: There is no r in font nullfont!
Missing character: There is no e in font nullfont!
Missing character: There is no e in font nullfont!
Missing character: There is no l in font nullfont!
Missing character: There is no e in font nullfont!
Missing character: There is no s in font nullfont!
Missing character: There is no t in font nullfont!
Missing character: There is no a in font nullfont!
Missing character: There is no d in font nullfont!
Missing character: There is no o in font nullfont!
Missing character: There is no e in font nullfont!
Missing character: There is no n in font nullfont!
Missing character: There is no q in font nullfont!
Missing character: There is no u in font nullfont!
Missing character: There is no e in font nullfont!
Missing character: There is no s in font nullfont!
Missing character: There is no e in font nullfont!
Missing character: There is no e in font nullfont!
Missing character: There is no n in font nullfont!
Missing character: There is no c in font nullfont!
Missing character: There is no u in font nullfont!
Missing character: There is no e in font nullfont!
Missing character: There is no n in font nullfont!
Missing character: There is no t in font nullfont!
Missing character: There is no r in font nullfont!
Missing character: There is no a in font nullfont!
Missing character: There is no n in font nullfont!
Missing character: There is no p in font nullfont!
Missing character: There is no a in font nullfont!
Missing character: There is no r in font nullfont!
Missing character: There is no a in font nullfont!
Missing character: There is no l in font nullfont!
Missing character: There is no u in font nullfont!
Missing character: There is no e in font nullfont!
Missing character: There is no g in font nullfont!
Missing character: There is no o in font nullfont!
Missing character: There is no c in font nullfont!
Missing character: There is no o in font nullfont!
Missing character: There is no m in font nullfont!
Missing character: There is no b in font nullfont!
Missing character: There is no i in font nullfont!
Missing character: There is no n in font nullfont!
Missing character: There is no a in font nullfont!
Missing character: There is no r in font nullfont!
Missing character: There is no s in font nullfont!
Missing character: There is no e in font nullfont!
Missing character: There is no y in font nullfont!
Missing character: There is no a in font nullfont!
Missing character: There is no c in font nullfont!
Missing character: There is no t in font nullfont!
Missing character: There is no u in font nullfont!
Missing character: There is no a in font nullfont!
Missing character: There is no l in font nullfont!
Missing character: There is no i in font nullfont!
Missing character: There is no z in font nullfont!
Missing character: There is no a in font nullfont!
Missing character: There is no r in font nullfont!
Missing character: There is no s in font nullfont!
Missing character: There is no u in font nullfont!
Missing character: There is no i in font nullfont!
Missing character: There is no n in font nullfont!
Missing character: There is no f in font nullfont!
Missing character: There is no o in font nullfont!
Missing character: There is no r in font nullfont!
Missing character: There is no m in font nullfont!
Missing character: There is no a in font nullfont!
Missing character: There is no c in font nullfont!
Missing character: There is no i in font nullfont!
Missing character: There is no n in font nullfont!
Missing character: There is no i in font nullfont!
Missing character: There is no n in font nullfont!
Missing character: There is no t in font nullfont!
Missing character: There is no e in font nullfont!
Missing character: There is no r in font nullfont!
Missing character: There is no n in font nullfont!
Missing character: There is no a in font nullfont!
Missing character: There is no . in font nullfont!
Missing character: There is no E in font nullfont!
Missing character: There is no s in font nullfont!
Missing character: There is no t in font nullfont!
Missing character: There is no o in font nullfont!
Missing character: There is no v in font nullfont!
Missing character: There is no i in font nullfont!
Missing character: There is no e in font nullfont!
Missing character: There is no n in font nullfont!
Missing character: There is no e in font nullfont!
Missing character: There is no m in font nullfont!
Missing character: There is no o in font nullfont!
Missing character: There is no t in font nullfont!
Missing character: There is no i in font nullfont!
Missing character: There is no v in font nullfont!
Missing character: There is no a in font nullfont!
Missing character: There is no d in font nullfont!
Missing character: There is no o in font nullfont!
Missing character: There is no p in font nullfont!
Missing character: There is no o in font nullfont!
Missing character: There is no r in font nullfont!
Missing character: There is no l in font nullfont!
Missing character: There is no a in font nullfont!
Missing character: There is no n in font nullfont!
Missing character: There is no e in font nullfont!
Missing character: There is no c in font nullfont!
Missing character: There is no e in font nullfont!
Missing character: There is no s in font nullfont!
Missing character: There is no i in font nullfont!
Missing character: There is no d in font nullfont!
Missing character: There is no a in font nullfont!
Missing character: There is no d in font nullfont!
Missing character: There is no d in font nullfont!
Missing character: There is no e in font nullfont!
Missing character: There is no c in font nullfont!
Missing character: There is no a in font nullfont!
Missing character: There is no p in font nullfont!
Missing character: There is no t in font nullfont!
Missing character: There is no u in font nullfont!
Missing character: There is no r in font nullfont!
Missing character: There is no a in font nullfont!
Missing character: There is no r in font nullfont!
Missing character: There is no r in font nullfont!
Missing character: There is no e in font nullfont!
Missing character: There is no l in font nullfont!
Missing character: There is no a in font nullfont!
Missing character: There is no c in font nullfont!
Missing character: There is no i in font nullfont!
Missing character: There is no o in font nullfont!
Missing character: There is no n in font nullfont!
Missing character: There is no e in font nullfont!
Missing character: There is no s in font nullfont!
Missing character: There is no y in font nullfont!
Missing character: There is no d in font nullfont!
Missing character: There is no e in font nullfont!
Missing character: There is no p in font nullfont!
Missing character: There is no e in font nullfont!
Missing character: There is no n in font nullfont!
Missing character: There is no d in font nullfont!
Missing character: There is no e in font nullfont!
Missing character: There is no n in font nullfont!
Missing character: There is no c in font nullfont!
Missing character: There is no i in font nullfont!
Missing character: There is no a in font nullfont!
Missing character: There is no s in font nullfont!
Missing character: There is no e in font nullfont!
Missing character: There is no n in font nullfont!
Missing character: There is no t in font nullfont!
Missing character: There is no r in font nullfont!
Missing character: There is no e in font nullfont!
Missing character: There is no l in font nullfont!
Missing character: There is no o in font nullfont!
Missing character: There is no s in font nullfont!
Missing character: There is no v in font nullfont!
Missing character: There is no r in font nullfont!
Missing character: There is no t in font nullfont!
Missing character: There is no i in font nullfont!
Missing character: There is no c in font nullfont!
Missing character: There is no e in font nullfont!
Missing character: There is no s in font nullfont!
Missing character: There is no d in font nullfont!
Missing character: There is no e in font nullfont!
Missing character: There is no u in font nullfont!
Missing character: There is no n in font nullfont!
Missing character: There is no a in font nullfont!
Missing character: There is no g in font nullfont!
Missing character: There is no r in font nullfont!
Missing character: There is no f in font nullfont!
Missing character: There is no i in font nullfont!
Missing character: There is no c in font nullfont!
Missing character: There is no a in font nullfont!
Missing character: There is no p in font nullfont!
Missing character: There is no a in font nullfont!
Missing character: There is no r in font nullfont!
Missing character: There is no a in font nullfont!
Missing character: There is no e in font nullfont!
Missing character: There is no s in font nullfont!
Missing character: There is no t in font nullfont!
Missing character: There is no u in font nullfont!
Missing character: There is no d in font nullfont!
Missing character: There is no i in font nullfont!
Missing character: There is no a in font nullfont!
Missing character: There is no r in font nullfont!
Missing character: There is no s in font nullfont!
Missing character: There is no u in font nullfont!
Missing character: There is no c in font nullfont!
Missing character: There is no o in font nullfont!
Missing character: There is no m in font nullfont!
Missing character: There is no p in font nullfont!
Missing character: There is no o in font nullfont!
Missing character: There is no r in font nullfont!
Missing character: There is no t in font nullfont!
Missing character: There is no a in font nullfont!
Missing character: There is no m in font nullfont!
Missing character: There is no i in font nullfont!
Missing character: There is no e in font nullfont!
Missing character: There is no n in font nullfont!
Missing character: There is no t in font nullfont!
Missing character: There is no o in font nullfont!
Missing character: There is no e in font nullfont!
Missing character: There is no s in font nullfont!
Missing character: There is no t in font nullfont!
Missing character: There is no r in font nullfont!
Missing character: There is no u in font nullfont!
Missing character: There is no c in font nullfont!
Missing character: There is no t in font nullfont!
Missing character: There is no u in font nullfont!
Missing character: There is no r in font nullfont!
Missing character: There is no a in font nullfont!
Missing character: There is no l in font nullfont!
Missing character: There is no . in font nullfont!
Missing character: There is no E in font nullfont!
Missing character: There is no n in font nullfont!
Missing character: There is no d in font nullfont!
Missing character: There is no i in font nullfont!
Missing character: There is no f in font nullfont!
Missing character: There is no e in font nullfont!
Missing character: There is no r in font nullfont!
Missing character: There is no e in font nullfont!
Missing character: There is no n in font nullfont!
Missing character: There is no t in font nullfont!
Missing character: There is no e in font nullfont!
Missing character: There is no s in font nullfont!
Missing character: There is no c in font nullfont!
Missing character: There is no o in font nullfont!
Missing character: There is no n in font nullfont!
Missing character: There is no t in font nullfont!
Missing character: There is no e in font nullfont!
Missing character: There is no x in font nullfont!
Missing character: There is no t in font nullfont!
Missing character: There is no o in font nullfont!
Missing character: There is no s in font nullfont!
Missing character: There is no d in font nullfont!
Missing character: There is no e in font nullfont!
Missing character: There is no l in font nullfont!
Missing character: There is no m in font nullfont!
Missing character: There is no u in font nullfont!
Missing character: There is no n in font nullfont!
Missing character: There is no d in font nullfont!
Missing character: There is no o in font nullfont!
Missing character: There is no a in font nullfont!
Missing character: There is no c in font nullfont!
Missing character: There is no t in font nullfont!
Missing character: There is no u in font nullfont!
Missing character: There is no a in font nullfont!
Missing character: There is no l in font nullfont!
Missing character: There is no , in font nullfont!
Missing character: There is no n in font nullfont!
Missing character: There is no o in font nullfont!
Missing character: There is no t in font nullfont!
Missing character: There is no a in font nullfont!
Missing character: There is no m in font nullfont!
Missing character: There is no o in font nullfont!
Missing character: There is no s in font nullfont!
Missing character: There is no q in font nullfont!
Missing character: There is no u in font nullfont!
Missing character: There is no e in font nullfont!
Missing character: There is no m in font nullfont!
Missing character: There is no u in font nullfont!
Missing character: There is no c in font nullfont!
Missing character: There is no h in font nullfont!
Missing character: There is no o in font nullfont!
Missing character: There is no s in font nullfont!
Missing character: There is no d in font nullfont!
Missing character: There is no e in font nullfont!
Missing character: There is no l in font nullfont!
Missing character: There is no o in font nullfont!
Missing character: There is no s in font nullfont!
Missing character: There is no d in font nullfont!
Missing character: There is no a in font nullfont!
Missing character: There is no t in font nullfont!
Missing character: There is no o in font nullfont!
Missing character: There is no s in font nullfont!
Missing character: There is no t in font nullfont!
Missing character: There is no i in font nullfont!
Missing character: There is no e in font nullfont!
Missing character: There is no n in font nullfont!
Missing character: There is no e in font nullfont!
Missing character: There is no n in font nullfont!
Missing character: There is no u in font nullfont!
Missing character: There is no n in font nullfont!
Missing character: There is no a in font nullfont!
Missing character: There is no e in font nullfont!
Missing character: There is no s in font nullfont!
Missing character: There is no t in font nullfont!
Missing character: There is no r in font nullfont!
Missing character: There is no u in font nullfont!
Missing character: There is no c in font nullfont!
Missing character: There is no t in font nullfont!
Missing character: There is no u in font nullfont!
Missing character: There is no r in font nullfont!
Missing character: There is no a in font nullfont!
Missing character: There is no p in font nullfont!
Missing character: There is no r in font nullfont!
Missing character: There is no o in font nullfont!
Missing character: There is no p in font nullfont!
Missing character: There is no i in font nullfont!
Missing character: There is no a in font nullfont!
Missing character: There is no d in font nullfont!
Missing character: There is no e in font nullfont!
Missing character: There is no g in font nullfont!
Missing character: There is no r in font nullfont!
Missing character: There is no f in font nullfont!
Missing character: There is no i in font nullfont!
Missing character: There is no c in font nullfont!
Missing character: There is no a in font nullfont!
Missing character: There is no , in font nullfont!
Missing character: There is no t in font nullfont!
Missing character: There is no a in font nullfont!
Missing character: There is no l in font nullfont!
Missing character: There is no e in font nullfont!
Missing character: There is no s in font nullfont!
Missing character: There is no c in font nullfont!
Missing character: There is no o in font nullfont!
Missing character: There is no m in font nullfont!
Missing character: There is no o in font nullfont!
Missing character: There is no : in font nullfont!
Missing character: There is no r in font nullfont!
Missing character: There is no e in font nullfont!
Missing character: There is no d in font nullfont!
Missing character: There is no e in font nullfont!
Missing character: There is no s in font nullfont!
Missing character: There is no s in font nullfont!
Missing character: There is no o in font nullfont!
Missing character: There is no c in font nullfont!
Missing character: There is no i in font nullfont!
Missing character: There is no a in font nullfont!
Missing character: There is no l in font nullfont!
Missing character: There is no e in font nullfont!
Missing character: There is no s in font nullfont!
Missing character: There is no , in font nullfont!
Missing character: There is no m in font nullfont!
Missing character: There is no o in font nullfont!
Missing character: There is no l in font nullfont!
Missing character: There is no c in font nullfont!
Missing character: There is no u in font nullfont!
Missing character: There is no l in font nullfont!
Missing character: There is no a in font nullfont!
Missing character: There is no s in font nullfont!
Missing character: There is no , in font nullfont!
Missing character: There is no s in font nullfont!
Missing character: There is no i in font nullfont!
Missing character: There is no s in font nullfont!
Missing character: There is no t in font nullfont!
Missing character: There is no e in font nullfont!
Missing character: There is no m in font nullfont!
Missing character: There is no a in font nullfont!
Missing character: There is no s in font nullfont!
Missing character: There is no d in font nullfont!
Missing character: There is no e in font nullfont!
Missing character: There is no r in font nullfont!
Missing character: There is no e in font nullfont!
Missing character: There is no c in font nullfont!
Missing character: There is no o in font nullfont!
Missing character: There is no m in font nullfont!
Missing character: There is no e in font nullfont!
Missing character: There is no n in font nullfont!
Missing character: There is no d in font nullfont!
Missing character: There is no a in font nullfont!
Missing character: There is no c in font nullfont!
Missing character: There is no i in font nullfont!
Missing character: There is no n in font nullfont!
Missing character: There is no , in font nullfont!
Missing character: There is no e in font nullfont!
Missing character: There is no t in font nullfont!
Missing character: There is no c in font nullfont!
Missing character: There is no , in font nullfont!
Missing character: There is no s in font nullfont!
Missing character: There is no i in font nullfont!
Missing character: There is no e in font nullfont!
Missing character: There is no n in font nullfont!
Missing character: There is no d in font nullfont!
Missing character: There is no o in font nullfont!
Missing character: There is no l in font nullfont!
Missing character: There is no o in font nullfont!
Missing character: There is no s in font nullfont!
Missing character: There is no v in font nullfont!
Missing character: There is no r in font nullfont!
Missing character: There is no t in font nullfont!
Missing character: There is no i in font nullfont!
Missing character: There is no c in font nullfont!
Missing character: There is no e in font nullfont!
Missing character: There is no s in font nullfont!
Missing character: There is no e in font nullfont!
Missing character: There is no n in font nullfont!
Missing character: There is no t in font nullfont!
Missing character: There is no i in font nullfont!
Missing character: There is no d in font nullfont!
Missing character: There is no a in font nullfont!
Missing character: There is no d in font nullfont!
Missing character: There is no e in font nullfont!
Missing character: There is no s in font nullfont!
Missing character: There is no c in font nullfont!
Missing character: There is no o in font nullfont!
Missing character: There is no m in font nullfont!
Missing character: There is no o in font nullfont!
Missing character: There is no u in font nullfont!
Missing character: There is no s in font nullfont!
Missing character: There is no u in font nullfont!
Missing character: There is no a in font nullfont!
Missing character: There is no r in font nullfont!
Missing character: There is no i in font nullfont!
Missing character: There is no o in font nullfont!
Missing character: There is no s in font nullfont!
Missing character: There is no , in font nullfont!
Missing character: There is no t in font nullfont!
Missing character: There is no o in font nullfont!
Missing character: There is no m in font nullfont!
Missing character: There is no o in font nullfont!
Missing character: There is no s in font nullfont!
Missing character: There is no o in font nullfont!
Missing character: There is no p in font nullfont!
Missing character: There is no r in font nullfont!
Missing character: There is no o in font nullfont!
Missing character: There is no d in font nullfont!
Missing character: There is no u in font nullfont!
Missing character: There is no c in font nullfont!
Missing character: There is no t in font nullfont!
Missing character: There is no o in font nullfont!
Missing character: There is no s in font nullfont!
Missing character: There is no d in font nullfont!
Missing character: There is no e in font nullfont!
Missing character: There is no u in font nullfont!
Missing character: There is no n in font nullfont!
Missing character: There is no e in font nullfont!
Missing character: There is no - in font nullfont!
Missing character: There is no c in font nullfont!
Missing character: There is no o in font nullfont!
Missing character: There is no m in font nullfont!
Missing character: There is no m in font nullfont!
Missing character: There is no e in font nullfont!
Missing character: There is no r in font nullfont!
Missing character: There is no c in font nullfont!
Missing character: There is no e in font nullfont!
Missing character: There is no y in font nullfont!
Missing character: There is no l in font nullfont!
Missing character: There is no a in font nullfont!
Missing character: There is no s in font nullfont!
Missing character: There is no a in font nullfont!
Missing character: There is no r in font nullfont!
Missing character: There is no i in font nullfont!
Missing character: There is no s in font nullfont!
Missing character: There is no t in font nullfont!
Missing character: There is no a in font nullfont!
Missing character: There is no s in font nullfont!
Missing character: There is no l in font nullfont!
Missing character: There is no a in font nullfont!
Missing character: There is no s in font nullfont!
Missing character: There is no r in font nullfont!
Missing character: There is no e in font nullfont!
Missing character: There is no l in font nullfont!
Missing character: There is no a in font nullfont!
Missing character: There is no c in font nullfont!
Missing character: There is no i in font nullfont!
Missing character: There is no o in font nullfont!
Missing character: There is no n in font nullfont!
Missing character: There is no e in font nullfont!
Missing character: There is no s in font nullfont!
Missing character: There is no e in font nullfont!
Missing character: There is no n in font nullfont!
Missing character: There is no t in font nullfont!
Missing character: There is no r in font nullfont!
Missing character: There is no e in font nullfont!
Missing character: There is no e in font nullfont!
Missing character: There is no l in font nullfont!
Missing character: There is no l in font nullfont!
Missing character: There is no o in font nullfont!
Missing character: There is no s in font nullfont!
Missing character: There is no t in font nullfont!
Missing character: There is no a in font nullfont!
Missing character: There is no l in font nullfont!
Missing character: There is no e in font nullfont!
Missing character: There is no s in font nullfont!
Missing character: There is no c in font nullfont!
Missing character: There is no o in font nullfont!
Missing character: There is no m in font nullfont!
Missing character: There is no o in font nullfont!
Missing character: There is no , in font nullfont!
Missing character: There is no a in font nullfont!
Missing character: There is no m in font nullfont!
Missing character: There is no i in font nullfont!
Missing character: There is no s in font nullfont!
Missing character: There is no t in font nullfont!
Missing character: There is no a in font nullfont!
Missing character: There is no d in font nullfont!
Missing character: There is no e in font nullfont!
Missing character: There is no s in font nullfont!
Missing character: There is no , in font nullfont!
Missing character: There is no e in font nullfont!
Missing character: There is no n in font nullfont!
Missing character: There is no l in font nullfont!
Missing character: There is no a in font nullfont!
Missing character: There is no c in font nullfont!
Missing character: There is no e in font nullfont!
Missing character: There is no s in font nullfont!
Missing character: There is no y in font nullfont!
Missing character: There is no p in font nullfont!
Missing character: There is no r in font nullfont!
Missing character: There is no e in font nullfont!
Missing character: There is no f in font nullfont!
Missing character: There is no e in font nullfont!
Missing character: There is no r in font nullfont!
Missing character: There is no e in font nullfont!
Missing character: There is no n in font nullfont!
Missing character: There is no c in font nullfont!
Missing character: There is no i in font nullfont!
Missing character: There is no a in font nullfont!
Missing character: There is no s in font nullfont!
Missing character: There is no . in font nullfont!
Missing character: There is no E in font nullfont!
Missing character: There is no l in font nullfont!
Missing character: There is no c in font nullfont!
Missing character: There is no o in font nullfont!
Missing character: There is no n in font nullfont!
Missing character: There is no c in font nullfont!
Missing character: There is no e in font nullfont!
Missing character: There is no p in font nullfont!
Missing character: There is no t in font nullfont!
Missing character: There is no o in font nullfont!
Missing character: There is no d in font nullfont!
Missing character: There is no e in font nullfont!
Missing character: There is no , in font nullfont!
Missing character: There is no p in font nullfont!
Missing character: There is no e in font nullfont!
Missing character: There is no r in font nullfont!
Missing character: There is no m in font nullfont!
Missing character: There is no i in font nullfont!
Missing character: There is no t in font nullfont!
Missing character: There is no e in font nullfont!
Missing character: There is no e in font nullfont!
Missing character: There is no s in font nullfont!
Missing character: There is no t in font nullfont!
Missing character: There is no u in font nullfont!
Missing character: There is no d in font nullfont!
Missing character: There is no i in font nullfont!
Missing character: There is no a in font nullfont!
Missing character: There is no r in font nullfont!
Missing character: There is no a in font nullfont!
Missing character: There is no l in font nullfont!
Missing character: There is no a in font nullfont!
Missing character: There is no g in font nullfont!
Missing character: There is no r in font nullfont!
Missing character: There is no f in font nullfont!
Missing character: There is no i in font nullfont!
Missing character: There is no c in font nullfont!
Missing character: There is no a in font nullfont!
Missing character: There is no , in font nullfont!
Missing character: There is no n in font nullfont!
Missing character: There is no o in font nullfont!
Missing character: There is no s in font nullfont!
Missing character: There is no l in font nullfont!
Missing character: There is no o in font nullfont!
Missing character: There is no a in font nullfont!
Missing character: There is no n in font nullfont!
Missing character: There is no i in font nullfont!
Missing character: There is no v in font nullfont!
Missing character: There is no e in font nullfont!
Missing character: There is no l in font nullfont!
Missing character: There is no d in font nullfont!
Missing character: There is no e in font nullfont!
Missing character: There is no c in font nullfont!
Missing character: There is no a in font nullfont!
Missing character: There is no r in font nullfont!
Missing character: There is no a in font nullfont!
Missing character: There is no c in font nullfont!
Missing character: There is no t in font nullfont!
Missing character: There is no e in font nullfont!
Missing character: There is no r in font nullfont!
Missing character: There is no s in font nullfont!
Missing character: There is no t in font nullfont!
Missing character: There is no i in font nullfont!
Missing character: There is no c in font nullfont!
Missing character: There is no a in font nullfont!
Missing character: There is no d in font nullfont!
Missing character: There is no e in font nullfont!
Missing character: There is no v in font nullfont!
Missing character: There is no r in font nullfont!
Missing character: There is no t in font nullfont!
Missing character: There is no i in font nullfont!
Missing character: There is no c in font nullfont!
Missing character: There is no e in font nullfont!
Missing character: There is no , in font nullfont!
Missing character: There is no s in font nullfont!
Missing character: There is no i in font nullfont!
Missing character: There is no n in font nullfont!
Missing character: There is no o in font nullfont!
Missing character: There is no t in font nullfont!
Missing character: There is no a in font nullfont!
Missing character: There is no m in font nullfont!
Missing character: There is no b in font nullfont!
Missing character: There is no i in font nullfont!
Missing character: There is no n in font nullfont!
Missing character: There is no a in font nullfont!
Missing character: There is no n in font nullfont!
Missing character: There is no i in font nullfont!
Missing character: There is no v in font nullfont!
Missing character: There is no e in font nullfont!
Missing character: There is no l in font nullfont!
Missing character: There is no e in font nullfont!
Missing character: There is no s in font nullfont!
Missing character: There is no t in font nullfont!
Missing character: There is no r in font nullfont!
Missing character: There is no u in font nullfont!
Missing character: There is no c in font nullfont!
Missing character: There is no t in font nullfont!
Missing character: There is no u in font nullfont!
Missing character: There is no r in font nullfont!
Missing character: There is no a in font nullfont!
Missing character: There is no l in font nullfont!
Missing character: There is no d in font nullfont!
Missing character: There is no e in font nullfont!
Missing character: There is no g in font nullfont!
Missing character: There is no r in font nullfont!
Missing character: There is no f in font nullfont!
Missing character: There is no i in font nullfont!
Missing character: There is no c in font nullfont!
Missing character: There is no a in font nullfont!
Missing character: There is no . in font nullfont!

Overfull \hbox (25.00002pt too wide) in paragraph at lines 497--503
[]\/cmr/m/n/10 ^^So
 []


Overfull \hbox (34.15953pt too wide) in paragraph at lines 497--503
\OT1/cmr/bx/n/10 Propa-
 []


Overfull \hbox (31.78453pt too wide) in paragraph at lines 497--503
\OT1/cmr/bx/n/10 gaci^^Son
 []


Overfull \hbox (11.65967pt too wide) in paragraph at lines 497--503
\OT1/cmr/bx/n/10 de
 []


Overfull \hbox (26.40959pt too wide) in paragraph at lines 497--503
\OT1/cmr/bx/n/10 Men-
 []


Overfull \hbox (24.08594pt too wide) in paragraph at lines 497--503
\OT1/cmr/bx/n/10 sajes
 []


Overfull \hbox (24.49294pt too wide) in paragraph at lines 497--503
\OT1/cmr/bx/n/10 Neu-
 []


Overfull \hbox (35.46646pt too wide) in paragraph at lines 497--503
\OT1/cmr/bx/n/10 ronales
 []


Overfull \hbox (4.44444pt too wide) in paragraph at lines 497--503
\/cmr/m/n/10 ^^Se
 []


Overfull \hbox (5.00002pt too wide) in paragraph at lines 497--503
\/cmr/m/n/10 ^^Sa
 []


Overfull \hbox (5.00002pt too wide) in paragraph at lines 497--503
\/cmr/m/n/10 ^^So
 []


Overfull \hbox (5.00002pt too wide) in paragraph at lines 497--503
\/cmr/m/n/10 ^^So
 []


Overfull \hbox (5.00002pt too wide) in paragraph at lines 497--503
\/cmr/m/n/10 ^^So 
 []


Overfull \hbox (4.44444pt too wide) in paragraph at lines 497--503
\/cmr/m/n/10 ^^Se
 []


Overfull \hbox (5.00002pt too wide) in paragraph at lines 497--503
\/cmr/m/n/10 ^^Sa
 []


Overfull \hbox (5.00002pt too wide) in paragraph at lines 497--503
\/cmr/m/n/10 ^^Sa
 []


Overfull \hbox (4.44444pt too wide) in paragraph at lines 497--503
\/cmr/m/n/10 ^^Se
 []


Overfull \hbox (5.00002pt too wide) in paragraph at lines 497--503
\/cmr/m/n/10 ^^So
 []


Overfull \hbox (4.44444pt too wide) in paragraph at lines 497--503
\/cmr/m/n/10 ^^Se
 []


Overfull \hbox (5.00002pt too wide) in paragraph at lines 497--503
\/cmr/m/n/10 ^^Sa
 []


Overfull \hbox (34.15953pt too wide) in paragraph at lines 497--503
\OT1/cmr/bx/n/10 Propa-
 []


Overfull \hbox (31.78453pt too wide) in paragraph at lines 497--503
\OT1/cmr/bx/n/10 gaci^^Son
 []


Overfull \hbox (11.65967pt too wide) in paragraph at lines 497--503
\OT1/cmr/bx/n/10 de
 []


Overfull \hbox (26.40959pt too wide) in paragraph at lines 497--503
\OT1/cmr/bx/n/10 Men-
 []


Overfull \hbox (24.08594pt too wide) in paragraph at lines 497--503
\OT1/cmr/bx/n/10 sajes
 []


Overfull \hbox (24.49294pt too wide) in paragraph at lines 497--503
\OT1/cmr/bx/n/10 Neu-
 []


Overfull \hbox (35.46646pt too wide) in paragraph at lines 497--503
\OT1/cmr/bx/n/10 ronales
 []


Overfull \hbox (5.00002pt too wide) in paragraph at lines 497--503
\/cmr/m/n/10 ^^Sa
 []


Overfull \hbox (5.00002pt too wide) in paragraph at lines 497--503
\/cmr/m/n/10 ^^So
 []


Overfull \hbox (2.77779pt too wide) in paragraph at lines 497--503
\/cmr/m/n/10 ^^S^^P
 []


Overfull \hbox (4.44444pt too wide) in paragraph at lines 497--503
\/cmr/m/n/10 ^^Se
 []


Overfull \hbox (4.44444pt too wide) in paragraph at lines 497--503
\/cmr/m/n/10 ^^Se
 []


Overfull \hbox (5.00002pt too wide) in paragraph at lines 497--503
\/cmr/m/n/10 ^^Sa 
 []


Overfull \hbox (20.0pt too wide) in paragraph at lines 504--504
[] 
 []

! Undefined control sequence.
l.505 \includegraphics
                      {Example-of-a-message-passing-neural-network-The-left-...
The control sequence at the end of the top line
of your error message was never \def'ed. If you have
misspelled it (e.g., `\hobx'), type `I' and the correct
spelling (e.g., `I\hbox'). Otherwise just continue,
and I'll forget about whatever was undefined.

Missing character: There is no E in font nullfont!
Missing character: There is no x in font nullfont!
Missing character: There is no a in font nullfont!
Missing character: There is no m in font nullfont!
Missing character: There is no p in font nullfont!
Missing character: There is no l in font nullfont!
Missing character: There is no e in font nullfont!
Missing character: There is no - in font nullfont!
Missing character: There is no o in font nullfont!
Missing character: There is no f in font nullfont!
Missing character: There is no - in font nullfont!
Missing character: There is no a in font nullfont!
Missing character: There is no - in font nullfont!
Missing character: There is no m in font nullfont!
Missing character: There is no e in font nullfont!
Missing character: There is no s in font nullfont!
Missing character: There is no s in font nullfont!
Missing character: There is no a in font nullfont!
Missing character: There is no g in font nullfont!
Missing character: There is no e in font nullfont!
Missing character: There is no - in font nullfont!
Missing character: There is no p in font nullfont!
Missing character: There is no a in font nullfont!
Missing character: There is no s in font nullfont!
Missing character: There is no s in font nullfont!
Missing character: There is no i in font nullfont!
Missing character: There is no n in font nullfont!
Missing character: There is no g in font nullfont!
Missing character: There is no - in font nullfont!
Missing character: There is no n in font nullfont!
Missing character: There is no e in font nullfont!
Missing character: There is no u in font nullfont!
Missing character: There is no r in font nullfont!
Missing character: There is no a in font nullfont!
Missing character: There is no l in font nullfont!
Missing character: There is no - in font nullfont!
Missing character: There is no n in font nullfont!
Missing character: There is no e in font nullfont!
Missing character: There is no t in font nullfont!
Missing character: There is no w in font nullfont!
Missing character: There is no o in font nullfont!
Missing character: There is no r in font nullfont!
Missing character: There is no k in font nullfont!
Missing character: There is no - in font nullfont!
Missing character: There is no T in font nullfont!
Missing character: There is no h in font nullfont!
Missing character: There is no e in font nullfont!
Missing character: There is no - in font nullfont!
Missing character: There is no l in font nullfont!
Missing character: There is no e in font nullfont!
Missing character: There is no f in font nullfont!
Missing character: There is no t in font nullfont!
Missing character: There is no - in font nullfont!
Missing character: There is no s in font nullfont!
Missing character: There is no i in font nullfont!
Missing character: There is no d in font nullfont!
Missing character: There is no e in font nullfont!
Missing character: There is no - in font nullfont!
Missing character: There is no i in font nullfont!
Missing character: There is no s in font nullfont!
Missing character: There is no - in font nullfont!
Missing character: There is no a in font nullfont!
Missing character: There is no n in font nullfont!
Missing character: There is no - in font nullfont!
Missing character: There is no e in font nullfont!
Missing character: There is no x in font nullfont!
Missing character: There is no a in font nullfont!
Missing character: There is no m in font nullfont!
Missing character: There is no p in font nullfont!
Missing character: There is no l in font nullfont!
Missing character: There is no e in font nullfont!
Missing character: There is no - in font nullfont!
Missing character: There is no o in font nullfont!
Missing character: There is no f in font nullfont!
Missing character: There is no - in font nullfont!
Missing character: There is no a in font nullfont!
Missing character: There is no - in font nullfont!
Missing character: There is no g in font nullfont!
Missing character: There is no r in font nullfont!
Missing character: There is no a in font nullfont!
Missing character: There is no p in font nullfont!
Missing character: There is no h in font nullfont!
Missing character: There is no i in font nullfont!
Missing character: There is no c in font nullfont!
Missing character: There is no a in font nullfont!
Missing character: There is no l in font nullfont!
! Undefined control sequence.
l.511 \subsection
                 {Descripci^^c3^^b3n general del mecanismo}
The control sequence at the end of the top line
of your error message was never \def'ed. If you have
misspelled it (e.g., `\hobx'), type `I' and the correct
spelling (e.g., `I\hbox'). Otherwise just continue,
and I'll forget about whatever was undefined.

Missing character: There is no D in font nullfont!
Missing character: There is no e in font nullfont!
Missing character: There is no s in font nullfont!
Missing character: There is no c in font nullfont!
Missing character: There is no r in font nullfont!
Missing character: There is no i in font nullfont!
Missing character: There is no p in font nullfont!
Missing character: There is no c in font nullfont!
Missing character: There is no i in font nullfont!
Missing character: There is no n in font nullfont!
Missing character: There is no g in font nullfont!
Missing character: There is no e in font nullfont!
Missing character: There is no n in font nullfont!
Missing character: There is no e in font nullfont!
Missing character: There is no r in font nullfont!
Missing character: There is no a in font nullfont!
Missing character: There is no l in font nullfont!
Missing character: There is no d in font nullfont!
Missing character: There is no e in font nullfont!
Missing character: There is no l in font nullfont!
Missing character: There is no m in font nullfont!
Missing character: There is no e in font nullfont!
Missing character: There is no c in font nullfont!
Missing character: There is no a in font nullfont!
Missing character: There is no n in font nullfont!
Missing character: There is no i in font nullfont!
Missing character: There is no s in font nullfont!
Missing character: There is no m in font nullfont!
Missing character: There is no o in font nullfont!
Missing character: There is no C in font nullfont!
Missing character: There is no m in font nullfont!
Missing character: There is no o in font nullfont!
Missing character: There is no s in font nullfont!
Missing character: There is no e in font nullfont!
Missing character: There is no m in font nullfont!
Missing character: There is no e in font nullfont!
Missing character: There is no n in font nullfont!
Missing character: There is no c in font nullfont!
Missing character: There is no i in font nullfont!
Missing character: There is no o in font nullfont!
Missing character: There is no n in font nullfont!
Missing character: There is no e in font nullfont!
Missing character: There is no n in font nullfont!
Missing character: There is no l in font nullfont!
Missing character: There is no a in font nullfont!
Missing character: There is no m in font nullfont!
Missing character: There is no o in font nullfont!
Missing character: There is no t in font nullfont!
Missing character: There is no i in font nullfont!
Missing character: There is no v in font nullfont!
Missing character: There is no a in font nullfont!
Missing character: There is no c in font nullfont!
Missing character: There is no i in font nullfont!
Missing character: There is no n in font nullfont!
Missing character: There is no , in font nullfont!
Missing character: There is no d in font nullfont!
Missing character: There is no u in font nullfont!
Missing character: There is no r in font nullfont!
Missing character: There is no a in font nullfont!
Missing character: There is no n in font nullfont!
Missing character: There is no t in font nullfont!
Missing character: There is no e in font nullfont!
Missing character: There is no c in font nullfont!
Missing character: There is no a in font nullfont!
Missing character: There is no d in font nullfont!
Missing character: There is no a in font nullfont!
Missing character: There is no i in font nullfont!
Missing character: There is no t in font nullfont!
Missing character: There is no e in font nullfont!
Missing character: There is no r in font nullfont!
Missing character: There is no a in font nullfont!
Missing character: There is no c in font nullfont!
Missing character: There is no i in font nullfont!
Missing character: There is no n in font nullfont!
Missing character: There is no d in font nullfont!
Missing character: There is no e in font nullfont!
Missing character: There is no l in font nullfont!
Missing character: There is no m in font nullfont!
Missing character: There is no e in font nullfont!
Missing character: There is no c in font nullfont!
Missing character: There is no a in font nullfont!
Missing character: There is no n in font nullfont!
Missing character: There is no i in font nullfont!
Missing character: There is no s in font nullfont!
Missing character: There is no m in font nullfont!
Missing character: There is no o in font nullfont!
Missing character: There is no e in font nullfont!
Missing character: There is no n in font nullfont!
Missing character: There is no u in font nullfont!
Missing character: There is no n in font nullfont!
Missing character: There is no a in font nullfont!
Missing character: There is no G in font nullfont!
Missing character: There is no N in font nullfont!
Missing character: There is no N in font nullfont!
Missing character: There is no ( in font nullfont!
Missing character: There is no R in font nullfont!
Missing character: There is no e in font nullfont!
Missing character: There is no d in font nullfont!
Missing character: There is no N in font nullfont!
Missing character: There is no e in font nullfont!
Missing character: There is no u in font nullfont!
Missing character: There is no r in font nullfont!
Missing character: There is no o in font nullfont!
Missing character: There is no n in font nullfont!
Missing character: There is no a in font nullfont!
Missing character: There is no l in font nullfont!
Missing character: There is no G in font nullfont!
Missing character: There is no r in font nullfont!
Missing character: There is no f in font nullfont!
Missing character: There is no i in font nullfont!
Missing character: There is no c in font nullfont!
Missing character: There is no a in font nullfont!
Missing character: There is no ) in font nullfont!
Missing character: There is no , in font nullfont!
Missing character: There is no l in font nullfont!
Missing character: There is no o in font nullfont!
Missing character: There is no s in font nullfont!
Missing character: There is no e in font nullfont!
Missing character: There is no n in font nullfont!
Missing character: There is no c in font nullfont!
Missing character: There is no a in font nullfont!
Missing character: There is no j in font nullfont!
Missing character: There is no e in font nullfont!
Missing character: There is no s in font nullfont!
Missing character: There is no o in font nullfont!
Missing character: There is no c in font nullfont!
Missing character: There is no u in font nullfont!
Missing character: There is no l in font nullfont!
Missing character: There is no t in font nullfont!
Missing character: There is no o in font nullfont!
Missing character: There is no s in font nullfont!
Missing character: There is no c in font nullfont!
Missing character: There is no o in font nullfont!
Missing character: There is no r in font nullfont!
Missing character: There is no r in font nullfont!
Missing character: There is no e in font nullfont!
Missing character: There is no s in font nullfont!
Missing character: There is no p in font nullfont!
Missing character: There is no o in font nullfont!
Missing character: There is no n in font nullfont!
Missing character: There is no d in font nullfont!
Missing character: There is no i in font nullfont!
Missing character: There is no e in font nullfont!
Missing character: There is no n in font nullfont!
Missing character: There is no t in font nullfont!
Missing character: There is no e in font nullfont!
Missing character: There is no s in font nullfont!
Missing character: There is no a in font nullfont!
Missing character: There is no c in font nullfont!
Missing character: There is no a in font nullfont!
Missing character: There is no d in font nullfont!
Missing character: There is no a in font nullfont!
Missing character: There is no n in font nullfont!
Missing character: There is no o in font nullfont!
Missing character: There is no d in font nullfont!
Missing character: There is no o in font nullfont!
Missing character: There is no , in font nullfont!
Missing character: There is no s in font nullfont!
Missing character: There is no o in font nullfont!
Missing character: There is no n in font nullfont!
Missing character: There is no a in font nullfont!
Missing character: There is no c in font nullfont!
Missing character: There is no t in font nullfont!
Missing character: There is no u in font nullfont!
Missing character: There is no a in font nullfont!
Missing character: There is no l in font nullfont!
Missing character: There is no i in font nullfont!
Missing character: There is no z in font nullfont!
Missing character: There is no a in font nullfont!
Missing character: There is no d in font nullfont!
Missing character: There is no a in font nullfont!
Missing character: There is no s in font nullfont!
Missing character: There is no d in font nullfont!
Missing character: There is no e in font nullfont!
Missing character: There is no a in font nullfont!
Missing character: There is no c in font nullfont!
Missing character: There is no u in font nullfont!
Missing character: There is no e in font nullfont!
Missing character: There is no r in font nullfont!
Missing character: There is no d in font nullfont!
Missing character: There is no o in font nullfont!
Missing character: There is no a in font nullfont!
Missing character: There is no l in font nullfont!
Missing character: There is no a in font nullfont!
Missing character: There is no i in font nullfont!
Missing character: There is no n in font nullfont!
Missing character: There is no f in font nullfont!
Missing character: There is no o in font nullfont!
Missing character: There is no r in font nullfont!
Missing character: There is no m in font nullfont!
Missing character: There is no a in font nullfont!
Missing character: There is no c in font nullfont!
Missing character: There is no i in font nullfont!
Missing character: There is no n in font nullfont!
Missing character: There is no r in font nullfont!
Missing character: There is no e in font nullfont!
Missing character: There is no c in font nullfont!
Missing character: There is no o in font nullfont!
Missing character: There is no p in font nullfont!
Missing character: There is no i in font nullfont!
Missing character: There is no l in font nullfont!
Missing character: There is no a in font nullfont!
Missing character: There is no d in font nullfont!
Missing character: There is no a in font nullfont!
Missing character: There is no d in font nullfont!
Missing character: There is no e in font nullfont!
Missing character: There is no l in font nullfont!
Missing character: There is no v in font nullfont!
Missing character: There is no e in font nullfont!
Missing character: There is no c in font nullfont!
Missing character: There is no i in font nullfont!
Missing character: There is no n in font nullfont!
Missing character: There is no a in font nullfont!
Missing character: There is no d in font nullfont!
Missing character: There is no r in font nullfont!
Missing character: There is no i in font nullfont!
Missing character: There is no o in font nullfont!
Missing character: There is no d in font nullfont!
Missing character: There is no e in font nullfont!
Missing character: There is no . in font nullfont!

Overfull \hbox (25.00002pt too wide) in paragraph at lines 511--513
[]\/cmr/m/n/10 ^^So
 []


Overfull \hbox (5.00002pt too wide) in paragraph at lines 511--513
\/cmr/m/n/10 ^^So
 []


Overfull \hbox (5.00002pt too wide) in paragraph at lines 511--513
\/cmr/m/n/10 ^^So
 []


Overfull \hbox (5.00002pt too wide) in paragraph at lines 511--513
\/cmr/m/n/10 ^^So
 []


Overfull \hbox (5.00002pt too wide) in paragraph at lines 511--513
\/cmr/m/n/10 ^^So
 []


Overfull \hbox (5.00002pt too wide) in paragraph at lines 511--513
\/cmr/m/n/10 ^^Sa
 []


Overfull \hbox (16.93178pt too wide) in paragraph at lines 511--513
\OML/cmm/m/it/10 h[]$
 []


Overfull \hbox (15.16898pt too wide) in paragraph at lines 511--513
\OML/cmm/m/it/10 u \OMS/cmsy/m/n/10 2
 []


Overfull \hbox (8.05556pt too wide) in paragraph at lines 511--513
\OML/cmm/m/it/10 V$
 []


Overfull \hbox (5.00002pt too wide) in paragraph at lines 511--513
\/cmr/m/n/10 ^^So
 []


Overfull \hbox (5.72458pt too wide) in paragraph at lines 511--513
\OML/cmm/m/it/10 u$ 
 []

Missing character: There is no E in font nullfont!
Missing character: There is no l in font nullfont!
Missing character: There is no m in font nullfont!
Missing character: There is no e in font nullfont!
Missing character: There is no c in font nullfont!
Missing character: There is no a in font nullfont!
Missing character: There is no n in font nullfont!
Missing character: There is no i in font nullfont!
Missing character: There is no s in font nullfont!
Missing character: There is no m in font nullfont!
Missing character: There is no o in font nullfont!
Missing character: There is no p in font nullfont!
Missing character: There is no u in font nullfont!
Missing character: There is no e in font nullfont!
Missing character: There is no d in font nullfont!
Missing character: There is no e in font nullfont!
Missing character: There is no s in font nullfont!
Missing character: There is no e in font nullfont!
Missing character: There is no r in font nullfont!
Missing character: There is no d in font nullfont!
Missing character: There is no e in font nullfont!
Missing character: There is no f in font nullfont!
Missing character: There is no i in font nullfont!
Missing character: There is no n in font nullfont!
Missing character: There is no i in font nullfont!
Missing character: There is no d in font nullfont!
Missing character: There is no o in font nullfont!
Missing character: There is no d in font nullfont!
Missing character: There is no e in font nullfont!
Missing character: There is no l in font nullfont!
Missing character: There is no a in font nullfont!
Missing character: There is no s in font nullfont!
Missing character: There is no i in font nullfont!
Missing character: There is no g in font nullfont!
Missing character: There is no u in font nullfont!
Missing character: There is no i in font nullfont!
Missing character: There is no e in font nullfont!
Missing character: There is no n in font nullfont!
Missing character: There is no t in font nullfont!
Missing character: There is no e in font nullfont!
Missing character: There is no f in font nullfont!
Missing character: There is no o in font nullfont!
Missing character: There is no r in font nullfont!
Missing character: There is no m in font nullfont!
Missing character: There is no a in font nullfont!
Missing character: There is no : in font nullfont!

! LaTeX Error: Environment definition undefined.

See the LaTeX manual or LaTeX Companion for explanation.
Type  H <return>  for immediate help.
 ...                                              
                                                  
l.515 \begin{definition}
                        [Propagaci^^c3^^b3n de mensajes neuronales]
Your command was ignored.
Type  I <command> <return>  to replace it with another command,
or  <return>  to continue without it.

Missing character: There is no [ in font nullfont!
Missing character: There is no P in font nullfont!
Missing character: There is no r in font nullfont!
Missing character: There is no o in font nullfont!
Missing character: There is no p in font nullfont!
Missing character: There is no a in font nullfont!
Missing character: There is no g in font nullfont!
Missing character: There is no a in font nullfont!
Missing character: There is no c in font nullfont!
Missing character: There is no i in font nullfont!
Missing character: There is no n in font nullfont!
Missing character: There is no d in font nullfont!
Missing character: There is no e in font nullfont!
Missing character: There is no m in font nullfont!
Missing character: There is no e in font nullfont!
Missing character: There is no n in font nullfont!
Missing character: There is no s in font nullfont!
Missing character: There is no a in font nullfont!
Missing character: There is no j in font nullfont!
Missing character: There is no e in font nullfont!
Missing character: There is no s in font nullfont!
Missing character: There is no n in font nullfont!
Missing character: There is no e in font nullfont!
Missing character: There is no u in font nullfont!
Missing character: There is no r in font nullfont!
Missing character: There is no o in font nullfont!
Missing character: There is no n in font nullfont!
Missing character: There is no a in font nullfont!
Missing character: There is no l in font nullfont!
Missing character: There is no e in font nullfont!
Missing character: There is no s in font nullfont!
Missing character: There is no ] in font nullfont!
Missing character: There is no S in font nullfont!
Missing character: There is no e in font nullfont!
Missing character: There is no a in font nullfont!
Missing character: There is no , in font nullfont!
Missing character: There is no u in font nullfont!
Missing character: There is no n in font nullfont!
Missing character: There is no a in font nullfont!
Missing character: There is no g in font nullfont!
Missing character: There is no r in font nullfont!
Missing character: There is no f in font nullfont!
Missing character: There is no i in font nullfont!
Missing character: There is no c in font nullfont!
Missing character: There is no a in font nullfont!
Missing character: There is no , in font nullfont!
Missing character: There is no e in font nullfont!
Missing character: There is no l in font nullfont!
Missing character: There is no v in font nullfont!
Missing character: There is no e in font nullfont!
Missing character: There is no c in font nullfont!
Missing character: There is no i in font nullfont!
Missing character: There is no n in font nullfont!
Missing character: There is no d in font nullfont!
Missing character: There is no a in font nullfont!
Missing character: There is no r in font nullfont!
Missing character: There is no i in font nullfont!
Missing character: There is no o in font nullfont!
Missing character: There is no d in font nullfont!
Missing character: There is no e in font nullfont!
Missing character: There is no l in font nullfont!
Missing character: There is no n in font nullfont!
Missing character: There is no o in font nullfont!
Missing character: There is no d in font nullfont!
Missing character: There is no o in font nullfont!
Missing character: There is no y in font nullfont!
Missing character: There is no l in font nullfont!
Missing character: There is no o in font nullfont!
Missing character: There is no s in font nullfont!
Missing character: There is no e in font nullfont!
Missing character: There is no n in font nullfont!
Missing character: There is no c in font nullfont!
Missing character: There is no a in font nullfont!
Missing character: There is no j in font nullfont!
Missing character: There is no e in font nullfont!
Missing character: There is no s in font nullfont!
Missing character: There is no o in font nullfont!
Missing character: There is no c in font nullfont!
Missing character: There is no u in font nullfont!
Missing character: There is no l in font nullfont!
Missing character: There is no t in font nullfont!
Missing character: There is no o in font nullfont!
Missing character: There is no s in font nullfont!
Missing character: There is no d in font nullfont!
Missing character: There is no e in font nullfont!
Missing character: There is no l in font nullfont!
Missing character: There is no n in font nullfont!
Missing character: There is no o in font nullfont!
Missing character: There is no d in font nullfont!
Missing character: There is no o in font nullfont!
Missing character: There is no , in font nullfont!
Missing character: There is no y in font nullfont!
! Undefined control sequence.
<recently read> \mathscr 
                         
l.516 ...encajes ocultos del nodo $v$, y $\mathscr
                                                  {A}$ una funci^^c3^^b3n de...
The control sequence at the end of the top line
of your error message was never \def'ed. If you have
misspelled it (e.g., `\hobx'), type `I' and the correct
spelling (e.g., `I\hbox'). Otherwise just continue,
and I'll forget about whatever was undefined.

Missing character: There is no u in font nullfont!
Missing character: There is no n in font nullfont!
Missing character: There is no a in font nullfont!
Missing character: There is no f in font nullfont!
Missing character: There is no u in font nullfont!
Missing character: There is no n in font nullfont!
Missing character: There is no c in font nullfont!
Missing character: There is no i in font nullfont!
Missing character: There is no n in font nullfont!
Missing character: There is no d in font nullfont!
Missing character: There is no e in font nullfont!
Missing character: There is no a in font nullfont!
Missing character: There is no g in font nullfont!
Missing character: There is no r in font nullfont!
Missing character: There is no e in font nullfont!
Missing character: There is no g in font nullfont!
Missing character: There is no a in font nullfont!
Missing character: There is no c in font nullfont!
Missing character: There is no i in font nullfont!
Missing character: There is no n in font nullfont!
Missing character: There is no q in font nullfont!
Missing character: There is no u in font nullfont!
Missing character: There is no e in font nullfont!
Missing character: There is no c in font nullfont!
Missing character: There is no o in font nullfont!
Missing character: There is no m in font nullfont!
Missing character: There is no b in font nullfont!
Missing character: There is no i in font nullfont!
Missing character: There is no n in font nullfont!
Missing character: There is no a in font nullfont!
Missing character: There is no l in font nullfont!
Missing character: There is no o in font nullfont!
Missing character: There is no s in font nullfont!
Missing character: There is no e in font nullfont!
Missing character: There is no n in font nullfont!
Missing character: There is no c in font nullfont!
Missing character: There is no a in font nullfont!
Missing character: There is no j in font nullfont!
Missing character: There is no e in font nullfont!
Missing character: There is no s in font nullfont!
Missing character: There is no d in font nullfont!
Missing character: There is no e in font nullfont!
Missing character: There is no l in font nullfont!
Missing character: There is no o in font nullfont!
Missing character: There is no s in font nullfont!
Missing character: There is no v in font nullfont!
Missing character: There is no e in font nullfont!
Missing character: There is no c in font nullfont!
Missing character: There is no i in font nullfont!
Missing character: There is no n in font nullfont!
Missing character: There is no o in font nullfont!
Missing character: There is no s in font nullfont!
Missing character: There is no d in font nullfont!
Missing character: There is no e in font nullfont!
Missing character: There is no e in font nullfont!
Missing character: There is no n in font nullfont!
Missing character: There is no t in font nullfont!
Missing character: There is no o in font nullfont!
Missing character: There is no n in font nullfont!
Missing character: There is no c in font nullfont!
Missing character: There is no e in font nullfont!
Missing character: There is no s in font nullfont!
Missing character: There is no , in font nullfont!
Missing character: There is no e in font nullfont!
Missing character: There is no l in font nullfont!
Missing character: There is no m in font nullfont!
Missing character: There is no e in font nullfont!
Missing character: There is no c in font nullfont!
Missing character: There is no a in font nullfont!
Missing character: There is no n in font nullfont!
Missing character: There is no i in font nullfont!
Missing character: There is no s in font nullfont!
Missing character: There is no m in font nullfont!
Missing character: There is no o in font nullfont!
Missing character: There is no d in font nullfont!
Missing character: There is no e in font nullfont!
Missing character: There is no p in font nullfont!
Missing character: There is no r in font nullfont!
Missing character: There is no o in font nullfont!
Missing character: There is no p in font nullfont!
Missing character: There is no a in font nullfont!
Missing character: There is no g in font nullfont!
Missing character: There is no a in font nullfont!
Missing character: There is no c in font nullfont!
Missing character: There is no i in font nullfont!
Missing character: There is no n in font nullfont!
Missing character: There is no d in font nullfont!
Missing character: There is no e in font nullfont!
Missing character: There is no m in font nullfont!
Missing character: There is no e in font nullfont!
Missing character: There is no n in font nullfont!
Missing character: There is no s in font nullfont!
Missing character: There is no a in font nullfont!
Missing character: There is no j in font nullfont!
Missing character: There is no e in font nullfont!
Missing character: There is no s in font nullfont!
Missing character: There is no e in font nullfont!
Missing character: There is no s in font nullfont!
Missing character: There is no t in font nullfont!
Missing character: There is no d in font nullfont!
Missing character: There is no a in font nullfont!
Missing character: There is no d in font nullfont!
Missing character: There is no o in font nullfont!
Missing character: There is no p in font nullfont!
Missing character: There is no o in font nullfont!
Missing character: There is no r in font nullfont!
Missing character: There is no : in font nullfont!

Overfull \hbox (20.0pt too wide) in paragraph at lines 514--517
[]
 []


Overfull \hbox (5.00002pt too wide) in paragraph at lines 514--517
\/cmr/m/n/10 ^^So
 []


Overfull \hbox (18.418pt too wide) in paragraph at lines 514--517
\OML/cmm/m/it/10 G \/cmr/m/n/10 =
 []


Overfull \hbox (26.56941pt too wide) in paragraph at lines 514--517
\/cmr/m/n/10 (\OML/cmm/m/it/10 V; E\/cmr/m/n/10 )$
 []


Overfull \hbox (5.00002pt too wide) in paragraph at lines 514--517
\/cmr/m/n/10 ^^Sa
 []


Overfull \hbox (27.7445pt too wide) in paragraph at lines 514--517
\OML/cmm/m/it/10 N[]\/cmr/m/n/10 (\OML/cmm/m/it/10 v\/cmr/m/n/10 )$
 []


Overfull \hbox (14.6504pt too wide) in paragraph at lines 514--517
\OML/cmm/m/it/10 v \OMS/cmsy/m/n/10 2
 []


Overfull \hbox (8.05556pt too wide) in paragraph at lines 514--517
\OML/cmm/m/it/10 V$
 []


Overfull \hbox (15.53246pt too wide) in paragraph at lines 514--517
\OML/cmm/m/it/10 h[]$
 []


Overfull \hbox (5.20601pt too wide) in paragraph at lines 514--517
\OML/cmm/m/it/10 v$
 []


Overfull \hbox (7.50002pt too wide) in paragraph at lines 514--517
\OML/cmm/m/it/10 A$
 []


Overfull \hbox (5.00002pt too wide) in paragraph at lines 514--517
\/cmr/m/n/10 ^^So
 []


Overfull \hbox (5.00002pt too wide) in paragraph at lines 514--517
\/cmr/m/n/10 ^^So
 []


Overfull \hbox (5.20601pt too wide) in paragraph at lines 514--517
\OML/cmm/m/it/10 v$
 []


Overfull \hbox (5.00002pt too wide) in paragraph at lines 514--517
\/cmr/m/n/10 ^^So
 []


Overfull \hbox (5.00002pt too wide) in paragraph at lines 514--517
\/cmr/m/n/10 ^^Sa
 []

! Undefined control sequence.
l.518 m_v^{(t)} = \mathscr
                          {A}(h_u^{(k)})
The control sequence at the end of the top line
of your error message was never \def'ed. If you have
misspelled it (e.g., `\hobx'), type `I' and the correct
spelling (e.g., `I\hbox'). Otherwise just continue,
and I'll forget about whatever was undefined.


Overfull \hbox (64.09383pt too wide) detected at line 519
\OML/cmm/m/it/10 m[] \/cmr/m/n/10 = \OML/cmm/m/it/10 A\/cmr/m/n/10 (\OML/cmm/m/
it/10 h[]\/cmr/m/n/10 )
 []


! LaTeX Error: \begin{document} ended by \end{definition}.

See the LaTeX manual or LaTeX Companion for explanation.
Type  H <return>  for immediate help.
 ...                                              
                                                  
l.521 \end{definition}
                      
Your command was ignored.
Type  I <command> <return>  to replace it with another command,
or  <return>  to continue without it.

Missing character: There is no U in font nullfont!
Missing character: There is no n in font nullfont!
Missing character: There is no a in font nullfont!
Missing character: There is no v in font nullfont!
Missing character: There is no e in font nullfont!
Missing character: There is no z in font nullfont!
Missing character: There is no q in font nullfont!
Missing character: There is no u in font nullfont!
Missing character: There is no e in font nullfont!
Missing character: There is no e in font nullfont!
Missing character: There is no l in font nullfont!
Missing character: There is no v in font nullfont!
Missing character: There is no r in font nullfont!
Missing character: There is no t in font nullfont!
Missing character: There is no i in font nullfont!
Missing character: There is no c in font nullfont!
Missing character: There is no e in font nullfont!
Missing character: There is no a in font nullfont!
Missing character: There is no r in font nullfont!
Missing character: There is no e in font nullfont!
Missing character: There is no c in font nullfont!
Missing character: There is no i in font nullfont!
Missing character: There is no b in font nullfont!
Missing character: There is no i in font nullfont!
Missing character: There is no d in font nullfont!
Missing character: There is no o in font nullfont!
Missing character: There is no e in font nullfont!
Missing character: There is no l in font nullfont!
Missing character: There is no m in font nullfont!
Missing character: There is no e in font nullfont!
Missing character: There is no n in font nullfont!
Missing character: There is no s in font nullfont!
Missing character: There is no a in font nullfont!
Missing character: There is no j in font nullfont!
Missing character: There is no e in font nullfont!
Missing character: There is no , in font nullfont!
Missing character: There is no l in font nullfont!
Missing character: There is no a in font nullfont!
Missing character: There is no a in font nullfont!
Missing character: There is no c in font nullfont!
Missing character: There is no t in font nullfont!
Missing character: There is no u in font nullfont!
Missing character: There is no a in font nullfont!
Missing character: There is no l in font nullfont!
Missing character: There is no i in font nullfont!
Missing character: There is no z in font nullfont!
Missing character: There is no a in font nullfont!
Missing character: There is no c in font nullfont!
Missing character: There is no i in font nullfont!
Missing character: There is no n in font nullfont!
Missing character: There is no d in font nullfont!
Missing character: There is no e in font nullfont!
Missing character: There is no s in font nullfont!
Missing character: There is no u in font nullfont!
Missing character: There is no i in font nullfont!
Missing character: There is no n in font nullfont!
Missing character: There is no f in font nullfont!
Missing character: There is no o in font nullfont!
Missing character: There is no r in font nullfont!
Missing character: There is no m in font nullfont!
Missing character: There is no a in font nullfont!
Missing character: There is no c in font nullfont!
Missing character: There is no i in font nullfont!
Missing character: There is no n in font nullfont!
Missing character: There is no e in font nullfont!
Missing character: There is no s in font nullfont!
Missing character: There is no e in font nullfont!
Missing character: There is no l in font nullfont!
Missing character: There is no r in font nullfont!
Missing character: There is no e in font nullfont!
Missing character: There is no s in font nullfont!
Missing character: There is no u in font nullfont!
Missing character: There is no l in font nullfont!
Missing character: There is no t in font nullfont!
Missing character: There is no a in font nullfont!
Missing character: There is no d in font nullfont!
Missing character: There is no o in font nullfont!
Missing character: There is no d in font nullfont!
Missing character: There is no e in font nullfont!
Missing character: There is no l in font nullfont!
Missing character: There is no a in font nullfont!
Missing character: There is no c in font nullfont!
Missing character: There is no o in font nullfont!
Missing character: There is no m in font nullfont!
Missing character: There is no b in font nullfont!
Missing character: There is no i in font nullfont!
Missing character: There is no n in font nullfont!
Missing character: There is no a in font nullfont!
Missing character: There is no c in font nullfont!
Missing character: There is no i in font nullfont!
Missing character: There is no n in font nullfont!
Missing character: There is no d in font nullfont!
Missing character: There is no e in font nullfont!
Missing character: There is no l in font nullfont!
Missing character: There is no m in font nullfont!
Missing character: There is no e in font nullfont!
Missing character: There is no n in font nullfont!
Missing character: There is no s in font nullfont!
Missing character: There is no a in font nullfont!
Missing character: There is no j in font nullfont!
Missing character: There is no e in font nullfont!
Missing character: There is no r in font nullfont!
Missing character: There is no e in font nullfont!
Missing character: There is no c in font nullfont!
Missing character: There is no i in font nullfont!
Missing character: There is no b in font nullfont!
Missing character: There is no i in font nullfont!
Missing character: There is no d in font nullfont!
Missing character: There is no o in font nullfont!
Missing character: There is no , in font nullfont!
Missing character: There is no c in font nullfont!
Missing character: There is no o in font nullfont!
Missing character: There is no n in font nullfont!
Missing character: There is no l in font nullfont!
Missing character: There is no a in font nullfont!
Missing character: There is no i in font nullfont!
Missing character: There is no n in font nullfont!
Missing character: There is no f in font nullfont!
Missing character: There is no o in font nullfont!
Missing character: There is no r in font nullfont!
Missing character: There is no m in font nullfont!
Missing character: There is no a in font nullfont!
Missing character: There is no c in font nullfont!
Missing character: There is no i in font nullfont!
Missing character: There is no n in font nullfont!
Missing character: There is no a in font nullfont!
Missing character: There is no c in font nullfont!
Missing character: There is no t in font nullfont!
Missing character: There is no u in font nullfont!
Missing character: There is no a in font nullfont!
Missing character: There is no l in font nullfont!
Missing character: There is no q in font nullfont!
Missing character: There is no u in font nullfont!
Missing character: There is no e in font nullfont!
Missing character: There is no t in font nullfont!
Missing character: There is no e in font nullfont!
Missing character: There is no n in font nullfont!
Missing character: There is no a in font nullfont!
Missing character: There is no y in font nullfont!
Missing character: There is no s in font nullfont!
Missing character: There is no e in font nullfont!
Missing character: There is no d in font nullfont!
Missing character: There is no e in font nullfont!
Missing character: There is no f in font nullfont!
Missing character: There is no i in font nullfont!
Missing character: There is no n in font nullfont!
Missing character: There is no e in font nullfont!
Missing character: There is no d in font nullfont!
Missing character: There is no e in font nullfont!
Missing character: There is no l in font nullfont!
Missing character: There is no a in font nullfont!
Missing character: There is no s in font nullfont!
Missing character: There is no i in font nullfont!
Missing character: There is no g in font nullfont!
Missing character: There is no u in font nullfont!
Missing character: There is no i in font nullfont!
Missing character: There is no e in font nullfont!
Missing character: There is no n in font nullfont!
Missing character: There is no t in font nullfont!
Missing character: There is no e in font nullfont!
Missing character: There is no f in font nullfont!
Missing character: There is no o in font nullfont!
Missing character: There is no r in font nullfont!
Missing character: There is no m in font nullfont!
Missing character: There is no a in font nullfont!
Missing character: There is no : in font nullfont!

! LaTeX Error: Environment definition undefined.

See the LaTeX manual or LaTeX Companion for explanation.
Type  H <return>  for immediate help.
 ...                                              
                                                  
l.523 \begin{definition}
                        
Your command was ignored.
Type  I <command> <return>  to replace it with another command,
or  <return>  to continue without it.

Missing character: There is no S in font nullfont!
Missing character: There is no e in font nullfont!
Missing character: There is no a in font nullfont!
Missing character: There is no e in font nullfont!
Missing character: There is no l in font nullfont!
Missing character: There is no e in font nullfont!
Missing character: There is no n in font nullfont!
Missing character: There is no c in font nullfont!
Missing character: There is no a in font nullfont!
Missing character: There is no j in font nullfont!
Missing character: There is no e in font nullfont!
Missing character: There is no o in font nullfont!
Missing character: There is no c in font nullfont!
Missing character: There is no u in font nullfont!
Missing character: There is no l in font nullfont!
Missing character: There is no t in font nullfont!
Missing character: There is no o in font nullfont!
Missing character: There is no d in font nullfont!
Missing character: There is no e in font nullfont!
Missing character: There is no l in font nullfont!
Missing character: There is no a in font nullfont!
Missing character: There is no c in font nullfont!
Missing character: There is no a in font nullfont!
Missing character: There is no p in font nullfont!
Missing character: There is no a in font nullfont!
Missing character: There is no a in font nullfont!
Missing character: There is no n in font nullfont!
Missing character: There is no t in font nullfont!
Missing character: There is no e in font nullfont!
Missing character: There is no r in font nullfont!
Missing character: There is no i in font nullfont!
Missing character: There is no o in font nullfont!
Missing character: There is no r in font nullfont!
Missing character: There is no , in font nullfont!
Missing character: There is no y in font nullfont!
Missing character: There is no l in font nullfont!
Missing character: There is no a in font nullfont!
Missing character: There is no p in font nullfont!
Missing character: There is no r in font nullfont!
Missing character: There is no o in font nullfont!
Missing character: There is no p in font nullfont!
Missing character: There is no a in font nullfont!
Missing character: There is no g in font nullfont!
Missing character: There is no a in font nullfont!
Missing character: There is no c in font nullfont!
Missing character: There is no i in font nullfont!
Missing character: There is no n in font nullfont!
Missing character: There is no d in font nullfont!
Missing character: There is no e in font nullfont!
Missing character: There is no l in font nullfont!
Missing character: There is no m in font nullfont!
Missing character: There is no e in font nullfont!
Missing character: There is no n in font nullfont!
Missing character: There is no s in font nullfont!
Missing character: There is no a in font nullfont!
Missing character: There is no j in font nullfont!
Missing character: There is no e in font nullfont!
Missing character: There is no e in font nullfont!
Missing character: There is no n in font nullfont!
Missing character: There is no l in font nullfont!
Missing character: There is no a in font nullfont!
Missing character: There is no c in font nullfont!
Missing character: There is no a in font nullfont!
Missing character: There is no p in font nullfont!
Missing character: There is no a in font nullfont!
Missing character: There is no , in font nullfont!
Missing character: There is no e in font nullfont!
Missing character: There is no n in font nullfont!
Missing character: There is no t in font nullfont!
Missing character: There is no o in font nullfont!
Missing character: There is no n in font nullfont!
Missing character: There is no c in font nullfont!
Missing character: There is no e in font nullfont!
Missing character: There is no s in font nullfont!
Missing character: There is no l in font nullfont!
Missing character: There is no a in font nullfont!
Missing character: There is no a in font nullfont!
Missing character: There is no c in font nullfont!
Missing character: There is no t in font nullfont!
Missing character: There is no u in font nullfont!
Missing character: There is no a in font nullfont!
Missing character: There is no l in font nullfont!
Missing character: There is no i in font nullfont!
Missing character: There is no z in font nullfont!
Missing character: There is no a in font nullfont!
Missing character: There is no c in font nullfont!
Missing character: There is no i in font nullfont!
Missing character: There is no n in font nullfont!
Missing character: There is no d in font nullfont!
Missing character: There is no e in font nullfont!
Missing character: There is no l in font nullfont!
Missing character: There is no m in font nullfont!
Missing character: There is no e in font nullfont!
Missing character: There is no n in font nullfont!
Missing character: There is no s in font nullfont!
Missing character: There is no a in font nullfont!
Missing character: There is no j in font nullfont!
Missing character: There is no e in font nullfont!
Missing character: There is no e in font nullfont!
Missing character: There is no s in font nullfont!
Missing character: There is no t in font nullfont!
Missing character: There is no d in font nullfont!
Missing character: There is no a in font nullfont!
Missing character: There is no d in font nullfont!
Missing character: There is no o in font nullfont!
Missing character: There is no p in font nullfont!
Missing character: There is no o in font nullfont!
Missing character: There is no r in font nullfont!
Missing character: There is no : in font nullfont!

Overfull \hbox (20.0pt too wide) in paragraph at lines 522--525
[]
 []


Overfull \hbox (4.44444pt too wide) in paragraph at lines 522--525
\/cmr/m/n/10 ^^Se
 []


Overfull \hbox (5.00002pt too wide) in paragraph at lines 522--525
\/cmr/m/n/10 ^^So
 []


Overfull \hbox (5.00002pt too wide) in paragraph at lines 522--525
\/cmr/m/n/10 ^^So
 []


Overfull \hbox (5.00002pt too wide) in paragraph at lines 522--525
\/cmr/m/n/10 ^^So
 []


Overfull \hbox (5.00002pt too wide) in paragraph at lines 522--525
\/cmr/m/n/10 ^^So
 []


Overfull \hbox (2.77779pt too wide) in paragraph at lines 522--525
\/cmr/m/n/10 ^^S^^P
 []


Overfull \hbox (25.7686pt too wide) in paragraph at lines 522--525
\OML/cmm/m/it/10 h[]$
 []


Overfull \hbox (15.27782pt too wide) in paragraph at lines 522--525
\/cmr/m/n/10 (\OML/cmm/m/it/10 t \OMS/cmsy/m/n/10 ^^@
 []


Overfull \hbox (8.88892pt too wide) in paragraph at lines 522--525
\/cmr/m/n/10 1)$
 []


Overfull \hbox (18.55101pt too wide) in paragraph at lines 522--525
\OML/cmm/m/it/10 m[]$
 []


Overfull \hbox (5.00002pt too wide) in paragraph at lines 522--525
\/cmr/m/n/10 ^^So
 []


Overfull \hbox (3.61111pt too wide) in paragraph at lines 522--525
\OML/cmm/m/it/10 t$
 []


Overfull \hbox (5.00002pt too wide) in paragraph at lines 522--525
\/cmr/m/n/10 ^^So
 []


Overfull \hbox (5.00002pt too wide) in paragraph at lines 522--525
\/cmr/m/n/10 ^^Sa
 []

! Undefined control sequence.
l.526     h_v^{(t)} = \mathscr
                              {U} (h_v^{(t-1)},m_v^{(t)})
The control sequence at the end of the top line
of your error message was never \def'ed. If you have
misspelled it (e.g., `\hobx'), type `I' and the correct
spelling (e.g., `I\hbox'). Otherwise just continue,
and I'll forget about whatever was undefined.


Overfull \hbox (93.32553pt too wide) detected at line 527
\OML/cmm/m/it/10 h[] \/cmr/m/n/10 = \OML/cmm/m/it/10 U\/cmr/m/n/10 (\OML/cmm/m/
it/10 h[]; m[]\/cmr/m/n/10 )
 []

Missing character: There is no D in font nullfont!
Missing character: There is no o in font nullfont!
Missing character: There is no n in font nullfont!
Missing character: There is no d in font nullfont!
Missing character: There is no e in font nullfont!
! Undefined control sequence.
<recently read> \mathscr 
                         
l.528     Donde $\mathscr
                         {U}$ es una funci^^c3^^b3n de actualizaci^^c3^^b3n,...
The control sequence at the end of the top line
of your error message was never \def'ed. If you have
misspelled it (e.g., `\hobx'), type `I' and the correct
spelling (e.g., `I\hbox'). Otherwise just continue,
and I'll forget about whatever was undefined.

Missing character: There is no e in font nullfont!
Missing character: There is no s in font nullfont!
Missing character: There is no u in font nullfont!
Missing character: There is no n in font nullfont!
Missing character: There is no a in font nullfont!
Missing character: There is no f in font nullfont!
Missing character: There is no u in font nullfont!
Missing character: There is no n in font nullfont!
Missing character: There is no c in font nullfont!
Missing character: There is no i in font nullfont!
Missing character: There is no n in font nullfont!
Missing character: There is no d in font nullfont!
Missing character: There is no e in font nullfont!
Missing character: There is no a in font nullfont!
Missing character: There is no c in font nullfont!
Missing character: There is no t in font nullfont!
Missing character: There is no u in font nullfont!
Missing character: There is no a in font nullfont!
Missing character: There is no l in font nullfont!
Missing character: There is no i in font nullfont!
Missing character: There is no z in font nullfont!
Missing character: There is no a in font nullfont!
Missing character: There is no c in font nullfont!
Missing character: There is no i in font nullfont!
Missing character: There is no n in font nullfont!
Missing character: There is no , in font nullfont!
Missing character: There is no n in font nullfont!
Missing character: There is no o in font nullfont!
Missing character: There is no r in font nullfont!
Missing character: There is no m in font nullfont!
Missing character: There is no a in font nullfont!
Missing character: There is no l in font nullfont!
Missing character: There is no m in font nullfont!
Missing character: There is no e in font nullfont!
Missing character: There is no n in font nullfont!
Missing character: There is no t in font nullfont!
Missing character: There is no e in font nullfont!
Missing character: There is no e in font nullfont!
Missing character: There is no s in font nullfont!
Missing character: There is no u in font nullfont!
Missing character: There is no n in font nullfont!
Missing character: There is no a in font nullfont!
Missing character: There is no r in font nullfont!
Missing character: There is no e in font nullfont!
Missing character: There is no d in font nullfont!
Missing character: There is no n in font nullfont!
Missing character: There is no e in font nullfont!
Missing character: There is no u in font nullfont!
Missing character: There is no r in font nullfont!
Missing character: There is no o in font nullfont!
Missing character: There is no n in font nullfont!
Missing character: There is no a in font nullfont!
Missing character: There is no l in font nullfont!
Missing character: There is no , in font nullfont!
Missing character: There is no c in font nullfont!
Missing character: There is no o in font nullfont!
Missing character: There is no n in font nullfont!
Missing character: There is no u in font nullfont!
Missing character: There is no n in font nullfont!
Missing character: There is no a in font nullfont!
Missing character: There is no c in font nullfont!
Missing character: There is no a in font nullfont!
Missing character: There is no p in font nullfont!
Missing character: There is no a in font nullfont!
Missing character: There is no l in font nullfont!
Missing character: There is no i in font nullfont!
Missing character: There is no n in font nullfont!
Missing character: There is no e in font nullfont!
Missing character: There is no a in font nullfont!
Missing character: There is no l in font nullfont!
Missing character: There is no s in font nullfont!
Missing character: There is no e in font nullfont!
Missing character: There is no g in font nullfont!
Missing character: There is no u in font nullfont!
Missing character: There is no i in font nullfont!
Missing character: There is no d in font nullfont!
Missing character: There is no a in font nullfont!
Missing character: There is no d in font nullfont!
Missing character: There is no e in font nullfont!
Missing character: There is no u in font nullfont!
Missing character: There is no n in font nullfont!
Missing character: There is no a in font nullfont!
Missing character: There is no f in font nullfont!
Missing character: There is no u in font nullfont!
Missing character: There is no n in font nullfont!
Missing character: There is no c in font nullfont!
Missing character: There is no i in font nullfont!
Missing character: There is no n in font nullfont!
Missing character: There is no d in font nullfont!
Missing character: There is no e in font nullfont!
Missing character: There is no a in font nullfont!
Missing character: There is no c in font nullfont!
Missing character: There is no t in font nullfont!
Missing character: There is no i in font nullfont!
Missing character: There is no v in font nullfont!
Missing character: There is no a in font nullfont!
Missing character: There is no c in font nullfont!
Missing character: There is no i in font nullfont!
Missing character: There is no n in font nullfont!
Missing character: There is no ( in font nullfont!
Missing character: There is no R in font nullfont!
Missing character: There is no e in font nullfont!
Missing character: There is no L in font nullfont!
Missing character: There is no u in font nullfont!
Missing character: There is no ) in font nullfont!

! LaTeX Error: \begin{document} ended by \end{definition}.

See the LaTeX manual or LaTeX Companion for explanation.
Type  H <return>  for immediate help.
 ...                                              
                                                  
l.529 \end{definition}
                      
Your command was ignored.
Type  I <command> <return>  to replace it with another command,
or  <return>  to continue without it.


Overfull \hbox (7.91803pt too wide) in paragraph at lines 527--530
 $\OML/cmm/m/it/10 U$
 []


Overfull \hbox (5.00002pt too wide) in paragraph at lines 527--530
\/cmr/m/n/10 ^^So
 []


Overfull \hbox (5.00002pt too wide) in paragraph at lines 527--530
\/cmr/m/n/10 ^^So
 []


Overfull \hbox (5.00002pt too wide) in paragraph at lines 527--530
\/cmr/m/n/10 ^^So
 []


Overfull \hbox (5.00002pt too wide) in paragraph at lines 527--530
\/cmr/m/n/10 ^^So
 []

Missing character: There is no D in font nullfont!
Missing character: There is no e in font nullfont!
Missing character: There is no s in font nullfont!
Missing character: There is no p in font nullfont!
Missing character: There is no u in font nullfont!
Missing character: There is no s in font nullfont!
Missing character: There is no d in font nullfont!
Missing character: There is no e in font nullfont!
Missing character: There is no K in font nullfont!
Missing character: There is no i in font nullfont!
Missing character: There is no t in font nullfont!
Missing character: There is no e in font nullfont!
Missing character: There is no r in font nullfont!
Missing character: There is no a in font nullfont!
Missing character: There is no c in font nullfont!
Missing character: There is no i in font nullfont!
Missing character: There is no o in font nullfont!
Missing character: There is no n in font nullfont!
Missing character: There is no e in font nullfont!
Missing character: There is no s in font nullfont!
Missing character: There is no d in font nullfont!
Missing character: There is no e in font nullfont!
Missing character: There is no l in font nullfont!
Missing character: There is no m in font nullfont!
Missing character: There is no e in font nullfont!
Missing character: There is no c in font nullfont!
Missing character: There is no a in font nullfont!
Missing character: There is no n in font nullfont!
Missing character: There is no i in font nullfont!
Missing character: There is no s in font nullfont!
Missing character: There is no m in font nullfont!
Missing character: There is no o in font nullfont!
Missing character: There is no , in font nullfont!
Missing character: There is no p in font nullfont!
Missing character: There is no o in font nullfont!
Missing character: There is no d in font nullfont!
Missing character: There is no e in font nullfont!
Missing character: There is no m in font nullfont!
Missing character: There is no o in font nullfont!
Missing character: There is no s in font nullfont!
Missing character: There is no u in font nullfont!
Missing character: There is no t in font nullfont!
Missing character: There is no i in font nullfont!
Missing character: There is no l in font nullfont!
Missing character: There is no i in font nullfont!
Missing character: There is no z in font nullfont!
Missing character: There is no a in font nullfont!
Missing character: There is no r in font nullfont!
Missing character: There is no l in font nullfont!
Missing character: There is no a in font nullfont!
Missing character: There is no s in font nullfont!
Missing character: There is no a in font nullfont!
Missing character: There is no l in font nullfont!
Missing character: There is no i in font nullfont!
Missing character: There is no d in font nullfont!
Missing character: There is no a in font nullfont!
Missing character: There is no d in font nullfont!
Missing character: There is no e in font nullfont!
Missing character: There is no l in font nullfont!
Missing character: There is no f in font nullfont!
Missing character: There is no i in font nullfont!
Missing character: There is no n in font nullfont!
Missing character: There is no a in font nullfont!
Missing character: There is no l in font nullfont!
Missing character: There is no d in font nullfont!
Missing character: There is no e in font nullfont!
Missing character: There is no l in font nullfont!
Missing character: There is no a in font nullfont!
Missing character: There is no c in font nullfont!
Missing character: There is no a in font nullfont!
Missing character: There is no p in font nullfont!
Missing character: There is no a in font nullfont!
Missing character: There is no p in font nullfont!
Missing character: There is no a in font nullfont!
Missing character: There is no r in font nullfont!
Missing character: There is no a in font nullfont!
Missing character: There is no d in font nullfont!
Missing character: There is no e in font nullfont!
Missing character: There is no f in font nullfont!
Missing character: There is no i in font nullfont!
Missing character: There is no n in font nullfont!
Missing character: There is no i in font nullfont!
Missing character: There is no r in font nullfont!
Missing character: There is no l in font nullfont!
Missing character: There is no o in font nullfont!
Missing character: There is no s in font nullfont!
Missing character: There is no e in font nullfont!
Missing character: There is no n in font nullfont!
Missing character: There is no c in font nullfont!
Missing character: There is no a in font nullfont!
Missing character: There is no j in font nullfont!
Missing character: There is no e in font nullfont!
Missing character: There is no s in font nullfont!
Missing character: There is no d in font nullfont!
Missing character: There is no e in font nullfont!
Missing character: There is no c in font nullfont!
Missing character: There is no a in font nullfont!
Missing character: There is no d in font nullfont!
Missing character: There is no a in font nullfont!
Missing character: There is no v in font nullfont!
Missing character: There is no r in font nullfont!
Missing character: There is no t in font nullfont!
Missing character: There is no i in font nullfont!
Missing character: There is no c in font nullfont!
Missing character: There is no e in font nullfont!
Missing character: There is no , in font nullfont!
Missing character: There is no e in font nullfont!
Missing character: There is no s in font nullfont!
Missing character: There is no d in font nullfont!
Missing character: There is no e in font nullfont!
Missing character: There is no c in font nullfont!
Missing character: There is no i in font nullfont!
Missing character: There is no r in font nullfont!
Missing character: There is no : in font nullfont!

Overfull \hbox (24.44444pt too wide) in paragraph at lines 531--532
[]\/cmr/m/n/10 ^^Se
 []


Overfull \hbox (4.44444pt too wide) in paragraph at lines 531--532
\/cmr/m/n/10 ^^Se
 []


Overfull \hbox (20.0pt too wide) in paragraph at lines 533--533
[] 
 []

Missing character: There is no = in font nullfont!
Missing character: There is no . in font nullfont!

Overfull \hbox (9.87856pt too wide) in paragraph at lines 534--535
 \OML/cmm/m/it/10 z[]$ 
 []


Overfull \hbox (19.72137pt too wide) in paragraph at lines 534--535
 \OML/cmm/m/it/10 h[]$ 
 []

! Undefined control sequence.
l.537 \subsection
                 {La GNN fundamental}
The control sequence at the end of the top line
of your error message was never \def'ed. If you have
misspelled it (e.g., `\hobx'), type `I' and the correct
spelling (e.g., `I\hbox'). Otherwise just continue,
and I'll forget about whatever was undefined.

Missing character: There is no L in font nullfont!
Missing character: There is no a in font nullfont!
Missing character: There is no G in font nullfont!
Missing character: There is no N in font nullfont!
Missing character: There is no N in font nullfont!
Missing character: There is no f in font nullfont!
Missing character: There is no u in font nullfont!
Missing character: There is no n in font nullfont!
Missing character: There is no d in font nullfont!
Missing character: There is no a in font nullfont!
Missing character: There is no m in font nullfont!
Missing character: There is no e in font nullfont!
Missing character: There is no n in font nullfont!
Missing character: There is no t in font nullfont!
Missing character: There is no a in font nullfont!
Missing character: There is no l in font nullfont!
Missing character: There is no H in font nullfont!
Missing character: There is no a in font nullfont!
Missing character: There is no s in font nullfont!
Missing character: There is no t in font nullfont!
Missing character: There is no a in font nullfont!
Missing character: There is no e in font nullfont!
Missing character: There is no l in font nullfont!
Missing character: There is no m in font nullfont!
Missing character: There is no o in font nullfont!
Missing character: There is no m in font nullfont!
Missing character: There is no e in font nullfont!
Missing character: There is no n in font nullfont!
Missing character: There is no t in font nullfont!
Missing character: There is no o in font nullfont!
Missing character: There is no , in font nullfont!
Missing character: There is no s in font nullfont!
Missing character: There is no e in font nullfont!
Missing character: There is no h in font nullfont!
Missing character: There is no a in font nullfont!
Missing character: There is no e in font nullfont!
Missing character: There is no s in font nullfont!
Missing character: There is no t in font nullfont!
Missing character: There is no u in font nullfont!
Missing character: There is no d in font nullfont!
Missing character: There is no i in font nullfont!
Missing character: There is no a in font nullfont!
Missing character: There is no d in font nullfont!
Missing character: There is no o in font nullfont!
Missing character: There is no e in font nullfont!
Missing character: There is no l in font nullfont!
Missing character: There is no m in font nullfont!
Missing character: There is no a in font nullfont!
Missing character: There is no r in font nullfont!
Missing character: There is no c in font nullfont!
Missing character: There is no o in font nullfont!
Missing character: There is no d in font nullfont!
Missing character: There is no e in font nullfont!
Missing character: There is no l in font nullfont!
Missing character: There is no a in font nullfont!
Missing character: There is no s in font nullfont!
Missing character: There is no G in font nullfont!
Missing character: There is no N in font nullfont!
Missing character: There is no N in font nullfont!
Missing character: There is no d in font nullfont!
Missing character: There is no e in font nullfont!
Missing character: There is no u in font nullfont!
Missing character: There is no n in font nullfont!
Missing character: There is no a in font nullfont!
Missing character: There is no m in font nullfont!
Missing character: There is no a in font nullfont!
Missing character: There is no n in font nullfont!
Missing character: There is no e in font nullfont!
Missing character: There is no r in font nullfont!
Missing character: There is no a in font nullfont!
Missing character: There is no u in font nullfont!
Missing character: There is no n in font nullfont!
Missing character: There is no p in font nullfont!
Missing character: There is no o in font nullfont!
Missing character: There is no c in font nullfont!
Missing character: There is no o in font nullfont!
Missing character: There is no a in font nullfont!
Missing character: There is no b in font nullfont!
Missing character: There is no s in font nullfont!
Missing character: There is no t in font nullfont!
Missing character: There is no r in font nullfont!
Missing character: There is no a in font nullfont!
Missing character: There is no c in font nullfont!
Missing character: There is no t in font nullfont!
Missing character: There is no a in font nullfont!
Missing character: There is no u in font nullfont!
Missing character: There is no t in font nullfont!
Missing character: There is no i in font nullfont!
Missing character: There is no l in font nullfont!
Missing character: There is no i in font nullfont!
Missing character: There is no z in font nullfont!
Missing character: There is no a in font nullfont!
Missing character: There is no n in font nullfont!
Missing character: There is no d in font nullfont!
Missing character: There is no o in font nullfont!
Missing character: There is no l in font nullfont!
Missing character: There is no a in font nullfont!
Missing character: There is no s in font nullfont!
Missing character: There is no f in font nullfont!
Missing character: There is no u in font nullfont!
Missing character: There is no n in font nullfont!
Missing character: There is no c in font nullfont!
Missing character: There is no i in font nullfont!
Missing character: There is no o in font nullfont!
Missing character: There is no n in font nullfont!
Missing character: There is no e in font nullfont!
Missing character: There is no s in font nullfont!
Missing character: There is no q in font nullfont!
Missing character: There is no u in font nullfont!
Missing character: There is no e in font nullfont!
Missing character: There is no d in font nullfont!
Missing character: There is no e in font nullfont!
Missing character: There is no f in font nullfont!
Missing character: There is no i in font nullfont!
Missing character: There is no n in font nullfont!
Missing character: There is no i in font nullfont!
Missing character: There is no m in font nullfont!
Missing character: There is no o in font nullfont!
Missing character: There is no s in font nullfont!
Missing character: There is no e in font nullfont!
Missing character: There is no n in font nullfont!
Missing character: There is no l in font nullfont!
Missing character: There is no a in font nullfont!
Missing character: There is no s in font nullfont!
Missing character: There is no e in font nullfont!
Missing character: There is no c in font nullfont!
Missing character: There is no c in font nullfont!
Missing character: There is no i in font nullfont!
Missing character: There is no n in font nullfont!
Missing character: There is no a in font nullfont!
Missing character: There is no n in font nullfont!
Missing character: There is no t in font nullfont!
Missing character: There is no e in font nullfont!
Missing character: There is no r in font nullfont!
Missing character: There is no i in font nullfont!
Missing character: There is no o in font nullfont!
Missing character: There is no r in font nullfont!
Missing character: There is no e in font nullfont!
Missing character: There is no i in font nullfont!
Missing character: There is no t in font nullfont!
Missing character: There is no e in font nullfont!
Missing character: There is no r in font nullfont!
Missing character: There is no a in font nullfont!
Missing character: There is no n in font nullfont!
Missing character: There is no d in font nullfont!
Missing character: There is no o in font nullfont!
Missing character: There is no K in font nullfont!
Missing character: There is no v in font nullfont!
Missing character: There is no e in font nullfont!
Missing character: There is no c in font nullfont!
Missing character: There is no e in font nullfont!
Missing character: There is no s in font nullfont!
Missing character: There is no . in font nullfont!
Missing character: There is no P in font nullfont!
Missing character: There is no a in font nullfont!
Missing character: There is no r in font nullfont!
Missing character: There is no a in font nullfont!
Missing character: There is no i in font nullfont!
Missing character: There is no n in font nullfont!
Missing character: There is no t in font nullfont!
Missing character: There is no r in font nullfont!
Missing character: There is no o in font nullfont!
Missing character: There is no d in font nullfont!
Missing character: There is no u in font nullfont!
Missing character: There is no c in font nullfont!
Missing character: There is no i in font nullfont!
Missing character: There is no r in font nullfont!
Missing character: There is no u in font nullfont!
Missing character: There is no n in font nullfont!
Missing character: There is no a in font nullfont!
Missing character: There is no m in font nullfont!
Missing character: There is no a in font nullfont!
Missing character: There is no n in font nullfont!
Missing character: There is no e in font nullfont!
Missing character: There is no r in font nullfont!
Missing character: There is no a in font nullfont!
Missing character: There is no d in font nullfont!
Missing character: There is no e in font nullfont!
Missing character: There is no a in font nullfont!
Missing character: There is no b in font nullfont!
Missing character: There is no o in font nullfont!
Missing character: There is no r in font nullfont!
Missing character: There is no d in font nullfont!
Missing character: There is no a in font nullfont!
Missing character: There is no r in font nullfont!
Missing character: There is no l in font nullfont!
Missing character: There is no a in font nullfont!
Missing character: There is no s in font nullfont!
Missing character: There is no d in font nullfont!
Missing character: There is no e in font nullfont!
Missing character: There is no f in font nullfont!
Missing character: There is no o in font nullfont!
Missing character: There is no r in font nullfont!
Missing character: There is no m in font nullfont!
Missing character: There is no a in font nullfont!
Missing character: There is no m in font nullfont!
Missing character: There is no s in font nullfont!
Missing character: There is no g in font nullfont!
Missing character: There is no e in font nullfont!
Missing character: There is no n in font nullfont!
Missing character: There is no e in font nullfont!
Missing character: There is no r in font nullfont!
Missing character: There is no a in font nullfont!
Missing character: There is no l in font nullfont!
Missing character: There is no , in font nullfont!
Missing character: There is no i in font nullfont!
Missing character: There is no n in font nullfont!
Missing character: There is no t in font nullfont!
Missing character: There is no r in font nullfont!
Missing character: There is no o in font nullfont!
Missing character: There is no d in font nullfont!
Missing character: There is no u in font nullfont!
Missing character: There is no c in font nullfont!
Missing character: There is no i in font nullfont!
Missing character: There is no m in font nullfont!
Missing character: There is no o in font nullfont!
Missing character: There is no s in font nullfont!
Missing character: There is no e in font nullfont!
Missing character: There is no l in font nullfont!
Missing character: There is no m in font nullfont!
Missing character: There is no o in font nullfont!
Missing character: There is no d in font nullfont!
Missing character: There is no e in font nullfont!
Missing character: There is no l in font nullfont!
Missing character: There is no o in font nullfont!
Missing character: There is no G in font nullfont!
Missing character: There is no N in font nullfont!
Missing character: There is no N in font nullfont!
Missing character: There is no m in font nullfont!
Missing character: There is no s in font nullfont!
Missing character: There is no b in font nullfont!
Missing character: There is no s in font nullfont!
Missing character: There is no i in font nullfont!
Missing character: There is no c in font nullfont!
Missing character: There is no o in font nullfont!
Missing character: There is no . in font nullfont!
Missing character: There is no E in font nullfont!
Missing character: There is no l in font nullfont!
Missing character: There is no m in font nullfont!
Missing character: There is no o in font nullfont!
Missing character: There is no d in font nullfont!
Missing character: There is no e in font nullfont!
Missing character: There is no l in font nullfont!
Missing character: There is no o in font nullfont!
Missing character: There is no G in font nullfont!
Missing character: There is no N in font nullfont!
Missing character: There is no N in font nullfont!
Missing character: There is no f in font nullfont!
Missing character: There is no u in font nullfont!
Missing character: There is no n in font nullfont!
Missing character: There is no d in font nullfont!
Missing character: There is no a in font nullfont!
Missing character: There is no m in font nullfont!
Missing character: There is no e in font nullfont!
Missing character: There is no n in font nullfont!
Missing character: There is no t in font nullfont!
Missing character: There is no a in font nullfont!
Missing character: There is no l in font nullfont!
Missing character: There is no e in font nullfont!
Missing character: There is no s in font nullfont!
Missing character: There is no d in font nullfont!
Missing character: There is no e in font nullfont!
Missing character: There is no f in font nullfont!
Missing character: There is no i in font nullfont!
Missing character: There is no n in font nullfont!
Missing character: There is no i in font nullfont!
Missing character: There is no d in font nullfont!
Missing character: There is no o in font nullfont!
Missing character: There is no p in font nullfont!
Missing character: There is no o in font nullfont!
Missing character: There is no r in font nullfont!
Missing character: There is no : in font nullfont!

Overfull \hbox (20.0pt too wide) in paragraph at lines 537--541
[]
 []


Overfull \hbox (5.00002pt too wide) in paragraph at lines 537--541
\/cmr/m/n/10 ^^So
 []


Overfull \hbox (5.00002pt too wide) in paragraph at lines 537--541
\/cmr/m/n/10 ^^Sa
 []


Overfull \hbox (5.00002pt too wide) in paragraph at lines 537--541
\/cmr/m/n/10 ^^Sa
 []


Overfull \hbox (5.00002pt too wide) in paragraph at lines 537--541
\/cmr/m/n/10 ^^Sa
 []


Overfull \hbox (20.0pt too wide) in paragraph at lines 542--542
[][] 
 []


Overfull \hbox (135.22644pt too wide) detected at line 543
\OML/cmm/m/it/10 h[] \/cmr/m/n/10 = \OML/cmm/m/it/10 ^^^ []
 []

Missing character: There is no D in font nullfont!
Missing character: There is no o in font nullfont!
Missing character: There is no n in font nullfont!
Missing character: There is no d in font nullfont!
Missing character: There is no e in font nullfont!
Missing character: There is no : in font nullfont!

Overfull \hbox (20.0pt too wide) in paragraph at lines 546--546
[] 
 []

Missing character: There is no e in font nullfont!
Missing character: There is no s in font nullfont!
Missing character: There is no l in font nullfont!
Missing character: There is no a in font nullfont!
Missing character: There is no n in font nullfont!
Missing character: There is no u in font nullfont!
Missing character: There is no e in font nullfont!
Missing character: There is no v in font nullfont!
Missing character: There is no a in font nullfont!
Missing character: There is no r in font nullfont!
Missing character: There is no e in font nullfont!
Missing character: There is no p in font nullfont!
Missing character: There is no r in font nullfont!
Missing character: There is no e in font nullfont!
Missing character: There is no s in font nullfont!
Missing character: There is no e in font nullfont!
Missing character: There is no n in font nullfont!
Missing character: There is no t in font nullfont!
Missing character: There is no a in font nullfont!
Missing character: There is no c in font nullfont!
Missing character: There is no i in font nullfont!
Missing character: There is no n in font nullfont!
Missing character: There is no d in font nullfont!
Missing character: There is no e in font nullfont!
Missing character: There is no l in font nullfont!
Missing character: There is no n in font nullfont!
Missing character: There is no o in font nullfont!
Missing character: There is no d in font nullfont!
Missing character: There is no o in font nullfont!
Missing character: There is no d in font nullfont!
Missing character: There is no e in font nullfont!
Missing character: There is no s in font nullfont!
Missing character: There is no p in font nullfont!
Missing character: There is no u in font nullfont!
Missing character: There is no s in font nullfont!
Missing character: There is no d in font nullfont!
Missing character: There is no e in font nullfont!
Missing character: There is no a in font nullfont!
Missing character: There is no p in font nullfont!
Missing character: There is no l in font nullfont!
Missing character: There is no i in font nullfont!
Missing character: There is no c in font nullfont!
Missing character: There is no a in font nullfont!
Missing character: There is no r in font nullfont!
Missing character: There is no u in font nullfont!
Missing character: There is no n in font nullfont!
Missing character: There is no a in font nullfont!
Missing character: There is no c in font nullfont!
Missing character: There is no a in font nullfont!
Missing character: There is no p in font nullfont!
Missing character: There is no a in font nullfont!
Missing character: There is no d in font nullfont!
Missing character: There is no e in font nullfont!
Missing character: There is no l in font nullfont!
Missing character: There is no a in font nullfont!
Missing character: There is no G in font nullfont!
Missing character: There is no N in font nullfont!
Missing character: There is no N in font nullfont!

Overfull \hbox (10.98964pt too wide) in paragraph at lines 547--548
\OML/cmm/m/it/10 h[]$
 []


Overfull \hbox (5.00002pt too wide) in paragraph at lines 547--548
\/cmr/m/n/10 ^^So
 []


Overfull \hbox (5.72458pt too wide) in paragraph at lines 547--548
\OML/cmm/m/it/10 u$
 []


Overfull \hbox (4.44444pt too wide) in paragraph at lines 547--548
\/cmr/m/n/10 ^^Se
 []

Missing character: There is no R in font nullfont!
Missing character: There is no e in font nullfont!
Missing character: There is no p in font nullfont!
Missing character: There is no r in font nullfont!
Missing character: There is no e in font nullfont!
Missing character: There is no s in font nullfont!
Missing character: There is no e in font nullfont!
Missing character: There is no n in font nullfont!
Missing character: There is no t in font nullfont!
Missing character: There is no a in font nullfont!
Missing character: There is no l in font nullfont!
Missing character: There is no a in font nullfont!
Missing character: There is no c in font nullfont!
Missing character: There is no a in font nullfont!
Missing character: There is no r in font nullfont!
Missing character: There is no a in font nullfont!
Missing character: There is no c in font nullfont!
Missing character: There is no t in font nullfont!
Missing character: There is no e in font nullfont!
Missing character: There is no r in font nullfont!
Missing character: There is no s in font nullfont!
Missing character: There is no t in font nullfont!
Missing character: There is no i in font nullfont!
Missing character: There is no c in font nullfont!
Missing character: There is no a in font nullfont!
Missing character: There is no d in font nullfont!
Missing character: There is no e in font nullfont!
Missing character: There is no l in font nullfont!
Missing character: There is no n in font nullfont!
Missing character: There is no o in font nullfont!
Missing character: There is no d in font nullfont!
Missing character: There is no o in font nullfont!
Missing character: There is no a in font nullfont!
Missing character: There is no n in font nullfont!
Missing character: There is no t in font nullfont!
Missing character: There is no e in font nullfont!
Missing character: There is no s in font nullfont!
Missing character: There is no d in font nullfont!
Missing character: There is no e in font nullfont!
Missing character: There is no l in font nullfont!
Missing character: There is no a in font nullfont!
Missing character: There is no a in font nullfont!
Missing character: There is no c in font nullfont!
Missing character: There is no t in font nullfont!
Missing character: There is no u in font nullfont!
Missing character: There is no a in font nullfont!
Missing character: There is no l in font nullfont!
Missing character: There is no i in font nullfont!
Missing character: There is no z in font nullfont!
Missing character: There is no a in font nullfont!
Missing character: There is no c in font nullfont!
Missing character: There is no i in font nullfont!
Missing character: There is no n in font nullfont!
Missing character: There is no . in font nullfont!

Overfull \hbox (10.94333pt too wide) in paragraph at lines 548--549
\OML/cmm/m/it/10 x[]$
 []


Overfull \hbox (2.77779pt too wide) in paragraph at lines 548--549
\/cmr/m/n/10 ^^S^^P
 []


Overfull \hbox (5.72458pt too wide) in paragraph at lines 548--549
\OML/cmm/m/it/10 u$
 []


Overfull \hbox (5.00002pt too wide) in paragraph at lines 548--549
\/cmr/m/n/10 ^^So 
 []

Missing character: There is no E in font nullfont!
Missing character: There is no s in font nullfont!
Missing character: There is no u in font nullfont!
Missing character: There is no n in font nullfont!
Missing character: There is no a in font nullfont!
Missing character: There is no f in font nullfont!
Missing character: There is no u in font nullfont!
Missing character: There is no n in font nullfont!
Missing character: There is no c in font nullfont!
Missing character: There is no i in font nullfont!
Missing character: There is no n in font nullfont!
Missing character: There is no d in font nullfont!
Missing character: There is no e in font nullfont!
Missing character: There is no t in font nullfont!
Missing character: There is no r in font nullfont!
Missing character: There is no a in font nullfont!
Missing character: There is no n in font nullfont!
Missing character: There is no s in font nullfont!
Missing character: There is no f in font nullfont!
Missing character: There is no o in font nullfont!
Missing character: There is no r in font nullfont!
Missing character: There is no m in font nullfont!
Missing character: There is no a in font nullfont!
Missing character: There is no c in font nullfont!
Missing character: There is no i in font nullfont!
Missing character: There is no n in font nullfont!
Missing character: There is no q in font nullfont!
Missing character: There is no u in font nullfont!
Missing character: There is no e in font nullfont!
Missing character: There is no t in font nullfont!
Missing character: There is no o in font nullfont!
Missing character: There is no m in font nullfont!
Missing character: There is no a in font nullfont!
Missing character: There is no l in font nullfont!
Missing character: There is no a in font nullfont!
Missing character: There is no s in font nullfont!
Missing character: There is no c in font nullfont!
Missing character: There is no a in font nullfont!
Missing character: There is no r in font nullfont!
Missing character: There is no a in font nullfont!
Missing character: There is no c in font nullfont!
Missing character: There is no t in font nullfont!
Missing character: There is no e in font nullfont!
Missing character: There is no r in font nullfont!
Missing character: There is no s in font nullfont!
Missing character: There is no t in font nullfont!
Missing character: There is no i in font nullfont!
Missing character: There is no c in font nullfont!
Missing character: There is no a in font nullfont!
Missing character: There is no s in font nullfont!
Missing character: There is no d in font nullfont!
Missing character: There is no e in font nullfont!
Missing character: There is no l in font nullfont!
Missing character: There is no n in font nullfont!
Missing character: There is no o in font nullfont!
Missing character: There is no d in font nullfont!
Missing character: There is no o in font nullfont!
Missing character: There is no y in font nullfont!
Missing character: There is no d in font nullfont!
Missing character: There is no e in font nullfont!
Missing character: There is no s in font nullfont!
Missing character: There is no u in font nullfont!
Missing character: There is no v in font nullfont!
Missing character: There is no e in font nullfont!
Missing character: There is no c in font nullfont!
Missing character: There is no i in font nullfont!
Missing character: There is no n in font nullfont!
Missing character: There is no o in font nullfont!
Missing character: There is no , in font nullfont!
Missing character: There is no p in font nullfont!
Missing character: There is no r in font nullfont!
Missing character: There is no o in font nullfont!
Missing character: There is no d in font nullfont!
Missing character: There is no u in font nullfont!
Missing character: There is no c in font nullfont!
Missing character: There is no i in font nullfont!
Missing character: There is no e in font nullfont!
Missing character: There is no n in font nullfont!
Missing character: There is no d in font nullfont!
Missing character: There is no o in font nullfont!
Missing character: There is no u in font nullfont!
Missing character: There is no n in font nullfont!
Missing character: There is no a in font nullfont!
Missing character: There is no e in font nullfont!
Missing character: There is no s in font nullfont!
Missing character: There is no p in font nullfont!
Missing character: There is no e in font nullfont!
Missing character: There is no c in font nullfont!
Missing character: There is no i in font nullfont!
Missing character: There is no e in font nullfont!
Missing character: There is no d in font nullfont!
Missing character: There is no e in font nullfont!
Missing character: There is no m in font nullfont!
Missing character: There is no e in font nullfont!
Missing character: There is no n in font nullfont!
Missing character: There is no s in font nullfont!
Missing character: There is no a in font nullfont!
Missing character: There is no j in font nullfont!
Missing character: There is no e in font nullfont!
Missing character: There is no o in font nullfont!
Missing character: There is no i in font nullfont!
Missing character: There is no n in font nullfont!
Missing character: There is no t in font nullfont!
Missing character: There is no e in font nullfont!
Missing character: There is no r in font nullfont!
Missing character: There is no a in font nullfont!
Missing character: There is no c in font nullfont!
Missing character: There is no c in font nullfont!
Missing character: There is no i in font nullfont!
Missing character: There is no n in font nullfont!
Missing character: There is no e in font nullfont!
Missing character: There is no n in font nullfont!
Missing character: There is no t in font nullfont!
Missing character: There is no r in font nullfont!
Missing character: There is no e in font nullfont!
Missing character: There is no a in font nullfont!
Missing character: There is no m in font nullfont!
Missing character: There is no b in font nullfont!
Missing character: There is no o in font nullfont!
Missing character: There is no s in font nullfont!
Missing character: There is no n in font nullfont!
Missing character: There is no o in font nullfont!
Missing character: There is no d in font nullfont!
Missing character: There is no o in font nullfont!
Missing character: There is no s in font nullfont!
Missing character: There is no . in font nullfont!

Overfull \hbox (40.5047pt too wide) in paragraph at lines 549--550
\OML/cmm/m/it/10  \/cmr/m/n/10 (\OML/cmm/m/it/10 x[]; x[]\/cmr/m/n/10 )$
 []


Overfull \hbox (5.00002pt too wide) in paragraph at lines 549--550
\/cmr/m/n/10 ^^So
 []


Overfull \hbox (5.00002pt too wide) in paragraph at lines 549--550
\/cmr/m/n/10 ^^So
 []


Overfull \hbox (2.77779pt too wide) in paragraph at lines 549--550
\/cmr/m/n/10 ^^S^^P
 []


Overfull \hbox (5.72458pt too wide) in paragraph at lines 549--550
\OML/cmm/m/it/10 u$
 []


Overfull \hbox (5.20601pt too wide) in paragraph at lines 549--550
\OML/cmm/m/it/10 v$
 []


Overfull \hbox (5.00002pt too wide) in paragraph at lines 549--550
\/cmr/m/n/10 ^^So
 []

Missing character: There is no E in font nullfont!
Missing character: There is no s in font nullfont!
Missing character: There is no u in font nullfont!
Missing character: There is no n in font nullfont!
Missing character: There is no a in font nullfont!
Missing character: There is no o in font nullfont!
Missing character: There is no p in font nullfont!
Missing character: There is no e in font nullfont!
Missing character: There is no r in font nullfont!
Missing character: There is no a in font nullfont!
Missing character: There is no c in font nullfont!
Missing character: There is no i in font nullfont!
Missing character: There is no n in font nullfont!
Missing character: There is no d in font nullfont!
Missing character: There is no e in font nullfont!
Missing character: There is no a in font nullfont!
Missing character: There is no g in font nullfont!
Missing character: There is no r in font nullfont!
Missing character: There is no e in font nullfont!
Missing character: There is no g in font nullfont!
Missing character: There is no a in font nullfont!
Missing character: There is no c in font nullfont!
Missing character: There is no i in font nullfont!
Missing character: There is no n in font nullfont!
Missing character: There is no c in font nullfont!
Missing character: There is no o in font nullfont!
Missing character: There is no m in font nullfont!
Missing character: There is no o in font nullfont!
Missing character: There is no p in font nullfont!
Missing character: There is no u in font nullfont!
Missing character: There is no e in font nullfont!
Missing character: There is no d in font nullfont!
Missing character: There is no e in font nullfont!
Missing character: There is no s in font nullfont!
Missing character: There is no e in font nullfont!
Missing character: There is no r in font nullfont!
Missing character: There is no s in font nullfont!
Missing character: There is no u in font nullfont!
Missing character: There is no m in font nullfont!
Missing character: There is no a in font nullfont!
Missing character: There is no , in font nullfont!
Missing character: There is no m in font nullfont!
Missing character: There is no e in font nullfont!
Missing character: There is no d in font nullfont!
Missing character: There is no i in font nullfont!
Missing character: There is no a in font nullfont!
Missing character: There is no , in font nullfont!
Missing character: There is no m in font nullfont!
Missing character: There is no a in font nullfont!
Missing character: There is no x in font nullfont!
Missing character: There is no p in font nullfont!
Missing character: There is no o in font nullfont!
Missing character: There is no o in font nullfont!
Missing character: There is no l in font nullfont!
Missing character: There is no i in font nullfont!
Missing character: There is no n in font nullfont!
Missing character: There is no g in font nullfont!
Missing character: There is no , in font nullfont!
Missing character: There is no e in font nullfont!
Missing character: There is no t in font nullfont!
Missing character: There is no c in font nullfont!
Missing character: There is no , in font nullfont!
Missing character: There is no s in font nullfont!
Missing character: There is no o in font nullfont!
Missing character: There is no b in font nullfont!
Missing character: There is no r in font nullfont!
Missing character: There is no e in font nullfont!
Missing character: There is no l in font nullfont!
Missing character: There is no o in font nullfont!
Missing character: There is no s in font nullfont!
Missing character: There is no v in font nullfont!
Missing character: There is no e in font nullfont!
Missing character: There is no c in font nullfont!
Missing character: There is no i in font nullfont!
Missing character: There is no n in font nullfont!
Missing character: There is no o in font nullfont!
Missing character: There is no s in font nullfont!
Missing character: There is no d in font nullfont!
Missing character: There is no e in font nullfont!
Missing character: There is no e in font nullfont!
Missing character: There is no s in font nullfont!
Missing character: There is no d in font nullfont!
Missing character: There is no e in font nullfont!
Missing character: There is no c in font nullfont!
Missing character: There is no i in font nullfont!
Missing character: There is no r in font nullfont!
Missing character: There is no s in font nullfont!
Missing character: There is no o in font nullfont!
Missing character: There is no b in font nullfont!
Missing character: There is no r in font nullfont!
Missing character: There is no e in font nullfont!
Missing character: There is no l in font nullfont!
Missing character: There is no a in font nullfont!
Missing character: There is no s in font nullfont!
Missing character: There is no t in font nullfont!
Missing character: There is no r in font nullfont!
Missing character: There is no a in font nullfont!
Missing character: There is no n in font nullfont!
Missing character: There is no s in font nullfont!
Missing character: There is no f in font nullfont!
Missing character: There is no o in font nullfont!
Missing character: There is no r in font nullfont!
Missing character: There is no m in font nullfont!
Missing character: There is no a in font nullfont!
Missing character: There is no c in font nullfont!
Missing character: There is no i in font nullfont!
Missing character: There is no o in font nullfont!
Missing character: There is no n in font nullfont!
Missing character: There is no e in font nullfont!
Missing character: There is no s in font nullfont!
Missing character: There is no p in font nullfont!
Missing character: There is no r in font nullfont!
Missing character: There is no o in font nullfont!
Missing character: There is no d in font nullfont!
Missing character: There is no u in font nullfont!
Missing character: There is no c in font nullfont!
Missing character: There is no i in font nullfont!
Missing character: There is no d in font nullfont!
Missing character: There is no a in font nullfont!
Missing character: There is no s in font nullfont!
Missing character: There is no p in font nullfont!
Missing character: There is no o in font nullfont!
Missing character: There is no r in font nullfont!
Missing character: There is no l in font nullfont!
Missing character: There is no a in font nullfont!
Missing character: There is no f in font nullfont!
Missing character: There is no u in font nullfont!
Missing character: There is no n in font nullfont!
Missing character: There is no c in font nullfont!
Missing character: There is no i in font nullfont!
Missing character: There is no n in font nullfont!
Missing character: There is no . in font nullfont!

Overfull \hbox (39.83066pt too wide) in paragraph at lines 550--551
[][]$
 []


Overfull \hbox (5.00002pt too wide) in paragraph at lines 550--551
\/cmr/m/n/10 ^^So
 []


Overfull \hbox (5.00002pt too wide) in paragraph at lines 550--551
\/cmr/m/n/10 ^^So
 []


Overfull \hbox (5.72458pt too wide) in paragraph at lines 550--551
\OML/cmm/m/it/10 u$
 []


Overfull \hbox (5.00002pt too wide) in paragraph at lines 550--551
\/cmr/m/n/10 ^^So
 []


Overfull \hbox (17.42828pt too wide) in paragraph at lines 550--551
\OML/cmm/m/it/10  \/cmr/m/n/10 (\OMS/cmsy/m/n/10 ^^A\/cmr/m/n/10 )$ 
 []

Missing character: There is no e in font nullfont!
Missing character: There is no s in font nullfont!
Missing character: There is no l in font nullfont!
Missing character: There is no a in font nullfont!
Missing character: There is no f in font nullfont!
Missing character: There is no u in font nullfont!
Missing character: There is no n in font nullfont!
Missing character: There is no c in font nullfont!
Missing character: There is no i in font nullfont!
Missing character: There is no n in font nullfont!
Missing character: There is no d in font nullfont!
Missing character: There is no e in font nullfont!
Missing character: There is no a in font nullfont!
Missing character: There is no c in font nullfont!
Missing character: There is no t in font nullfont!
Missing character: There is no u in font nullfont!
Missing character: There is no a in font nullfont!
Missing character: There is no l in font nullfont!
Missing character: There is no i in font nullfont!
Missing character: There is no z in font nullfont!
Missing character: There is no a in font nullfont!
Missing character: There is no c in font nullfont!
Missing character: There is no i in font nullfont!
Missing character: There is no n in font nullfont!
Missing character: There is no q in font nullfont!
Missing character: There is no u in font nullfont!
Missing character: There is no e in font nullfont!
Missing character: There is no t in font nullfont!
Missing character: There is no o in font nullfont!
Missing character: There is no m in font nullfont!
Missing character: There is no a in font nullfont!
Missing character: There is no l in font nullfont!
Missing character: There is no a in font nullfont!
Missing character: There is no s in font nullfont!
Missing character: There is no c in font nullfont!
Missing character: There is no a in font nullfont!
Missing character: There is no r in font nullfont!
Missing character: There is no a in font nullfont!
Missing character: There is no c in font nullfont!
Missing character: There is no t in font nullfont!
Missing character: There is no e in font nullfont!
Missing character: There is no r in font nullfont!
Missing character: There is no s in font nullfont!
Missing character: There is no t in font nullfont!
Missing character: There is no i in font nullfont!
Missing character: There is no c in font nullfont!
Missing character: There is no a in font nullfont!
Missing character: There is no s in font nullfont!
Missing character: There is no o in font nullfont!
Missing character: There is no r in font nullfont!
Missing character: There is no i in font nullfont!
Missing character: There is no g in font nullfont!
Missing character: There is no i in font nullfont!
Missing character: There is no n in font nullfont!
Missing character: There is no a in font nullfont!
Missing character: There is no l in font nullfont!
Missing character: There is no e in font nullfont!
Missing character: There is no s in font nullfont!
Missing character: There is no d in font nullfont!
Missing character: There is no e in font nullfont!
Missing character: There is no l in font nullfont!
Missing character: There is no n in font nullfont!
Missing character: There is no o in font nullfont!
Missing character: There is no d in font nullfont!
Missing character: There is no o in font nullfont!
Missing character: There is no y in font nullfont!
Missing character: There is no e in font nullfont!
Missing character: There is no l in font nullfont!
Missing character: There is no r in font nullfont!
Missing character: There is no e in font nullfont!
Missing character: There is no s in font nullfont!
Missing character: There is no u in font nullfont!
Missing character: There is no l in font nullfont!
Missing character: There is no t in font nullfont!
Missing character: There is no a in font nullfont!
Missing character: There is no d in font nullfont!
Missing character: There is no o in font nullfont!
Missing character: There is no d in font nullfont!
Missing character: There is no e in font nullfont!
Missing character: There is no l in font nullfont!
Missing character: There is no a in font nullfont!
Missing character: There is no a in font nullfont!
Missing character: There is no g in font nullfont!
Missing character: There is no r in font nullfont!
Missing character: There is no e in font nullfont!
Missing character: There is no g in font nullfont!
Missing character: There is no a in font nullfont!
Missing character: There is no c in font nullfont!
Missing character: There is no i in font nullfont!
Missing character: There is no n in font nullfont!
Missing character: There is no d in font nullfont!
Missing character: There is no e in font nullfont!
Missing character: There is no l in font nullfont!
Missing character: There is no o in font nullfont!
Missing character: There is no s in font nullfont!
Missing character: There is no m in font nullfont!
Missing character: There is no e in font nullfont!
Missing character: There is no n in font nullfont!
Missing character: There is no s in font nullfont!
Missing character: There is no a in font nullfont!
Missing character: There is no j in font nullfont!
Missing character: There is no e in font nullfont!
Missing character: There is no s in font nullfont!
Missing character: There is no d in font nullfont!
Missing character: There is no e in font nullfont!
Missing character: There is no s in font nullfont!
Missing character: There is no u in font nullfont!
Missing character: There is no s in font nullfont!
Missing character: There is no v in font nullfont!
Missing character: There is no e in font nullfont!
Missing character: There is no c in font nullfont!
Missing character: There is no i in font nullfont!
Missing character: There is no n in font nullfont!
Missing character: There is no o in font nullfont!
Missing character: There is no s in font nullfont!
Missing character: There is no p in font nullfont!
Missing character: There is no a in font nullfont!
Missing character: There is no r in font nullfont!
Missing character: There is no a in font nullfont!
Missing character: There is no p in font nullfont!
Missing character: There is no r in font nullfont!
Missing character: There is no o in font nullfont!
Missing character: There is no d in font nullfont!
Missing character: There is no u in font nullfont!
Missing character: There is no c in font nullfont!
Missing character: There is no i in font nullfont!
Missing character: There is no r in font nullfont!
Missing character: There is no u in font nullfont!
Missing character: There is no n in font nullfont!
Missing character: There is no a in font nullfont!
Missing character: There is no n in font nullfont!
Missing character: There is no u in font nullfont!
Missing character: There is no e in font nullfont!
Missing character: There is no v in font nullfont!
Missing character: There is no a in font nullfont!
Missing character: There is no r in font nullfont!
Missing character: There is no e in font nullfont!
Missing character: There is no p in font nullfont!
Missing character: There is no r in font nullfont!
Missing character: There is no e in font nullfont!
Missing character: There is no s in font nullfont!
Missing character: There is no e in font nullfont!
Missing character: There is no n in font nullfont!
Missing character: There is no t in font nullfont!
Missing character: There is no a in font nullfont!
Missing character: There is no c in font nullfont!
Missing character: There is no i in font nullfont!
Missing character: There is no n in font nullfont!
Missing character: There is no d in font nullfont!
Missing character: There is no e in font nullfont!
Missing character: There is no l in font nullfont!
Missing character: There is no n in font nullfont!
Missing character: There is no o in font nullfont!
Missing character: There is no d in font nullfont!
Missing character: There is no o in font nullfont!
Missing character: There is no . in font nullfont!

Overfull \hbox (16.51393pt too wide) in paragraph at lines 551--552
\OML/cmm/m/it/10 ^^^\/cmr/m/n/10 (\OMS/cmsy/m/n/10 ^^A\/cmr/m/n/10 )$
 []


Overfull \hbox (5.00002pt too wide) in paragraph at lines 551--552
\/cmr/m/n/10 ^^So
 []


Overfull \hbox (5.00002pt too wide) in paragraph at lines 551--552
\/cmr/m/n/10 ^^So
 []


Overfull \hbox (2.77779pt too wide) in paragraph at lines 551--552
\/cmr/m/n/10 ^^S^^P
 []


Overfull \hbox (24.44571pt too wide) in paragraph at lines 551--552
\OML/cmm/m/it/10 u\/cmr/m/n/10 (\OML/cmm/m/it/10 x[]\/cmr/m/n/10 )$
 []


Overfull \hbox (5.00002pt too wide) in paragraph at lines 551--552
\/cmr/m/n/10 ^^So
 []


Overfull \hbox (5.00002pt too wide) in paragraph at lines 551--552
\/cmr/m/n/10 ^^So
 []


Overfull \hbox (5.72458pt too wide) in paragraph at lines 551--552
\OML/cmm/m/it/10 u$ 
 []

Missing character: There is no E in font nullfont!
Missing character: There is no n in font nullfont!
Missing character: There is no t in font nullfont!
Missing character: There is no r in font nullfont!
Missing character: There is no m in font nullfont!
Missing character: There is no i in font nullfont!
Missing character: There is no n in font nullfont!
Missing character: There is no o in font nullfont!
Missing character: There is no s in font nullfont!
Missing character: There is no g in font nullfont!
Missing character: There is no e in font nullfont!
Missing character: There is no n in font nullfont!
Missing character: There is no e in font nullfont!
Missing character: There is no r in font nullfont!
Missing character: There is no a in font nullfont!
Missing character: There is no l in font nullfont!
Missing character: There is no e in font nullfont!
Missing character: There is no s in font nullfont!
Missing character: There is no , in font nullfont!
Missing character: There is no e in font nullfont!
Missing character: There is no l in font nullfont!
Missing character: There is no c in font nullfont!
Missing character: There is no o in font nullfont!
Missing character: There is no m in font nullfont!
Missing character: There is no p in font nullfont!
Missing character: There is no o in font nullfont!
Missing character: There is no r in font nullfont!
Missing character: There is no t in font nullfont!
Missing character: There is no a in font nullfont!
Missing character: There is no m in font nullfont!
Missing character: There is no i in font nullfont!
Missing character: There is no e in font nullfont!
Missing character: There is no n in font nullfont!
Missing character: There is no t in font nullfont!
Missing character: There is no o in font nullfont!
Missing character: There is no l in font nullfont!
Missing character: There is no o in font nullfont!
Missing character: There is no p in font nullfont!
Missing character: There is no o in font nullfont!
Missing character: There is no d in font nullfont!
Missing character: There is no e in font nullfont!
Missing character: There is no m in font nullfont!
Missing character: There is no o in font nullfont!
Missing character: There is no s in font nullfont!
Missing character: There is no d in font nullfont!
Missing character: There is no e in font nullfont!
Missing character: There is no s in font nullfont!
Missing character: There is no c in font nullfont!
Missing character: There is no r in font nullfont!
Missing character: There is no i in font nullfont!
Missing character: There is no b in font nullfont!
Missing character: There is no i in font nullfont!
Missing character: There is no r in font nullfont!
Missing character: There is no a in font nullfont!
Missing character: There is no c in font nullfont!
Missing character: There is no o in font nullfont!
Missing character: There is no n in font nullfont!
Missing character: There is no t in font nullfont!
Missing character: There is no i in font nullfont!
Missing character: There is no n in font nullfont!
Missing character: There is no u in font nullfont!
Missing character: There is no a in font nullfont!
Missing character: There is no c in font nullfont!
Missing character: There is no i in font nullfont!
Missing character: There is no n in font nullfont!
Missing character: There is no : in font nullfont!

Overfull \hbox (20.0pt too wide) in paragraph at lines 554--555
[]
 []


Overfull \hbox (4.44444pt too wide) in paragraph at lines 554--555
\/cmr/m/n/10 ^^Se
 []


Overfull \hbox (5.00002pt too wide) in paragraph at lines 554--555
\/cmr/m/n/10 ^^So 
 []


Overfull \hbox (20.0pt too wide) in paragraph at lines 556--556
[] 
 []

Missing character: There is no ( in font nullfont!
Missing character: There is no ) in font nullfont!
Missing character: There is no L in font nullfont!
Missing character: There is no a in font nullfont!
Missing character: There is no f in font nullfont!
Missing character: There is no u in font nullfont!
Missing character: There is no n in font nullfont!
Missing character: There is no c in font nullfont!
Missing character: There is no i in font nullfont!
Missing character: There is no n in font nullfont!
Missing character: There is no c in font nullfont!
Missing character: There is no a in font nullfont!
Missing character: There is no l in font nullfont!
Missing character: There is no c in font nullfont!
Missing character: There is no u in font nullfont!
Missing character: There is no l in font nullfont!
Missing character: There is no a in font nullfont!
Missing character: There is no l in font nullfont!
Missing character: There is no a in font nullfont!
Missing character: There is no i in font nullfont!
Missing character: There is no n in font nullfont!
Missing character: There is no t in font nullfont!
Missing character: There is no e in font nullfont!
Missing character: There is no r in font nullfont!
Missing character: There is no a in font nullfont!
Missing character: There is no c in font nullfont!
Missing character: There is no c in font nullfont!
Missing character: There is no i in font nullfont!
Missing character: There is no n in font nullfont!
Missing character: There is no e in font nullfont!
Missing character: There is no n in font nullfont!
Missing character: There is no t in font nullfont!
Missing character: There is no r in font nullfont!
Missing character: There is no e in font nullfont!
Missing character: There is no l in font nullfont!
Missing character: There is no a in font nullfont!
Missing character: There is no s in font nullfont!
Missing character: There is no c in font nullfont!
Missing character: There is no a in font nullfont!
Missing character: There is no r in font nullfont!
Missing character: There is no a in font nullfont!
Missing character: There is no c in font nullfont!
Missing character: There is no t in font nullfont!
Missing character: There is no e in font nullfont!
Missing character: There is no r in font nullfont!
Missing character: There is no s in font nullfont!
Missing character: There is no t in font nullfont!
Missing character: There is no i in font nullfont!
Missing character: There is no c in font nullfont!
Missing character: There is no a in font nullfont!
Missing character: There is no s in font nullfont!
Missing character: There is no d in font nullfont!
Missing character: There is no e in font nullfont!
Missing character: There is no l in font nullfont!
Missing character: There is no n in font nullfont!
Missing character: There is no o in font nullfont!
Missing character: There is no d in font nullfont!
Missing character: There is no o in font nullfont!
Missing character: There is no y in font nullfont!
Missing character: There is no l in font nullfont!
Missing character: There is no a in font nullfont!
Missing character: There is no s in font nullfont!
Missing character: There is no c in font nullfont!
Missing character: There is no a in font nullfont!
Missing character: There is no r in font nullfont!
Missing character: There is no a in font nullfont!
Missing character: There is no c in font nullfont!
Missing character: There is no t in font nullfont!
Missing character: There is no e in font nullfont!
Missing character: There is no r in font nullfont!
Missing character: There is no s in font nullfont!
Missing character: There is no i in font nullfont!
Missing character: There is no t in font nullfont!
Missing character: There is no i in font nullfont!
Missing character: There is no c in font nullfont!
Missing character: There is no a in font nullfont!
Missing character: There is no s in font nullfont!
Missing character: There is no d in font nullfont!
Missing character: There is no e in font nullfont!
Missing character: There is no c in font nullfont!
Missing character: There is no a in font nullfont!
Missing character: There is no d in font nullfont!
Missing character: There is no a in font nullfont!
Missing character: There is no u in font nullfont!
Missing character: There is no n in font nullfont!
Missing character: There is no o in font nullfont!
Missing character: There is no s in font nullfont!
Missing character: There is no d in font nullfont!
Missing character: There is no e in font nullfont!
Missing character: There is no s in font nullfont!
Missing character: There is no u in font nullfont!
Missing character: There is no s in font nullfont!
Missing character: There is no v in font nullfont!
Missing character: There is no e in font nullfont!
Missing character: There is no c in font nullfont!
Missing character: There is no i in font nullfont!
Missing character: There is no n in font nullfont!
Missing character: There is no o in font nullfont!
Missing character: There is no s in font nullfont!
Missing character: There is no . in font nullfont!
Missing character: There is no E in font nullfont!
Missing character: There is no s in font nullfont!
Missing character: There is no t in font nullfont!
Missing character: There is no o in font nullfont!
Missing character: There is no p in font nullfont!
Missing character: There is no e in font nullfont!
Missing character: There is no r in font nullfont!
Missing character: There is no m in font nullfont!
Missing character: There is no i in font nullfont!
Missing character: There is no t in font nullfont!
Missing character: There is no e in font nullfont!
Missing character: There is no c in font nullfont!
Missing character: There is no a in font nullfont!
Missing character: There is no p in font nullfont!
Missing character: There is no t in font nullfont!
Missing character: There is no u in font nullfont!
Missing character: There is no r in font nullfont!
Missing character: There is no a in font nullfont!
Missing character: There is no r in font nullfont!
Missing character: There is no l in font nullfont!
Missing character: There is no a in font nullfont!
Missing character: There is no r in font nullfont!
Missing character: There is no e in font nullfont!
Missing character: There is no l in font nullfont!
Missing character: There is no a in font nullfont!
Missing character: There is no c in font nullfont!
Missing character: There is no i in font nullfont!
Missing character: There is no n in font nullfont!
Missing character: There is no e in font nullfont!
Missing character: There is no n in font nullfont!
Missing character: There is no t in font nullfont!
Missing character: There is no r in font nullfont!
Missing character: There is no e in font nullfont!
Missing character: There is no l in font nullfont!
Missing character: There is no o in font nullfont!
Missing character: There is no s in font nullfont!
Missing character: There is no n in font nullfont!
Missing character: There is no o in font nullfont!
Missing character: There is no d in font nullfont!
Missing character: There is no o in font nullfont!
Missing character: There is no s in font nullfont!
Missing character: There is no d in font nullfont!
Missing character: There is no e in font nullfont!
Missing character: There is no f in font nullfont!
Missing character: There is no o in font nullfont!
Missing character: There is no r in font nullfont!
Missing character: There is no m in font nullfont!
Missing character: There is no a in font nullfont!
Missing character: There is no q in font nullfont!
Missing character: There is no u in font nullfont!
Missing character: There is no e in font nullfont!
Missing character: There is no d in font nullfont!
Missing character: There is no e in font nullfont!
Missing character: There is no p in font nullfont!
Missing character: There is no e in font nullfont!
Missing character: There is no n in font nullfont!
Missing character: There is no d in font nullfont!
Missing character: There is no a in font nullfont!
Missing character: There is no d in font nullfont!
Missing character: There is no e in font nullfont!
Missing character: There is no s in font nullfont!
Missing character: There is no u in font nullfont!
Missing character: There is no s in font nullfont!
Missing character: There is no c in font nullfont!
Missing character: There is no a in font nullfont!
Missing character: There is no r in font nullfont!
Missing character: There is no a in font nullfont!
Missing character: There is no c in font nullfont!
Missing character: There is no t in font nullfont!
Missing character: There is no e in font nullfont!
Missing character: There is no r in font nullfont!
Missing character: There is no s in font nullfont!
Missing character: There is no t in font nullfont!
Missing character: There is no i in font nullfont!
Missing character: There is no c in font nullfont!
Missing character: There is no a in font nullfont!
Missing character: There is no s in font nullfont!
Missing character: There is no . in font nullfont!

Overfull \hbox (46.66222pt too wide) in paragraph at lines 557--559
\OT1/cmr/bx/n/10 Mensajes
 []


Overfull \hbox (15.49298pt too wide) in paragraph at lines 557--559
\OT1/cmr/bx/n/10 en-
 []


Overfull \hbox (14.47911pt too wide) in paragraph at lines 557--559
\OT1/cmr/bx/n/10 tre
 []


Overfull \hbox (15.97214pt too wide) in paragraph at lines 557--559
\OT1/cmr/bx/n/10 no-
 []


Overfull \hbox (16.6749pt too wide) in paragraph at lines 557--559
\OT1/cmr/bx/n/10 dos
 []


Overfull \hbox (14.8541pt too wide) in paragraph at lines 557--559
\OT1/cmr/bx/n/10 ve-
 []


Overfull \hbox (12.13882pt too wide) in paragraph at lines 557--559
\OT1/cmr/bx/n/10 ci-
 []


Overfull \hbox (16.6749pt too wide) in paragraph at lines 557--559
\OT1/cmr/bx/n/10 nos
 []


Overfull \hbox (40.5047pt too wide) in paragraph at lines 557--559
\OML/cmm/m/it/10  \/cmr/m/n/10 (\OML/cmm/m/it/10 x[]; x[]\/cmr/m/n/10 )$ 
 []


Overfull \hbox (5.00002pt too wide) in paragraph at lines 557--559
\/cmr/m/n/10 ^^So
 []


Overfull \hbox (7.95366pt too wide) in paragraph at lines 557--559
\OML/cmm/b/it/10  $
 []


Overfull \hbox (5.00002pt too wide) in paragraph at lines 557--559
\/cmr/m/n/10 ^^So
 []


Overfull \hbox (2.77779pt too wide) in paragraph at lines 557--559
\/cmr/m/n/10 ^^S^^P
 []


Overfull \hbox (6.81017pt too wide) in paragraph at lines 557--559
\OML/cmm/b/it/10 u$
 []


Overfull \hbox (2.77779pt too wide) in paragraph at lines 557--559
\/cmr/m/n/10 ^^S^^P
 []


Overfull \hbox (6.037pt too wide) in paragraph at lines 557--559
\OML/cmm/b/it/10 v$
 []


Overfull \hbox (5.00002pt too wide) in paragraph at lines 557--559
\/cmr/m/n/10 ^^So
 []


Overfull \hbox (2.77779pt too wide) in paragraph at lines 557--559
\/cmr/m/n/10 ^^S^^P 
 []

Missing character: There is no ( in font nullfont!
Missing character: There is no ) in font nullfont!
Missing character: There is no D in font nullfont!
Missing character: There is no e in font nullfont!
Missing character: There is no s in font nullfont!
Missing character: There is no p in font nullfont!
Missing character: There is no u in font nullfont!
Missing character: There is no s in font nullfont!
Missing character: There is no d in font nullfont!
Missing character: There is no e in font nullfont!
Missing character: There is no c in font nullfont!
Missing character: There is no a in font nullfont!
Missing character: There is no l in font nullfont!
Missing character: There is no c in font nullfont!
Missing character: There is no u in font nullfont!
Missing character: There is no l in font nullfont!
Missing character: There is no a in font nullfont!
Missing character: There is no r in font nullfont!
Missing character: There is no l in font nullfont!
Missing character: There is no a in font nullfont!
Missing character: There is no s in font nullfont!
Missing character: There is no i in font nullfont!
Missing character: There is no n in font nullfont!
Missing character: There is no t in font nullfont!
Missing character: There is no e in font nullfont!
Missing character: There is no r in font nullfont!
Missing character: There is no a in font nullfont!
Missing character: There is no c in font nullfont!
Missing character: There is no c in font nullfont!
Missing character: There is no i in font nullfont!
Missing character: There is no o in font nullfont!
Missing character: There is no n in font nullfont!
Missing character: There is no e in font nullfont!
Missing character: There is no s in font nullfont!
Missing character: There is no e in font nullfont!
Missing character: There is no n in font nullfont!
Missing character: There is no t in font nullfont!
Missing character: There is no r in font nullfont!
Missing character: There is no e in font nullfont!
Missing character: There is no y in font nullfont!
Missing character: There is no s in font nullfont!
Missing character: There is no u in font nullfont!
Missing character: There is no s in font nullfont!
Missing character: There is no v in font nullfont!
Missing character: There is no e in font nullfont!
Missing character: There is no c in font nullfont!
Missing character: There is no i in font nullfont!
Missing character: There is no n in font nullfont!
Missing character: There is no o in font nullfont!
Missing character: There is no s in font nullfont!
Missing character: There is no , in font nullfont!
Missing character: There is no e in font nullfont!
Missing character: There is no s in font nullfont!
Missing character: There is no t in font nullfont!
Missing character: There is no a in font nullfont!
Missing character: There is no s in font nullfont!
Missing character: There is no i in font nullfont!
Missing character: There is no n in font nullfont!
Missing character: There is no t in font nullfont!
Missing character: There is no e in font nullfont!
Missing character: There is no r in font nullfont!
Missing character: There is no a in font nullfont!
Missing character: There is no c in font nullfont!
Missing character: There is no c in font nullfont!
Missing character: There is no i in font nullfont!
Missing character: There is no o in font nullfont!
Missing character: There is no n in font nullfont!
Missing character: There is no e in font nullfont!
Missing character: There is no s in font nullfont!
Missing character: There is no s in font nullfont!
Missing character: There is no e in font nullfont!
Missing character: There is no a in font nullfont!
Missing character: There is no g in font nullfont!
Missing character: There is no r in font nullfont!
Missing character: There is no e in font nullfont!
Missing character: There is no g in font nullfont!
Missing character: There is no a in font nullfont!
Missing character: There is no n in font nullfont!
Missing character: There is no m in font nullfont!
Missing character: There is no e in font nullfont!
Missing character: There is no d in font nullfont!
Missing character: There is no i in font nullfont!
Missing character: There is no a in font nullfont!
Missing character: There is no n in font nullfont!
Missing character: There is no t in font nullfont!
Missing character: There is no e in font nullfont!
Missing character: There is no u in font nullfont!
Missing character: There is no n in font nullfont!
Missing character: There is no a in font nullfont!
Missing character: There is no o in font nullfont!
Missing character: There is no p in font nullfont!
Missing character: There is no e in font nullfont!
Missing character: There is no r in font nullfont!
Missing character: There is no a in font nullfont!
Missing character: There is no c in font nullfont!
Missing character: There is no i in font nullfont!
Missing character: There is no n in font nullfont!
Missing character: There is no , in font nullfont!
Missing character: There is no q in font nullfont!
Missing character: There is no u in font nullfont!
Missing character: There is no e in font nullfont!
Missing character: There is no c in font nullfont!
Missing character: There is no m in font nullfont!
Missing character: There is no o in font nullfont!
Missing character: There is no c in font nullfont!
Missing character: There is no o in font nullfont!
Missing character: There is no m in font nullfont!
Missing character: There is no n in font nullfont!
Missing character: There is no m in font nullfont!
Missing character: There is no e in font nullfont!
Missing character: There is no n in font nullfont!
Missing character: There is no t in font nullfont!
Missing character: There is no e in font nullfont!
Missing character: There is no ( in font nullfont!
Missing character: There is no c in font nullfont!
Missing character: There is no m in font nullfont!
Missing character: There is no o in font nullfont!
Missing character: There is no s in font nullfont!
Missing character: There is no e in font nullfont!
Missing character: There is no v in font nullfont!
Missing character: There is no i in font nullfont!
Missing character: There is no a in font nullfont!
Missing character: There is no n in font nullfont!
Missing character: There is no t in font nullfont!
Missing character: There is no e in font nullfont!
Missing character: There is no r in font nullfont!
Missing character: There is no i in font nullfont!
Missing character: There is no o in font nullfont!
Missing character: There is no r in font nullfont!
Missing character: There is no m in font nullfont!
Missing character: There is no e in font nullfont!
Missing character: There is no n in font nullfont!
Missing character: There is no t in font nullfont!
Missing character: There is no e in font nullfont!
Missing character: There is no ) in font nullfont!
Missing character: There is no e in font nullfont!
Missing character: There is no s in font nullfont!
Missing character: There is no u in font nullfont!
Missing character: There is no n in font nullfont!
Missing character: There is no a in font nullfont!
Missing character: There is no s in font nullfont!
Missing character: There is no u in font nullfont!
Missing character: There is no m in font nullfont!
Missing character: There is no a in font nullfont!
Missing character: There is no , in font nullfont!
Missing character: There is no m in font nullfont!
Missing character: There is no e in font nullfont!
Missing character: There is no d in font nullfont!
Missing character: There is no i in font nullfont!
Missing character: There is no a in font nullfont!
Missing character: There is no o in font nullfont!
Missing character: There is no m in font nullfont!
Missing character: There is no x in font nullfont!
Missing character: There is no i in font nullfont!
Missing character: There is no m in font nullfont!
Missing character: There is no o in font nullfont!
Missing character: There is no . in font nullfont!
Missing character: There is no L in font nullfont!
Missing character: There is no a in font nullfont!
Missing character: There is no a in font nullfont!
Missing character: There is no g in font nullfont!
Missing character: There is no r in font nullfont!
Missing character: There is no e in font nullfont!
Missing character: There is no g in font nullfont!
Missing character: There is no a in font nullfont!
Missing character: There is no c in font nullfont!
Missing character: There is no i in font nullfont!
Missing character: There is no n in font nullfont!
Missing character: There is no t in font nullfont!
Missing character: There is no i in font nullfont!
Missing character: There is no e in font nullfont!
Missing character: There is no n in font nullfont!
Missing character: There is no e in font nullfont!
Missing character: There is no c in font nullfont!
Missing character: There is no o in font nullfont!
Missing character: There is no m in font nullfont!
Missing character: There is no o in font nullfont!
Missing character: There is no o in font nullfont!
Missing character: There is no b in font nullfont!
Missing character: There is no j in font nullfont!
Missing character: There is no e in font nullfont!
Missing character: There is no t in font nullfont!
Missing character: There is no i in font nullfont!
Missing character: There is no v in font nullfont!
Missing character: There is no o in font nullfont!
Missing character: There is no c in font nullfont!
Missing character: There is no o in font nullfont!
Missing character: There is no m in font nullfont!
Missing character: There is no b in font nullfont!
Missing character: There is no i in font nullfont!
Missing character: There is no n in font nullfont!
Missing character: There is no a in font nullfont!
Missing character: There is no r in font nullfont!
Missing character: There is no t in font nullfont!
Missing character: There is no o in font nullfont!
Missing character: There is no d in font nullfont!
Missing character: There is no a in font nullfont!
Missing character: There is no l in font nullfont!
Missing character: There is no a in font nullfont!
Missing character: There is no i in font nullfont!
Missing character: There is no n in font nullfont!
Missing character: There is no f in font nullfont!
Missing character: There is no o in font nullfont!
Missing character: There is no r in font nullfont!
Missing character: There is no m in font nullfont!
Missing character: There is no a in font nullfont!
Missing character: There is no c in font nullfont!
Missing character: There is no i in font nullfont!
Missing character: There is no n in font nullfont!
Missing character: There is no r in font nullfont!
Missing character: There is no e in font nullfont!
Missing character: There is no c in font nullfont!
Missing character: There is no i in font nullfont!
Missing character: There is no b in font nullfont!
Missing character: There is no i in font nullfont!
Missing character: There is no d in font nullfont!
Missing character: There is no a in font nullfont!
Missing character: There is no e in font nullfont!
Missing character: There is no n in font nullfont!
Missing character: There is no t in font nullfont!
Missing character: There is no r in font nullfont!
Missing character: There is no e in font nullfont!
Missing character: There is no l in font nullfont!
Missing character: There is no o in font nullfont!
Missing character: There is no s in font nullfont!
Missing character: There is no v in font nullfont!
Missing character: There is no e in font nullfont!
Missing character: There is no c in font nullfont!
Missing character: There is no i in font nullfont!
Missing character: There is no n in font nullfont!
Missing character: There is no o in font nullfont!
Missing character: There is no s in font nullfont!
Missing character: There is no d in font nullfont!
Missing character: There is no e in font nullfont!
Missing character: There is no e in font nullfont!
Missing character: There is no n in font nullfont!
Missing character: There is no u in font nullfont!
Missing character: There is no n in font nullfont!
Missing character: There is no s in font nullfont!
Missing character: There is no o in font nullfont!
Missing character: There is no l in font nullfont!
Missing character: There is no o in font nullfont!
Missing character: There is no t in font nullfont!
Missing character: There is no r in font nullfont!
Missing character: There is no m in font nullfont!
Missing character: There is no i in font nullfont!
Missing character: There is no n in font nullfont!
Missing character: There is no o in font nullfont!
Missing character: There is no . in font nullfont!

Overfull \hbox (56.23581pt too wide) in paragraph at lines 559--561
\OT1/cmr/bx/n/10 Agregaci^^Son
 []


Overfull \hbox (11.11115pt too wide) in paragraph at lines 559--561
[]$ 
 []


Overfull \hbox (4.44444pt too wide) in paragraph at lines 559--561
\/cmr/m/n/10 ^^Se
 []


Overfull \hbox (6.81017pt too wide) in paragraph at lines 559--561
\OML/cmm/b/it/10 u$
 []


Overfull \hbox (5.00002pt too wide) in paragraph at lines 559--561
\/cmr/m/n/10 ^^So
 []


Overfull \hbox (11.11115pt too wide) in paragraph at lines 559--561
[]$
 []


Overfull \hbox (5.00002pt too wide) in paragraph at lines 559--561
\/cmr/m/n/10 ^^So
 []


Overfull \hbox (5.55557pt too wide) in paragraph at lines 559--561
\/cmr/m/n/10 ^^Su
 []


Overfull \hbox (5.00002pt too wide) in paragraph at lines 559--561
\/cmr/m/n/10 ^^So
 []


Overfull \hbox (5.00002pt too wide) in paragraph at lines 559--561
\/cmr/m/n/10 ^^So
 []


Overfull \hbox (5.00002pt too wide) in paragraph at lines 559--561
\/cmr/m/n/10 ^^Sa
 []


Overfull \hbox (5.00002pt too wide) in paragraph at lines 559--561
\/cmr/m/n/10 ^^So
 []


Overfull \hbox (5.00002pt too wide) in paragraph at lines 559--561
\/cmr/m/n/10 ^^So
 []


Overfull \hbox (6.81017pt too wide) in paragraph at lines 559--561
\OML/cmm/b/it/10 u$
 []


Overfull \hbox (4.44444pt too wide) in paragraph at lines 559--561
\/cmr/m/n/10 ^^Se 
 []

Missing character: There is no ( in font nullfont!
Missing character: There is no ) in font nullfont!
Missing character: There is no F in font nullfont!
Missing character: There is no i in font nullfont!
Missing character: There is no n in font nullfont!
Missing character: There is no a in font nullfont!
Missing character: There is no l in font nullfont!
Missing character: There is no m in font nullfont!
Missing character: There is no e in font nullfont!
Missing character: There is no n in font nullfont!
Missing character: There is no t in font nullfont!
Missing character: There is no e in font nullfont!
Missing character: There is no , in font nullfont!
Missing character: There is no l in font nullfont!
Missing character: There is no a in font nullfont!
Missing character: There is no f in font nullfont!
Missing character: There is no u in font nullfont!
Missing character: There is no n in font nullfont!
Missing character: There is no c in font nullfont!
Missing character: There is no i in font nullfont!
Missing character: There is no n in font nullfont!
Missing character: There is no t in font nullfont!
Missing character: There is no o in font nullfont!
Missing character: There is no m in font nullfont!
Missing character: There is no a in font nullfont!
Missing character: There is no l in font nullfont!
Missing character: There is no a in font nullfont!
Missing character: There is no c in font nullfont!
Missing character: There is no a in font nullfont!
Missing character: There is no r in font nullfont!
Missing character: There is no a in font nullfont!
Missing character: There is no c in font nullfont!
Missing character: There is no t in font nullfont!
Missing character: There is no e in font nullfont!
Missing character: There is no r in font nullfont!
Missing character: There is no s in font nullfont!
Missing character: There is no t in font nullfont!
Missing character: There is no i in font nullfont!
Missing character: There is no c in font nullfont!
Missing character: There is no a in font nullfont!
Missing character: There is no o in font nullfont!
Missing character: There is no r in font nullfont!
Missing character: There is no i in font nullfont!
Missing character: There is no g in font nullfont!
Missing character: There is no i in font nullfont!
Missing character: There is no n in font nullfont!
Missing character: There is no a in font nullfont!
Missing character: There is no l in font nullfont!
Missing character: There is no d in font nullfont!
Missing character: There is no e in font nullfont!
Missing character: There is no l in font nullfont!
Missing character: There is no n in font nullfont!
Missing character: There is no o in font nullfont!
Missing character: There is no d in font nullfont!
Missing character: There is no o in font nullfont!
Missing character: There is no , in font nullfont!
Missing character: There is no y in font nullfont!
Missing character: There is no e in font nullfont!
Missing character: There is no l in font nullfont!
Missing character: There is no r in font nullfont!
Missing character: There is no e in font nullfont!
Missing character: There is no s in font nullfont!
Missing character: There is no u in font nullfont!
Missing character: There is no l in font nullfont!
Missing character: There is no t in font nullfont!
Missing character: There is no a in font nullfont!
Missing character: There is no d in font nullfont!
Missing character: There is no o in font nullfont!
Missing character: There is no d in font nullfont!
Missing character: There is no e in font nullfont!
Missing character: There is no l in font nullfont!
Missing character: There is no a in font nullfont!
Missing character: There is no a in font nullfont!
Missing character: There is no g in font nullfont!
Missing character: There is no r in font nullfont!
Missing character: There is no e in font nullfont!
Missing character: There is no g in font nullfont!
Missing character: There is no a in font nullfont!
Missing character: There is no c in font nullfont!
Missing character: There is no i in font nullfont!
Missing character: There is no n in font nullfont!
Missing character: There is no p in font nullfont!
Missing character: There is no a in font nullfont!
Missing character: There is no r in font nullfont!
Missing character: There is no a in font nullfont!
Missing character: There is no p in font nullfont!
Missing character: There is no r in font nullfont!
Missing character: There is no o in font nullfont!
Missing character: There is no d in font nullfont!
Missing character: There is no u in font nullfont!
Missing character: There is no c in font nullfont!
Missing character: There is no i in font nullfont!
Missing character: There is no r in font nullfont!
Missing character: There is no l in font nullfont!
Missing character: There is no a in font nullfont!
Missing character: There is no n in font nullfont!
Missing character: There is no u in font nullfont!
Missing character: There is no e in font nullfont!
Missing character: There is no v in font nullfont!
Missing character: There is no a in font nullfont!
Missing character: There is no r in font nullfont!
Missing character: There is no e in font nullfont!
Missing character: There is no p in font nullfont!
Missing character: There is no r in font nullfont!
Missing character: There is no e in font nullfont!
Missing character: There is no s in font nullfont!
Missing character: There is no e in font nullfont!
Missing character: There is no n in font nullfont!
Missing character: There is no t in font nullfont!
Missing character: There is no a in font nullfont!
Missing character: There is no c in font nullfont!
Missing character: There is no i in font nullfont!
Missing character: There is no n in font nullfont!
Missing character: There is no . in font nullfont!
Missing character: There is no L in font nullfont!
Missing character: There is no a in font nullfont!
Missing character: There is no f in font nullfont!
Missing character: There is no u in font nullfont!
Missing character: There is no n in font nullfont!
Missing character: There is no c in font nullfont!
Missing character: There is no i in font nullfont!
Missing character: There is no n in font nullfont!
Missing character: There is no p in font nullfont!
Missing character: There is no u in font nullfont!
Missing character: There is no e in font nullfont!
Missing character: There is no d in font nullfont!
Missing character: There is no e in font nullfont!
Missing character: There is no s in font nullfont!
Missing character: There is no e in font nullfont!
Missing character: There is no r in font nullfont!
Missing character: There is no u in font nullfont!
Missing character: There is no n in font nullfont!
Missing character: There is no a in font nullfont!
Missing character: There is no r in font nullfont!
Missing character: There is no e in font nullfont!
Missing character: There is no d in font nullfont!
Missing character: There is no n in font nullfont!
Missing character: There is no e in font nullfont!
Missing character: There is no u in font nullfont!
Missing character: There is no r in font nullfont!
Missing character: There is no o in font nullfont!
Missing character: There is no n in font nullfont!
Missing character: There is no a in font nullfont!
Missing character: There is no l in font nullfont!
Missing character: There is no f in font nullfont!
Missing character: There is no e in font nullfont!
Missing character: There is no e in font nullfont!
Missing character: There is no d in font nullfont!
Missing character: There is no f in font nullfont!
Missing character: There is no o in font nullfont!
Missing character: There is no r in font nullfont!
Missing character: There is no w in font nullfont!
Missing character: There is no a in font nullfont!
Missing character: There is no r in font nullfont!
Missing character: There is no d in font nullfont!
Missing character: There is no o in font nullfont!
Missing character: There is no c in font nullfont!
Missing character: There is no u in font nullfont!
Missing character: There is no a in font nullfont!
Missing character: There is no l in font nullfont!
Missing character: There is no q in font nullfont!
Missing character: There is no u in font nullfont!
Missing character: There is no i in font nullfont!
Missing character: There is no e in font nullfont!
Missing character: There is no r in font nullfont!
Missing character: There is no o in font nullfont!
Missing character: There is no t in font nullfont!
Missing character: There is no r in font nullfont!
Missing character: There is no a in font nullfont!
Missing character: There is no t in font nullfont!
Missing character: There is no r in font nullfont!
Missing character: There is no a in font nullfont!
Missing character: There is no n in font nullfont!
Missing character: There is no s in font nullfont!
Missing character: There is no f in font nullfont!
Missing character: There is no o in font nullfont!
Missing character: There is no r in font nullfont!
Missing character: There is no m in font nullfont!
Missing character: There is no a in font nullfont!
Missing character: There is no c in font nullfont!
Missing character: There is no i in font nullfont!
Missing character: There is no n in font nullfont!
Missing character: There is no n in font nullfont!
Missing character: There is no o in font nullfont!
Missing character: There is no l in font nullfont!
Missing character: There is no i in font nullfont!
Missing character: There is no n in font nullfont!
Missing character: There is no e in font nullfont!
Missing character: There is no a in font nullfont!
Missing character: There is no l in font nullfont!
Missing character: There is no q in font nullfont!
Missing character: There is no u in font nullfont!
Missing character: There is no e in font nullfont!
Missing character: There is no a in font nullfont!
Missing character: There is no p in font nullfont!
Missing character: There is no r in font nullfont!
Missing character: There is no e in font nullfont!
Missing character: There is no n in font nullfont!
Missing character: There is no d in font nullfont!
Missing character: There is no a in font nullfont!
Missing character: There is no a in font nullfont!
Missing character: There is no i in font nullfont!
Missing character: There is no n in font nullfont!
Missing character: There is no t in font nullfont!
Missing character: There is no e in font nullfont!
Missing character: There is no g in font nullfont!
Missing character: There is no r in font nullfont!
Missing character: There is no a in font nullfont!
Missing character: There is no r in font nullfont!
Missing character: There is no l in font nullfont!
Missing character: There is no a in font nullfont!
Missing character: There is no i in font nullfont!
Missing character: There is no n in font nullfont!
Missing character: There is no f in font nullfont!
Missing character: There is no o in font nullfont!
Missing character: There is no r in font nullfont!
Missing character: There is no m in font nullfont!
Missing character: There is no a in font nullfont!
Missing character: There is no c in font nullfont!
Missing character: There is no i in font nullfont!
Missing character: There is no n in font nullfont!
Missing character: There is no d in font nullfont!
Missing character: There is no e in font nullfont!
Missing character: There is no c in font nullfont!
Missing character: There is no o in font nullfont!
Missing character: There is no n in font nullfont!
Missing character: There is no l in font nullfont!
Missing character: There is no a in font nullfont!
Missing character: There is no d in font nullfont!
Missing character: There is no e in font nullfont!
Missing character: There is no s in font nullfont!
Missing character: There is no u in font nullfont!
Missing character: There is no s in font nullfont!
Missing character: There is no v in font nullfont!
Missing character: There is no e in font nullfont!
Missing character: There is no c in font nullfont!
Missing character: There is no i in font nullfont!
Missing character: There is no n in font nullfont!
Missing character: There is no o in font nullfont!
Missing character: There is no s in font nullfont!
Missing character: There is no . in font nullfont!

Overfull \hbox (74.91621pt too wide) in paragraph at lines 561--563
\OT1/cmr/bx/n/10 Actualizaci^^Son$\OML/cmm/b/it/10 ^^^$ 
 []


Overfull \hbox (5.00002pt too wide) in paragraph at lines 561--563
\/cmr/m/n/10 ^^So
 []


Overfull \hbox (7.12495pt too wide) in paragraph at lines 561--563
\OML/cmm/b/it/10 ^^^$
 []


Overfull \hbox (2.77779pt too wide) in paragraph at lines 561--563
\/cmr/m/n/10 ^^S^^P
 []


Overfull \hbox (19.41202pt too wide) in paragraph at lines 561--563
\OML/cmm/b/it/10 u$$x[]$
 []


Overfull \hbox (5.00002pt too wide) in paragraph at lines 561--563
\/cmr/m/n/10 ^^So
 []


Overfull \hbox (5.00002pt too wide) in paragraph at lines 561--563
\/cmr/m/n/10 ^^So
 []


Overfull \hbox (12.68747pt too wide) in paragraph at lines 561--563
\OML/cmm/b/it/10 h[]$
 []


Overfull \hbox (5.00002pt too wide) in paragraph at lines 561--563
\/cmr/m/n/10 ^^So
 []


Overfull \hbox (7.12495pt too wide) in paragraph at lines 561--563
\OML/cmm/b/it/10 ^^^$
 []


Overfull \hbox (5.00002pt too wide) in paragraph at lines 561--563
\/cmr/m/n/10 ^^So
 []


Overfull \hbox (5.00002pt too wide) in paragraph at lines 561--563
\/cmr/m/n/10 ^^So
 []


Overfull \hbox (6.81017pt too wide) in paragraph at lines 561--563
\OML/cmm/b/it/10 u$
 []

Missing character: There is no E in font nullfont!
Missing character: There is no n in font nullfont!
Missing character: There is no r in font nullfont!
Missing character: There is no e in font nullfont!
Missing character: There is no s in font nullfont!
Missing character: There is no u in font nullfont!
Missing character: There is no m in font nullfont!
Missing character: There is no e in font nullfont!
Missing character: There is no n in font nullfont!
Missing character: There is no , in font nullfont!
Missing character: There is no e in font nullfont!
Missing character: There is no l in font nullfont!
Missing character: There is no m in font nullfont!
Missing character: There is no o in font nullfont!
Missing character: There is no d in font nullfont!
Missing character: There is no e in font nullfont!
Missing character: There is no l in font nullfont!
Missing character: There is no o in font nullfont!
Missing character: There is no a in font nullfont!
Missing character: There is no n in font nullfont!
Missing character: There is no t in font nullfont!
Missing character: There is no e in font nullfont!
Missing character: There is no r in font nullfont!
Missing character: There is no i in font nullfont!
Missing character: There is no o in font nullfont!
Missing character: There is no r in font nullfont!
Missing character: There is no e in font nullfont!
Missing character: There is no x in font nullfont!
Missing character: There is no p in font nullfont!
Missing character: There is no r in font nullfont!
Missing character: There is no e in font nullfont!
Missing character: There is no s in font nullfont!
Missing character: There is no a in font nullfont!
Missing character: There is no e in font nullfont!
Missing character: There is no l in font nullfont!
Missing character: There is no p in font nullfont!
Missing character: There is no r in font nullfont!
Missing character: There is no o in font nullfont!
Missing character: There is no c in font nullfont!
Missing character: There is no e in font nullfont!
Missing character: There is no s in font nullfont!
Missing character: There is no o in font nullfont!
Missing character: There is no d in font nullfont!
Missing character: There is no e in font nullfont!
Missing character: There is no d in font nullfont!
Missing character: There is no e in font nullfont!
Missing character: There is no u in font nullfont!
Missing character: There is no n in font nullfont!
Missing character: There is no a in font nullfont!
Missing character: There is no G in font nullfont!
Missing character: There is no N in font nullfont!
Missing character: There is no N in font nullfont!
Missing character: There is no , in font nullfont!
Missing character: There is no d in font nullfont!
Missing character: There is no o in font nullfont!
Missing character: There is no n in font nullfont!
Missing character: There is no d in font nullfont!
Missing character: There is no e in font nullfont!
Missing character: There is no l in font nullfont!
Missing character: There is no o in font nullfont!
Missing character: There is no s in font nullfont!
Missing character: There is no m in font nullfont!
Missing character: There is no e in font nullfont!
Missing character: There is no n in font nullfont!
Missing character: There is no s in font nullfont!
Missing character: There is no a in font nullfont!
Missing character: There is no j in font nullfont!
Missing character: There is no e in font nullfont!
Missing character: There is no s in font nullfont!
Missing character: There is no d in font nullfont!
Missing character: There is no e in font nullfont!
Missing character: There is no l in font nullfont!
Missing character: There is no o in font nullfont!
Missing character: There is no s in font nullfont!
Missing character: There is no v in font nullfont!
Missing character: There is no e in font nullfont!
Missing character: There is no c in font nullfont!
Missing character: There is no i in font nullfont!
Missing character: There is no n in font nullfont!
Missing character: There is no o in font nullfont!
Missing character: There is no s in font nullfont!
Missing character: There is no d in font nullfont!
Missing character: There is no e in font nullfont!
Missing character: There is no u in font nullfont!
Missing character: There is no n in font nullfont!
Missing character: There is no n in font nullfont!
Missing character: There is no o in font nullfont!
Missing character: There is no d in font nullfont!
Missing character: There is no o in font nullfont!
Missing character: There is no s in font nullfont!
Missing character: There is no e in font nullfont!
Missing character: There is no c in font nullfont!
Missing character: There is no o in font nullfont!
Missing character: There is no m in font nullfont!
Missing character: There is no b in font nullfont!
Missing character: There is no i in font nullfont!
Missing character: There is no n in font nullfont!
Missing character: There is no a in font nullfont!
Missing character: There is no n in font nullfont!
Missing character: There is no p in font nullfont!
Missing character: There is no a in font nullfont!
Missing character: There is no r in font nullfont!
Missing character: There is no a in font nullfont!
Missing character: There is no a in font nullfont!
Missing character: There is no c in font nullfont!
Missing character: There is no t in font nullfont!
Missing character: There is no u in font nullfont!
Missing character: There is no a in font nullfont!
Missing character: There is no l in font nullfont!
Missing character: There is no i in font nullfont!
Missing character: There is no z in font nullfont!
Missing character: There is no a in font nullfont!
Missing character: There is no r in font nullfont!
Missing character: There is no l in font nullfont!
Missing character: There is no a in font nullfont!
Missing character: There is no r in font nullfont!
Missing character: There is no e in font nullfont!
Missing character: There is no p in font nullfont!
Missing character: There is no r in font nullfont!
Missing character: There is no e in font nullfont!
Missing character: There is no s in font nullfont!
Missing character: There is no e in font nullfont!
Missing character: There is no n in font nullfont!
Missing character: There is no t in font nullfont!
Missing character: There is no a in font nullfont!
Missing character: There is no c in font nullfont!
Missing character: There is no i in font nullfont!
Missing character: There is no n in font nullfont!
Missing character: There is no d in font nullfont!
Missing character: There is no e in font nullfont!
Missing character: There is no l in font nullfont!
Missing character: There is no n in font nullfont!
Missing character: There is no o in font nullfont!
Missing character: There is no d in font nullfont!
Missing character: There is no o in font nullfont!
Missing character: There is no c in font nullfont!
Missing character: There is no e in font nullfont!
Missing character: There is no n in font nullfont!
Missing character: There is no t in font nullfont!
Missing character: There is no r in font nullfont!
Missing character: There is no a in font nullfont!
Missing character: There is no l in font nullfont!
Missing character: There is no , in font nullfont!
Missing character: There is no a in font nullfont!
Missing character: There is no p in font nullfont!
Missing character: There is no r in font nullfont!
Missing character: There is no o in font nullfont!
Missing character: There is no v in font nullfont!
Missing character: There is no e in font nullfont!
Missing character: There is no c in font nullfont!
Missing character: There is no h in font nullfont!
Missing character: There is no a in font nullfont!
Missing character: There is no n in font nullfont!
Missing character: There is no d in font nullfont!
Missing character: There is no o in font nullfont!
Missing character: There is no l in font nullfont!
Missing character: There is no a in font nullfont!
Missing character: There is no s in font nullfont!
Missing character: There is no s in font nullfont!
Missing character: There is no i in font nullfont!
Missing character: There is no m in font nullfont!
Missing character: There is no e in font nullfont!
Missing character: There is no t in font nullfont!
Missing character: There is no r in font nullfont!
Missing character: There is no a in font nullfont!
Missing character: There is no s in font nullfont!
Missing character: There is no p in font nullfont!
Missing character: There is no r in font nullfont!
Missing character: There is no e in font nullfont!
Missing character: There is no s in font nullfont!
Missing character: There is no e in font nullfont!
Missing character: There is no n in font nullfont!
Missing character: There is no t in font nullfont!
Missing character: There is no e in font nullfont!
Missing character: There is no s in font nullfont!
Missing character: There is no e in font nullfont!
Missing character: There is no n in font nullfont!
Missing character: There is no l in font nullfont!
Missing character: There is no a in font nullfont!
Missing character: There is no s in font nullfont!
Missing character: There is no g in font nullfont!
Missing character: There is no r in font nullfont!
Missing character: There is no f in font nullfont!
Missing character: There is no i in font nullfont!
Missing character: There is no c in font nullfont!
Missing character: There is no a in font nullfont!
Missing character: There is no s in font nullfont!
Missing character: There is no . in font nullfont!
! Undefined control sequence.
l.566 \subsection
                 {Redes Gr^^c3^^a1ficas Convolucionales (GCNs)}
The control sequence at the end of the top line
of your error message was never \def'ed. If you have
misspelled it (e.g., `\hobx'), type `I' and the correct
spelling (e.g., `I\hbox'). Otherwise just continue,
and I'll forget about whatever was undefined.

Missing character: There is no R in font nullfont!
Missing character: There is no e in font nullfont!
Missing character: There is no d in font nullfont!
Missing character: There is no e in font nullfont!
Missing character: There is no s in font nullfont!
Missing character: There is no G in font nullfont!
Missing character: There is no r in font nullfont!
Missing character: There is no f in font nullfont!
Missing character: There is no i in font nullfont!
Missing character: There is no c in font nullfont!
Missing character: There is no a in font nullfont!
Missing character: There is no s in font nullfont!
Missing character: There is no C in font nullfont!
Missing character: There is no o in font nullfont!
Missing character: There is no n in font nullfont!
Missing character: There is no v in font nullfont!
Missing character: There is no o in font nullfont!
Missing character: There is no l in font nullfont!
Missing character: There is no u in font nullfont!
Missing character: There is no c in font nullfont!
Missing character: There is no i in font nullfont!
Missing character: There is no o in font nullfont!
Missing character: There is no n in font nullfont!
Missing character: There is no a in font nullfont!
Missing character: There is no l in font nullfont!
Missing character: There is no e in font nullfont!
Missing character: There is no s in font nullfont!
Missing character: There is no ( in font nullfont!
Missing character: There is no G in font nullfont!
Missing character: There is no C in font nullfont!
Missing character: There is no N in font nullfont!
Missing character: There is no s in font nullfont!
Missing character: There is no ) in font nullfont!

Overfull \hbox (23.22348pt too wide) in paragraph at lines 565--567
         \OT1/cmr/bx/n/10 mes-
 []


Overfull \hbox (21.14708pt too wide) in paragraph at lines 565--567
\OT1/cmr/bx/n/10 sage
 []


Overfull \hbox (24.88454pt too wide) in paragraph at lines 565--567
\OT1/cmr/bx/n/10 pass-
 []


Overfull \hbox (15.33325pt too wide) in paragraph at lines 565--567
\OT1/cmr/bx/n/10 ing
 []


Overfull \hbox (5.00002pt too wide) in paragraph at lines 565--567
\/cmr/m/n/10 ^^So
 []


Overfull \hbox (2.77779pt too wide) in paragraph at lines 565--567
\/cmr/m/n/10 ^^S^^P
 []


Overfull \hbox (5.00002pt too wide) in paragraph at lines 565--567
\/cmr/m/n/10 ^^Sa
 []


Overfull \hbox (5.00002pt too wide) in paragraph at lines 565--567
\/cmr/m/n/10 ^^Sa
 []


! LaTeX Error: Environment definition undefined.

See the LaTeX manual or LaTeX Companion for explanation.
Type  H <return>  for immediate help.
 ...                                              
                                                  
l.568 \begin{definition}
                        Arquitectura de una GNN]
Your command was ignored.
Type  I <command> <return>  to replace it with another command,
or  <return>  to continue without it.

Missing character: There is no A in font nullfont!
Missing character: There is no r in font nullfont!
Missing character: There is no q in font nullfont!
Missing character: There is no u in font nullfont!
Missing character: There is no i in font nullfont!
Missing character: There is no t in font nullfont!
Missing character: There is no e in font nullfont!
Missing character: There is no c in font nullfont!
Missing character: There is no t in font nullfont!
Missing character: There is no u in font nullfont!
Missing character: There is no r in font nullfont!
Missing character: There is no a in font nullfont!
Missing character: There is no d in font nullfont!
Missing character: There is no e in font nullfont!
Missing character: There is no u in font nullfont!
Missing character: There is no n in font nullfont!
Missing character: There is no a in font nullfont!
Missing character: There is no G in font nullfont!
Missing character: There is no N in font nullfont!
Missing character: There is no N in font nullfont!
Missing character: There is no ] in font nullfont!
Missing character: There is no S in font nullfont!
Missing character: There is no e in font nullfont!
Missing character: There is no a in font nullfont!
Missing character: There is no u in font nullfont!
Missing character: There is no n in font nullfont!
Missing character: There is no a in font nullfont!
Missing character: There is no g in font nullfont!
Missing character: There is no r in font nullfont!
Missing character: There is no f in font nullfont!
Missing character: There is no i in font nullfont!
Missing character: There is no c in font nullfont!
Missing character: There is no a in font nullfont!
Missing character: There is no , in font nullfont!
Missing character: There is no s in font nullfont!
Missing character: There is no u in font nullfont!
Missing character: There is no m in font nullfont!
Missing character: There is no a in font nullfont!
Missing character: There is no t in font nullfont!
Missing character: There is no r in font nullfont!
Missing character: There is no i in font nullfont!
Missing character: There is no z in font nullfont!
Missing character: There is no d in font nullfont!
Missing character: There is no e in font nullfont!
Missing character: There is no a in font nullfont!
Missing character: There is no d in font nullfont!
Missing character: There is no y in font nullfont!
Missing character: There is no a in font nullfont!
Missing character: There is no c in font nullfont!
Missing character: There is no e in font nullfont!
Missing character: There is no n in font nullfont!
Missing character: There is no c in font nullfont!
Missing character: There is no i in font nullfont!
Missing character: There is no a in font nullfont!
Missing character: There is no u in font nullfont!
Missing character: There is no n in font nullfont!
Missing character: There is no a in font nullfont!
Missing character: There is no f in font nullfont!
Missing character: There is no u in font nullfont!
Missing character: There is no n in font nullfont!
Missing character: There is no c in font nullfont!
Missing character: There is no i in font nullfont!
Missing character: There is no n in font nullfont!
Missing character: There is no d in font nullfont!
Missing character: There is no e in font nullfont!
Missing character: There is no a in font nullfont!
Missing character: There is no c in font nullfont!
Missing character: There is no t in font nullfont!
Missing character: There is no i in font nullfont!
Missing character: There is no v in font nullfont!
Missing character: There is no a in font nullfont!
Missing character: There is no c in font nullfont!
Missing character: There is no i in font nullfont!
Missing character: There is no n in font nullfont!
Missing character: There is no , in font nullfont!
Missing character: There is no l in font nullfont!
Missing character: There is no o in font nullfont!
Missing character: There is no s in font nullfont!
Missing character: There is no p in font nullfont!
Missing character: There is no a in font nullfont!
Missing character: There is no r in font nullfont!
Missing character: There is no m in font nullfont!
Missing character: There is no e in font nullfont!
Missing character: There is no t in font nullfont!
Missing character: There is no r in font nullfont!
Missing character: There is no o in font nullfont!
Missing character: There is no s in font nullfont!
Missing character: There is no d in font nullfont!
Missing character: There is no e in font nullfont!
Missing character: There is no l in font nullfont!
Missing character: There is no a in font nullfont!
Missing character: There is no r in font nullfont!
Missing character: There is no e in font nullfont!
Missing character: There is no d in font nullfont!
Missing character: There is no , in font nullfont!
Missing character: There is no e in font nullfont!
Missing character: There is no n in font nullfont!
Missing character: There is no t in font nullfont!
Missing character: There is no o in font nullfont!
Missing character: There is no n in font nullfont!
Missing character: There is no c in font nullfont!
Missing character: There is no e in font nullfont!
Missing character: There is no s in font nullfont!
Missing character: There is no l in font nullfont!
Missing character: There is no a in font nullfont!
Missing character: There is no a in font nullfont!
Missing character: There is no r in font nullfont!
Missing character: There is no q in font nullfont!
Missing character: There is no u in font nullfont!
Missing character: There is no i in font nullfont!
Missing character: There is no t in font nullfont!
Missing character: There is no e in font nullfont!
Missing character: There is no c in font nullfont!
Missing character: There is no t in font nullfont!
Missing character: There is no u in font nullfont!
Missing character: There is no r in font nullfont!
Missing character: There is no a in font nullfont!
Missing character: There is no d in font nullfont!
Missing character: There is no e in font nullfont!
Missing character: There is no u in font nullfont!
Missing character: There is no n in font nullfont!
Missing character: There is no a in font nullfont!
Missing character: There is no G in font nullfont!
Missing character: There is no C in font nullfont!
Missing character: There is no N in font nullfont!
Missing character: There is no e in font nullfont!
Missing character: There is no s in font nullfont!
Missing character: There is no t in font nullfont!
Missing character: There is no d in font nullfont!
Missing character: There is no e in font nullfont!
Missing character: There is no f in font nullfont!
Missing character: There is no i in font nullfont!
Missing character: There is no n in font nullfont!
Missing character: There is no i in font nullfont!
Missing character: There is no d in font nullfont!
Missing character: There is no a in font nullfont!
Missing character: There is no p in font nullfont!
Missing character: There is no o in font nullfont!
Missing character: There is no r in font nullfont!
Missing character: There is no : in font nullfont!

! LaTeX Error: Environment align* undefined.

See the LaTeX manual or LaTeX Companion for explanation.
Type  H <return>  for immediate help.
 ...                                              
                                                  
l.570 \begin{align*}
                    
Your command was ignored.
Type  I <command> <return>  to replace it with another command,
or  <return>  to continue without it.


! LaTeX Error: \mathbf allowed only in math mode.

See the LaTeX manual or LaTeX Companion for explanation.
Type  H <return>  for immediate help.
 ...                                              
                                                  
l.571 \mathbf{H}
                _1 &=  \mathbf{F}[\mathbf{X},\mathbf{A},\Phi_0] \\
You're in trouble here.  Try typing  <return>  to proceed.
If that doesn't work, type  X <return>  to quit.

Missing character: There is no H in font nullfont!
! Missing $ inserted.
<inserted text> 
                $
l.571 \mathbf{H}_
                 1 &=  \mathbf{F}[\mathbf{X},\mathbf{A},\Phi_0] \\
I've inserted a begin-math/end-math symbol since I think
you left one out. Proceed, with fingers crossed.

! Misplaced alignment tab character &.
l.571 \mathbf{H}_1 &
                    =  \mathbf{F}[\mathbf{X},\mathbf{A},\Phi_0] \\
I can't figure out why you would want to use a tab mark
here. If you just want an ampersand, the remedy is
simple: Just type `I\&' now. But if some right brace
up above has ended a previous alignment prematurely,
you're probably due for more error messages, and you
might try typing `S' now just to see what is salvageable.

! Misplaced alignment tab character &.
l.572 \mathbf{H}_2 &
                    =  \mathbf{F}[\mathbf{H}_!,\mathbf{A},\Phi_1]\\
I can't figure out why you would want to use a tab mark
here. If you just want an ampersand, the remedy is
simple: Just type `I\&' now. But if some right brace
up above has ended a previous alignment prematurely,
you're probably due for more error messages, and you
might try typing `S' now just to see what is salvageable.

Missing character: There is no . in font nullfont!
Missing character: There is no . in font nullfont!
Missing character: There is no . in font nullfont!
! Misplaced alignment tab character &.
l.573 \vdots &
              = \vdots \\
I can't figure out why you would want to use a tab mark
here. If you just want an ampersand, the remedy is
simple: Just type `I\&' now. But if some right brace
up above has ended a previous alignment prematurely,
you're probably due for more error messages, and you
might try typing `S' now just to see what is salvageable.

Missing character: There is no . in font nullfont!
Missing character: There is no . in font nullfont!
Missing character: There is no . in font nullfont!
! Misplaced alignment tab character &.
l.574 \mathbf{H}_K &
                    = \mathbf{F}[\mathbf{H}_{K-1},\mathbf{A},\Phi_{K-1}]
I can't figure out why you would want to use a tab mark
here. If you just want an ampersand, the remedy is
simple: Just type `I\&' now. But if some right brace
up above has ended a previous alignment prematurely,
you're probably due for more error messages, and you
might try typing `S' now just to see what is salvageable.


! LaTeX Error: \begin{document} ended by \end{align*}.

See the LaTeX manual or LaTeX Companion for explanation.
Type  H <return>  for immediate help.
 ...                                              
                                                  
l.575 \end{align*}
                  
Your command was ignored.
Type  I <command> <return>  to replace it with another command,
or  <return>  to continue without it.

! Missing $ inserted.
<inserted text> 
                $
l.575 \end{align*}
                  
I've inserted something that you may have forgotten.
(See the <inserted text> above.)
With luck, this will get me unwedged. But if you
really didn't forget anything, try typing `2' now; then
my insertion and my current dilemma will both disappear.

Missing character: There is no D in font nullfont!
Missing character: There is no o in font nullfont!
Missing character: There is no n in font nullfont!
Missing character: There is no d in font nullfont!
Missing character: There is no e in font nullfont!
Missing character: There is no e in font nullfont!
Missing character: There is no s in font nullfont!
Missing character: There is no l in font nullfont!
Missing character: There is no a in font nullfont!
Missing character: There is no e in font nullfont!
Missing character: There is no n in font nullfont!
Missing character: There is no t in font nullfont!
Missing character: There is no r in font nullfont!
Missing character: There is no a in font nullfont!
Missing character: There is no d in font nullfont!
Missing character: There is no a in font nullfont!
Missing character: There is no y in font nullfont!
Missing character: There is no c in font nullfont!
Missing character: There is no o in font nullfont!
Missing character: There is no n in font nullfont!
Missing character: There is no t in font nullfont!
Missing character: There is no i in font nullfont!
Missing character: There is no e in font nullfont!
Missing character: There is no n in font nullfont!
Missing character: There is no e in font nullfont!
Missing character: There is no l in font nullfont!
Missing character: There is no o in font nullfont!
Missing character: There is no s in font nullfont!
Missing character: There is no e in font nullfont!
Missing character: There is no n in font nullfont!
Missing character: There is no c in font nullfont!
Missing character: There is no a in font nullfont!
Missing character: There is no j in font nullfont!
Missing character: There is no e in font nullfont!
Missing character: There is no s in font nullfont!
Missing character: There is no d in font nullfont!
Missing character: There is no e in font nullfont!
Missing character: There is no n in font nullfont!
Missing character: There is no o in font nullfont!
Missing character: There is no d in font nullfont!
Missing character: There is no o in font nullfont!
Missing character: There is no s in font nullfont!
Missing character: There is no m in font nullfont!
Missing character: There is no o in font nullfont!
Missing character: There is no d in font nullfont!
Missing character: There is no i in font nullfont!
Missing character: There is no f in font nullfont!
Missing character: There is no i in font nullfont!
Missing character: There is no c in font nullfont!
Missing character: There is no a in font nullfont!
Missing character: There is no d in font nullfont!
Missing character: There is no o in font nullfont!
Missing character: There is no s in font nullfont!
Missing character: There is no . in font nullfont!

! LaTeX Error: \begin{document} ended by \end{definition}.

See the LaTeX manual or LaTeX Companion for explanation.
Type  H <return>  for immediate help.
 ...                                              
                                                  
l.577 \end{definition}
                      
Your command was ignored.
Type  I <command> <return>  to replace it with another command,
or  <return>  to continue without it.


Overfull \hbox (20.0pt too wide) in paragraph at lines 568--578
[]
 []


Overfull \hbox (7.86249pt too wide) in paragraph at lines 568--578
\OML/cmm/m/it/10 G$
 []


Overfull \hbox (5.00002pt too wide) in paragraph at lines 568--578
\/cmr/m/n/10 ^^Sa
 []


Overfull \hbox (7.50002pt too wide) in paragraph at lines 568--578
\OML/cmm/m/it/10 A$
 []


Overfull \hbox (7.23607pt too wide) in paragraph at lines 568--578
\OT1/cmr/bx/n/10 F$
 []


Overfull \hbox (5.00002pt too wide) in paragraph at lines 568--578
\/cmr/m/n/10 ^^So
 []


Overfull \hbox (5.00002pt too wide) in paragraph at lines 568--578
\/cmr/m/n/10 ^^So
 []


Overfull \hbox (7.22223pt too wide) in paragraph at lines 568--578
\/cmr/m/n/10 ^^H$
 []


Overfull \hbox (5.00002pt too wide) in paragraph at lines 568--578
\/cmr/m/n/10 ^^Sa
 []


Overfull \hbox (5.00002pt too wide) in paragraph at lines 568--578
\/cmr/m/n/10 ^^Sa
 []


Overfull \hbox (15.04164pt too wide) in paragraph at lines 568--578
[] \/cmr/m/n/10 =
 []


Overfull \hbox (50.77762pt too wide) in paragraph at lines 568--578
\OT1/cmr/bx/n/10 F\/cmr/m/n/10 [\OT1/cmr/bx/n/10 X\OML/cmm/m/it/10 ; \OT1/cmr/b
x/n/10 A\OML/cmm/m/it/10 ; \/cmr/m/n/10 ^^H[]][] 
 []


Overfull \hbox (24.0416pt too wide) in paragraph at lines 568--578
\OT1/cmr/bx/n/10 H[] \/cmr/m/n/10 =
 []


Overfull \hbox (53.84708pt too wide) in paragraph at lines 568--578
\OT1/cmr/bx/n/10 F\/cmr/m/n/10 [\OT1/cmr/bx/n/10 H[]\OML/cmm/m/it/10 ; \OT1/cmr
/bx/n/10 A\OML/cmm/m/it/10 ; \/cmr/m/n/10 ^^H[]][] 
 []


Overfull \hbox (10.55551pt too wide) in paragraph at lines 568--578
[] \/cmr/m/n/10 =
 []


Overfull \hbox (27.26523pt too wide) in paragraph at lines 568--578
\OT1/cmr/bx/n/10 H[] \/cmr/m/n/10 =
 []


Overfull \hbox (82.48886pt too wide) in paragraph at lines 568--578
\OT1/cmr/bx/n/10 F\/cmr/m/n/10 [\OT1/cmr/bx/n/10 H[]\OML/cmm/m/it/10 ; \OT1/cmr
/bx/n/10 A\OML/cmm/m/it/10 ; \/cmr/m/n/10 ^^H[]]$
 []


Overfull \hbox (8.6944pt too wide) in paragraph at lines 568--578
\OT1/cmr/bx/n/10 X$
 []


Overfull \hbox (16.70972pt too wide) in paragraph at lines 568--578
\OT1/cmr/bx/n/10 H[]$
 []


! LaTeX Error: Environment definition undefined.

See the LaTeX manual or LaTeX Companion for explanation.
Type  H <return>  for immediate help.
 ...                                              
                                                  
l.579 \begin{definition}
                        [Equivarianza]
Your command was ignored.
Type  I <command> <return>  to replace it with another command,
or  <return>  to continue without it.

Missing character: There is no [ in font nullfont!
Missing character: There is no E in font nullfont!
Missing character: There is no q in font nullfont!
Missing character: There is no u in font nullfont!
Missing character: There is no i in font nullfont!
Missing character: There is no v in font nullfont!
Missing character: There is no a in font nullfont!
Missing character: There is no r in font nullfont!
Missing character: There is no i in font nullfont!
Missing character: There is no a in font nullfont!
Missing character: There is no n in font nullfont!
Missing character: There is no z in font nullfont!
Missing character: There is no a in font nullfont!
Missing character: There is no ] in font nullfont!
Missing character: There is no S in font nullfont!
Missing character: There is no e in font nullfont!
Missing character: There is no a in font nullfont!
Missing character: There is no u in font nullfont!
Missing character: There is no n in font nullfont!
Missing character: There is no a in font nullfont!
Missing character: There is no f in font nullfont!
Missing character: There is no u in font nullfont!
Missing character: There is no n in font nullfont!
Missing character: There is no c in font nullfont!
Missing character: There is no i in font nullfont!
Missing character: There is no n in font nullfont!
Missing character: There is no d in font nullfont!
Missing character: There is no e in font nullfont!
Missing character: There is no a in font nullfont!
Missing character: There is no c in font nullfont!
Missing character: There is no t in font nullfont!
Missing character: There is no i in font nullfont!
Missing character: There is no v in font nullfont!
Missing character: There is no a in font nullfont!
Missing character: There is no c in font nullfont!
Missing character: There is no i in font nullfont!
Missing character: There is no n in font nullfont!
Missing character: There is no l in font nullfont!
Missing character: There is no a in font nullfont!
Missing character: There is no m in font nullfont!
Missing character: There is no a in font nullfont!
Missing character: There is no t in font nullfont!
Missing character: There is no r in font nullfont!
Missing character: There is no i in font nullfont!
Missing character: There is no z in font nullfont!
Missing character: There is no d in font nullfont!
Missing character: There is no e in font nullfont!
Missing character: There is no e in font nullfont!
Missing character: There is no n in font nullfont!
Missing character: There is no c in font nullfont!
Missing character: There is no a in font nullfont!
Missing character: There is no j in font nullfont!
Missing character: There is no e in font nullfont!
Missing character: There is no s in font nullfont!
Missing character: There is no o in font nullfont!
Missing character: There is no c in font nullfont!
Missing character: There is no u in font nullfont!
Missing character: There is no l in font nullfont!
Missing character: There is no t in font nullfont!
Missing character: There is no o in font nullfont!
Missing character: There is no s in font nullfont!
Missing character: There is no d in font nullfont!
Missing character: There is no e in font nullfont!
Missing character: There is no n in font nullfont!
Missing character: There is no o in font nullfont!
Missing character: There is no d in font nullfont!
Missing character: There is no o in font nullfont!
Missing character: There is no s in font nullfont!
Missing character: There is no , in font nullfont!
Missing character: There is no u in font nullfont!
Missing character: There is no n in font nullfont!
Missing character: There is no a in font nullfont!
Missing character: There is no m in font nullfont!
Missing character: There is no a in font nullfont!
Missing character: There is no t in font nullfont!
Missing character: There is no r in font nullfont!
Missing character: There is no i in font nullfont!
Missing character: There is no z in font nullfont!
Missing character: There is no d in font nullfont!
Missing character: There is no e in font nullfont!
Missing character: There is no p in font nullfont!
Missing character: There is no e in font nullfont!
Missing character: There is no r in font nullfont!
Missing character: There is no m in font nullfont!
Missing character: There is no u in font nullfont!
Missing character: There is no t in font nullfont!
Missing character: There is no a in font nullfont!
Missing character: There is no c in font nullfont!
Missing character: There is no i in font nullfont!
Missing character: There is no n in font nullfont!
Missing character: There is no , in font nullfont!
Missing character: There is no d in font nullfont!
Missing character: There is no e in font nullfont!
Missing character: There is no c in font nullfont!
Missing character: There is no i in font nullfont!
Missing character: There is no m in font nullfont!
Missing character: There is no o in font nullfont!
Missing character: There is no s in font nullfont!
Missing character: There is no q in font nullfont!
Missing character: There is no u in font nullfont!
Missing character: There is no e in font nullfont!
Missing character: There is no u in font nullfont!
Missing character: There is no n in font nullfont!
Missing character: There is no a in font nullfont!
Missing character: There is no c in font nullfont!
Missing character: There is no a in font nullfont!
Missing character: There is no p in font nullfont!
Missing character: There is no a in font nullfont!
Missing character: There is no e in font nullfont!
Missing character: There is no s in font nullfont!
Missing character: There is no e in font nullfont!
Missing character: There is no q in font nullfont!
Missing character: There is no u in font nullfont!
Missing character: There is no i in font nullfont!
Missing character: There is no v in font nullfont!
Missing character: There is no a in font nullfont!
Missing character: There is no r in font nullfont!
Missing character: There is no i in font nullfont!
Missing character: There is no a in font nullfont!
Missing character: There is no n in font nullfont!
Missing character: There is no t in font nullfont!
Missing character: There is no e in font nullfont!
Missing character: There is no s in font nullfont!
Missing character: There is no i in font nullfont!
Missing character: There is no : in font nullfont!

Overfull \hbox (20.0pt too wide) in paragraph at lines 579--581
[]
 []


Overfull \hbox (7.23607pt too wide) in paragraph at lines 579--581
\OT1/cmr/bx/n/10 F$
 []


Overfull \hbox (5.00002pt too wide) in paragraph at lines 579--581
\/cmr/m/n/10 ^^So
 []


Overfull \hbox (5.00002pt too wide) in paragraph at lines 579--581
\/cmr/m/n/10 ^^So
 []


Overfull \hbox (8.99995pt too wide) in paragraph at lines 579--581
\OT1/cmr/bx/n/10 H$
 []


Overfull \hbox (7.86107pt too wide) in paragraph at lines 579--581
\OT1/cmr/bx/n/10 P$
 []


Overfull \hbox (5.00002pt too wide) in paragraph at lines 579--581
\/cmr/m/n/10 ^^So
 []


Overfull \hbox (139.92848pt too wide) detected at line 583
\OT1/cmr/bx/n/10 H[]P \/cmr/m/n/10 = \OT1/cmr/bx/n/10 F\/cmr/m/n/10 [\OT1/cmr/b
x/n/10 H[]P\OML/cmm/m/it/10 ; \OT1/cmr/bx/n/10 P[]AP\OML/cmm/m/it/10 ; \/cmr/m/
n/10 ^^H[]]
 []

Missing character: There is no D in font nullfont!
Missing character: There is no o in font nullfont!
Missing character: There is no n in font nullfont!
Missing character: There is no d in font nullfont!
Missing character: There is no e in font nullfont!
Missing character: There is no e in font nullfont!
Missing character: There is no s in font nullfont!
Missing character: There is no l in font nullfont!
Missing character: There is no a in font nullfont!
Missing character: There is no m in font nullfont!
Missing character: There is no a in font nullfont!
Missing character: There is no t in font nullfont!
Missing character: There is no r in font nullfont!
Missing character: There is no i in font nullfont!
Missing character: There is no z in font nullfont!
Missing character: There is no d in font nullfont!
Missing character: There is no e in font nullfont!
Missing character: There is no a in font nullfont!
Missing character: There is no d in font nullfont!
Missing character: There is no y in font nullfont!
Missing character: There is no a in font nullfont!
Missing character: There is no c in font nullfont!
Missing character: There is no e in font nullfont!
Missing character: There is no n in font nullfont!
Missing character: There is no c in font nullfont!
Missing character: There is no i in font nullfont!
Missing character: There is no a in font nullfont!
Missing character: There is no p in font nullfont!
Missing character: There is no a in font nullfont!
Missing character: There is no r in font nullfont!
Missing character: There is no a in font nullfont!
Missing character: There is no l in font nullfont!
Missing character: There is no a in font nullfont!
Missing character: There is no g in font nullfont!
Missing character: There is no r in font nullfont!
Missing character: There is no f in font nullfont!
Missing character: There is no i in font nullfont!
Missing character: There is no c in font nullfont!
Missing character: There is no a in font nullfont!

Overfull \hbox (7.50002pt too wide) in paragraph at lines 583--585
 $\OML/cmm/m/it/10 A$
 []


Overfull \hbox (5.00002pt too wide) in paragraph at lines 583--585
\/cmr/m/n/10 ^^Sa
 []


Overfull \hbox (7.86249pt too wide) in paragraph at lines 583--585
\OML/cmm/m/it/10 G$ 
 []


! LaTeX Error: \begin{document} ended by \end{definition}.

See the LaTeX manual or LaTeX Companion for explanation.
Type  H <return>  for immediate help.
 ...                                              
                                                  
l.586 \end{definition}
                      
Your command was ignored.
Type  I <command> <return>  to replace it with another command,
or  <return>  to continue without it.

)
! Emergency stop.
<*> ./3_GNNs.tex
                
*** (job aborted, no legal \end found)

 
Here is how much of TeX's memory you used:
 73 strings out of 478906
 975 string characters out of 2851448
 321744 words of memory out of 3000000
 18025 multiletter control sequences out of 15000+600000
 406187 words of font info for 36 fonts, out of 8000000 for 9000
 1141 hyphenation exceptions out of 8191
 24i,8n,32p,726b,172s stack positions out of 5000i,500n,10000p,200000b,80000s
!  ==> Fatal error occurred, no output PDF file produced!
